shipment_id,supplier,product_category,origin,destination,order_quantity,inventory_level,lead_time,historical_lead_time,shipping_mode,distance_km,transportation_cost,previous_delays,weather_condition,demand_level,supplier_reliability,warehouse_capacity,fuel_price,customs_delay,priority,delay,delay_days
SHP100001,Supplier_D,Electronics,Vietnam,India,1488,4796.0,3,6,Road,13990,2932.63,7,Storm,Medium,0.71,6487,80.47,4,Medium,1,21
SHP100002,Supplier_E,Medical,India,USA,1018,4140.0,5,10,Air,2154,1560.62,5,Storm,Medium,0.801,6179,78.82,5,Medium,1,22
SHP100003,Supplier_C,Electronics,Vietnam,Germany,533,1155.0,19,20,Road,13644,2357.73,1,Clear,Low,0.892,4353,95.81,2,High,0,7
SHP100004,Supplier_E,Raw_Materials,China,UK,1510,4731.0,11,22,Air,10184,2548.38,7,Clear,Medium,0.738,7380,88.87,5,High,1,25
SHP100005,Supplier_E,Medical,India,Canada,295,2982.0,37,28,Rail,2915,1418.42,3,Clear,Medium,0.768,7781,94.58,3,Medium,1,18
SHP100006,Supplier_B,Raw_Materials,India,Germany,1931,178.0,42,19,Sea,4774,3791.66,0,Snow,Medium,0.855,7060,79.8,2,Medium,0,9
SHP100007,Supplier_C,Consumer_Goods,USA,USA,1081,4401.0,37,18,Sea,5296,1907.38,3,Clear,Medium,0.976,8212,87.51,5,Medium,0,13
SHP100008,Supplier_C,Raw_Materials,Vietnam,Canada,201,4376.0,11,20,Air,4684,1160.51,0,Storm,Low,0.783,6919,119.82,5,Medium,0,12
SHP100009,Supplier_C,Consumer_Goods,India,India,1465,3618.0,19,9,Sea,5121,2721.33,6,Clear,High,0.841,6860,88.4,2,Medium,1,19
SHP100010,Supplier_E,Consumer_Goods,India,UK,260,2452.0,3,3,Rail,6330,1281.41,1,Snow,Medium,0.816,2770,90.64,0,Medium,0,11
SHP100011,Supplier_D,Raw_Materials,USA,USA,416,1697.0,18,30,Air,10079,459.25,4,Clear,High,0.96,6910,70.99,3,Medium,1,17
SHP100012,Supplier_C,Raw_Materials,USA,UK,993,3606.0,7,3,Sea,10282,2782.2,1,Clear,Medium,0.721,1194,89.04,0,High,0,5
SHP100013,Supplier_E,Consumer_Goods,Vietnam,Canada,1743,3941.0,26,20,Rail,12609,3513.64,2,Rain,Medium,0.864,9766,108.17,5,High,0,14
SHP100014,Supplier_B,Medical,China,Germany,1643,2243.0,13,6,Sea,10752,3793.81,3,Snow,Low,0.945,6854,95.78,0,High,0,11
SHP100015,Supplier_D,Consumer_Goods,China,UK,135,2097.0,53,25,Sea,2731,917.45,4,Snow,Low,0.987,6914,102.85,4,Medium,0,19
SHP100016,Supplier_B,Automotive,Germany,India,1128,3154.0,45,22,Sea,6445,3532.48,3,Rain,High,0.903,5686,97.83,1,Medium,0,14
SHP100017,Supplier_D,Consumer_Goods,India,USA,1786,4405.0,46,23,Sea,8196,3765.67,5,Rain,High,0.81,5643,75.27,2,Medium,1,20
SHP100018,Supplier_E,Medical,Vietnam,India,1707,2184.0,11,22,Air,10560,2277.17,0,Rain,Medium,0.819,9580,86.61,3,Low,0,13
SHP100019,Supplier_A,Automotive,India,UK,495,892.0,4,6,Air,6400,1505.78,2,Rain,Medium,0.802,8874,104.71,2,Medium,1,15
SHP100020,Supplier_D,Electronics,Vietnam,Germany,669,2021.0,28,27,Road,7448,1800.29,2,Storm,Medium,0.875,2752,97.4,0,High,0,10
SHP100021,Supplier_B,Electronics,Vietnam,Germany,353,4410.0,11,8,Rail,5944,1331.42,3,Clear,Medium,0.914,1660,103.75,1,Low,0,10
SHP100022,Supplier_E,Medical,Vietnam,India,181,3953.0,15,30,Air,2276,1746.14,6,Rain,Medium,0.938,6615,88.01,0,Medium,0,12
SHP100023,Supplier_D,Consumer_Goods,India,Canada,1494,3663.0,3,5,Air,5462,1663.33,2,Clear,Medium,0.821,3832,79.68,2,Low,0,12
SHP100024,Supplier_A,Raw_Materials,USA,Canada,953,441.0,13,8,Sea,8197,2908.39,7,Rain,High,0.908,9488,111.49,4,High,1,18
SHP100025,Supplier_A,Medical,India,Germany,1458,2329.0,18,15,Road,13583,3037.72,3,Storm,Medium,0.966,6613,88.82,2,Medium,1,14
SHP100026,Supplier_C,Automotive,Vietnam,India,1037,950.0,50,25,Sea,13914,3588.86,0,Clear,Medium,0.967,7970,,0,Medium,0,7
SHP100027,Supplier_C,Automotive,Germany,India,1271,4733.0,10,9,Rail,5699,2932.34,0,Clear,High,0.904,7870,89.06,3,Medium,0,8
SHP100028,Supplier_B,Electronics,China,India,96,2544.0,12,26,Air,9168,2050.39,3,Clear,Medium,0.885,1330,116.36,3,Medium,1,15
SHP100029,Supplier_D,Automotive,Vietnam,UK,1813,1202.0,9,6,Rail,14705,4170.09,1,Clear,Low,0.854,7777,119.6,3,Medium,0,10
SHP100030,Supplier_D,Medical,Germany,Canada,806,1344.0,9,3,Sea,11784,3362.37,1,Clear,Low,0.753,6401,102.45,3,Medium,0,12
SHP100031,Supplier_C,Automotive,USA,Canada,1276,515.0,9,8,Road,4358,2450.95,0,Storm,Medium,0.736,7915,100.11,3,Medium,0,13
SHP100032,Supplier_D,Medical,Vietnam,UK,1334,2225.0,53,26,Sea,9246,2785.7,4,Rain,High,0.841,4866,112.04,5,High,1,20
SHP100033,Supplier_D,Raw_Materials,Germany,USA,739,3295.0,6,7,Road,4219,1487.47,7,Storm,High,0.746,7113,95.81,1,Medium,1,20
SHP100034,Supplier_A,Electronics,Vietnam,UK,1097,537.0,11,15,Air,6740,2410.24,1,Clear,Medium,0.867,8426,113.48,1,Low,0,8
SHP100035,Supplier_C,Automotive,India,India,736,2988.0,10,21,Air,4388,1341.21,3,Storm,Low,0.887,2585,90.65,4,Medium,1,16
SHP100036,Supplier_E,Medical,Germany,UK,835,2676.0,12,6,Sea,977,1415.2,0,Rain,Low,0.852,3940,71.59,3,Medium,0,14
SHP100037,Supplier_C,Consumer_Goods,India,India,389,999.0,34,26,Rail,4585,1918.41,2,Clear,Medium,0.711,7289,116.33,0,Medium,0,13
SHP100038,Supplier_E,Electronics,India,Germany,461,4551.0,11,8,Road,2644,2066.82,2,Rain,High,0.717,7405,106.08,0,Low,0,12
SHP100039,Supplier_A,Raw_Materials,Germany,India,1334,1099.0,31,15,Sea,5159,3098.81,6,Snow,High,0.733,2502,95.54,2,Medium,1,20
SHP100040,Supplier_B,Medical,China,Canada,335,4125.0,16,7,Sea,10468,3501.85,7,Clear,Low,0.745,1745,117.24,3,Low,1,22
SHP100041,Supplier_D,Raw_Materials,Germany,UK,1586,4509.0,6,15,Air,7264,2632.7,1,Rain,High,0.987,3612,114.34,0,High,0,5
SHP100042,Supplier_A,Raw_Materials,China,India,1159,1440.0,28,27,Road,2700,1911.07,4,Storm,Medium,0.8,2508,75.42,5,High,1,22
SHP100043,Supplier_D,Automotive,Vietnam,USA,899,1133.0,11,12,Road,11399,2412.3,5,Clear,Low,0.785,2770,101.22,4,High,1,19
SHP100044,Supplier_B,Automotive,Vietnam,Germany,479,4696.0,4,5,Road,3628,1875.38,1,Rain,Medium,0.715,2961,96.91,0,Medium,0,12
SHP100045,Supplier_B,Medical,Germany,USA,1654,1708.0,51,25,Sea,2508,3236.96,4,Clear,High,0.884,8751,108.82,5,High,1,17
SHP100046,Supplier_A,Consumer_Goods,Vietnam,USA,80,4437.0,35,27,Rail,4960,1204.8,1,Clear,Medium,0.889,4658,85.04,5,Medium,0,14
SHP100047,Supplier_B,Medical,USA,USA,1783,1867.0,36,29,Rail,10265,3465.33,2,Rain,High,0.751,7977,70.41,4,Medium,1,21
SHP100048,Supplier_E,Consumer_Goods,India,Germany,652,240.0,18,15,Road,4048,2245.61,4,Clear,Low,0.967,7609,79.27,3,High,0,12
SHP100049,Supplier_B,Raw_Materials,India,Germany,489,510.0,56,29,Sea,9530,2130.38,2,Rain,Low,0.932,1465,80.55,2,High,0,11
SHP100050,Supplier_D,Electronics,China,Germany,1034,2571.0,18,14,Road,2434,2052.61,7,Clear,Low,0.767,3069,84.57,2,Medium,1,20
SHP100051,Supplier_D,Medical,Vietnam,Germany,1422,3526.0,14,6,Sea,867,2416.0,6,Clear,High,0.841,3443,88.52,1,High,1,17
SHP100052,Supplier_D,Medical,China,USA,1968,2755.0,27,12,Sea,10708,2881.14,3,Clear,Medium,0.833,9336,105.33,3,High,1,14
SHP100053,Supplier_D,Consumer_Goods,India,Canada,461,4416.0,55,28,Sea,13880,2839.03,3,Clear,High,0.801,7563,73.71,0,Medium,0,16
SHP100054,Supplier_E,Raw_Materials,India,Canada,577,1207.0,11,5,Sea,13286,2641.22,0,Clear,Medium,0.937,8516,94.33,2,Low,0,8
SHP100055,Supplier_C,Raw_Materials,Vietnam,Germany,359,4316.0,38,19,Sea,11837,2568.18,2,Storm,Medium,0.732,4048,94.93,5,Medium,1,20
SHP100056,Supplier_A,Consumer_Goods,USA,UK,998,77.0,24,11,Sea,13472,3379.29,2,Snow,High,0.82,5042,100.79,4,Low,1,18
SHP100057,Supplier_D,Raw_Materials,USA,India,1469,4281.0,5,3,Sea,10601,3482.78,6,Storm,Medium,0.824,5139,85.53,5,High,1,22
SHP100058,Supplier_B,Automotive,Vietnam,UK,1861,3022.0,22,20,Road,4983,3043.06,0,Clear,High,0.836,5202,82.99,4,High,0,14
SHP100059,Supplier_D,Electronics,Vietnam,UK,1411,3074.0,23,11,Sea,4306,3218.24,7,Storm,Low,0.95,7124,94.19,0,Medium,1,16
SHP100060,Supplier_B,Medical,China,UK,723,1314.0,11,23,Air,6048,1989.63,3,Snow,Medium,0.763,8773,102.98,0,Medium,0,14
SHP100061,Supplier_B,Electronics,Vietnam,Canada,486,905.0,41,22,Sea,7185,2832.58,3,Clear,Medium,0.73,2287,72.23,3,Medium,1,19
SHP100062,Supplier_D,Medical,USA,India,753,4075.0,37,27,Rail,12528,3268.05,4,Clear,High,0.879,9301,84.68,0,High,0,13
SHP100063,Supplier_E,Automotive,Vietnam,UK,712,1301.0,11,11,Road,844,1450.39,4,Clear,Low,0.75,8503,109.37,0,High,0,12
SHP100064,Supplier_B,Raw_Materials,China,Germany,414,4654.0,6,4,Sea,10874,3463.39,5,Clear,Medium,0.722,5819,94.21,0,Low,0,15
SHP100065,Supplier_B,Consumer_Goods,China,Canada,972,3920.0,26,21,Rail,4274,2187.99,6,Snow,Medium,0.824,3790,117.59,2,Low,1,19
SHP100066,Supplier_D,Automotive,China,Germany,162,1376.0,16,30,Air,9809,2102.36,3,Rain,Medium,0.764,1861,113.38,3,Low,1,17
SHP100067,Supplier_B,Electronics,China,Germany,1858,1075.0,23,18,Rail,7298,2524.57,5,Rain,Low,0.805,9652,87.2,0,Medium,1,14
SHP100068,Supplier_B,Consumer_Goods,Germany,UK,225,411.0,3,5,Air,2656,1486.92,1,Clear,Low,0.775,2104,106.31,0,Low,0,12
SHP100069,Supplier_D,Raw_Materials,Vietnam,Germany,1222,1268.0,10,18,Air,5166,,2,Clear,High,0.727,6374,83.72,5,Low,1,17
SHP100070,Supplier_D,Automotive,India,India,1251,655.0,44,23,Sea,7897,3354.51,4,Clear,Medium,0.863,1743,78.76,5,Medium,1,18
SHP100071,Supplier_A,Consumer_Goods,Vietnam,Germany,985,1720.0,31,15,Sea,4261,2228.14,1,Snow,Medium,0.708,3410,114.05,4,Medium,1,19
SHP100072,Supplier_E,Automotive,Germany,UK,431,4861.0,11,5,Sea,13921,2779.87,4,Clear,High,0.98,5993,87.51,2,High,1,14
SHP100073,Supplier_E,Automotive,China,Germany,1296,2347.0,16,12,Road,12275,3217.96,0,Storm,Low,0.799,9634,80.17,0,High,0,7
SHP100074,Supplier_B,Raw_Materials,Germany,Canada,1332,2244.0,25,24,Road,9686,3273.99,2,Clear,Medium,0.902,2833,118.25,2,Medium,0,12
SHP100075,Supplier_E,Medical,USA,Canada,1858,4493.0,41,20,Sea,386,2157.95,5,Rain,High,0.935,1885,71.55,3,Low,1,18
SHP100076,Supplier_B,Consumer_Goods,USA,Canada,1262,1327.0,13,8,Sea,3347,1911.36,7,Rain,High,0.781,4604,88.34,3,Medium,1,23
SHP100077,Supplier_A,Raw_Materials,Vietnam,USA,355,448.0,5,8,Air,12510,1974.14,5,Storm,Medium,0.917,6357,71.92,5,Low,1,19
SHP100078,Supplier_D,Automotive,Vietnam,Canada,1451,2222.0,14,20,Air,10894,3543.88,7,Clear,Medium,0.941,8089,95.21,1,Medium,0,11
SHP100079,Supplier_D,Raw_Materials,India,Canada,651,2860.0,7,8,Road,5199,1368.41,7,Clear,Medium,0.77,4221,90.06,4,Low,1,22
SHP100080,Supplier_D,Medical,India,USA,392,2702.0,2,8,Air,103,658.97,4,,High,0.988,9343,106.03,1,Medium,0,11
SHP100081,Supplier_E,Consumer_Goods,USA,Canada,1847,2989.0,23,24,Road,6035,3769.4,3,Snow,Medium,0.706,7937,117.7,2,Low,1,16
SHP100082,Supplier_A,Medical,China,UK,205,871.0,60,30,Sea,511,1041.13,6,Clear,High,0.763,2596,95.98,4,Medium,1,25
SHP100083,Supplier_E,Electronics,Germany,Canada,761,994.0,7,15,Air,4445,1085.46,5,Clear,Low,0.926,3492,84.27,5,Low,1,18
SHP100084,Supplier_E,Consumer_Goods,India,Canada,1128,3528.0,30,16,Sea,3827,1685.76,0,Clear,Medium,0.756,9923,113.61,0,Medium,0,12
SHP100085,Supplier_A,Medical,India,USA,1839,2829.0,12,23,Air,13898,3565.61,0,Clear,Medium,0.902,5333,100.23,5,Medium,0,8
SHP100086,Supplier_A,Automotive,China,UK,1515,4479.0,18,9,Sea,10209,3699.56,3,Storm,Medium,0.948,1538,97.67,5,Medium,1,19
SHP100087,Supplier_A,Consumer_Goods,China,Germany,1758,4500.0,18,15,Road,1456,2411.59,0,Snow,Medium,0.978,9163,79.43,4,High,0,8
SHP100088,Supplier_A,Consumer_Goods,Vietnam,India,1273,1246.0,33,17,Sea,14888,3460.14,6,Clear,High,0.838,1768,72.03,4,High,1,18
SHP100089,Supplier_D,Raw_Materials,Germany,UK,452,1262.0,7,14,Air,8449,1341.06,2,Snow,High,0.982,3856,93.07,3,Medium,0,11
SHP100090,Supplier_C,Automotive,China,Germany,663,873.0,19,23,Road,1700,1773.01,4,Rain,Low,0.819,7905,96.4,1,Medium,1,14
SHP100091,Supplier_C,Electronics,India,UK,846,1946.0,13,29,Air,11176,1830.66,0,Clear,High,0.763,3121,76.35,3,Medium,0,12
SHP100092,Supplier_A,Medical,India,Germany,1736,4313.0,4,3,Road,7257,2636.08,2,Snow,Low,0.849,6553,72.97,3,Medium,0,14
SHP100093,Supplier_C,Raw_Materials,USA,Germany,672,2465.0,59,30,Sea,5806,1731.02,3,Rain,Medium,0.888,1013,80.8,1,Low,0,13
SHP100094,Supplier_C,Medical,China,UK,1851,585.0,50,27,Sea,11781,4746.81,4,Clear,High,0.833,5707,73.15,3,Low,1,21
SHP100095,Supplier_A,Electronics,Vietnam,USA,652,3060.0,8,5,Rail,5659,2378.98,3,Rain,Low,0.864,5490,72.81,4,High,1,12
SHP100096,Supplier_C,Electronics,Germany,UK,226,2677.0,21,20,Road,7296,3135.75,4,Clear,High,0.821,9382,92.21,2,Low,0,17
SHP100097,Supplier_E,Consumer_Goods,Vietnam,UK,498,3827.0,12,28,Air,5173,2039.18,6,Clear,High,0.852,6993,110.51,0,Medium,0,16
SHP100098,Supplier_B,Electronics,India,Germany,792,999.0,49,24,Sea,2482,2050.49,0,Rain,Medium,0.976,3864,103.2,0,Medium,0,6
SHP100099,Supplier_B,Medical,Vietnam,India,1614,3558.0,10,10,Rail,13649,4001.72,0,Storm,Medium,0.845,8605,103.97,3,High,0,11
SHP100100,Supplier_A,Automotive,India,Germany,350,4352.0,2,4,Air,252,300.0,4,Rain,Medium,0.773,5102,83.12,1,Medium,0,11
SHP100101,Supplier_D,Automotive,India,Canada,756,593.0,15,6,Sea,9921,1884.57,2,Clear,High,0.92,2104,70.56,4,Low,0,11
SHP100102,Supplier_A,Consumer_Goods,India,UK,356,3950.0,23,20,Road,2896,1775.8,2,Snow,Low,0.798,3812,92.53,3,Medium,1,14
SHP100103,Supplier_D,Medical,India,UK,800,3803.0,31,30,Road,11173,2314.01,2,Clear,Medium,0.937,7131,88.86,4,Medium,0,16
SHP100104,Supplier_B,Medical,India,USA,918,4274.0,29,30,Road,7382,2377.9,1,Clear,Low,0.716,1651,117.36,4,High,0,12
SHP100105,Supplier_A,Electronics,USA,Germany,1969,2132.0,28,27,Road,7051,2035.43,5,Clear,Low,0.796,7628,73.6,5,Medium,1,20
SHP100106,Supplier_E,Medical,Vietnam,USA,1340,2916.0,29,28,Road,12094,2877.3,5,Clear,High,0.727,8831,108.82,0,Medium,1,17
SHP100107,Supplier_C,Raw_Materials,USA,UK,263,2296.0,12,15,Road,2905,1166.9,5,Clear,Medium,0.725,1801,89.27,2,Medium,1,20
SHP100108,Supplier_D,Electronics,USA,Germany,1667,1886.0,15,17,Road,4180,2951.7,2,Rain,High,0.891,5544,111.48,2,Medium,1,14
SHP100109,Supplier_C,Raw_Materials,China,Germany,1713,126.0,10,4,Sea,11762,3962.6,0,Storm,Medium,0.812,7428,94.75,1,Medium,0,10
SHP100110,Supplier_C,Consumer_Goods,China,Canada,532,418.0,19,12,Sea,9347,1988.27,6,Snow,Medium,0.953,5140,111.03,2,Medium,1,15
SHP100111,Supplier_A,Automotive,China,Canada,1335,4671.0,4,4,Road,10871,2676.6,1,Storm,Low,0.85,2552,93.34,3,Low,0,9
SHP100112,Supplier_C,Consumer_Goods,Germany,India,1140,398.0,30,23,Rail,12440,3687.65,7,Clear,High,0.786,3792,90.09,0,Medium,1,18
SHP100113,Supplier_E,Automotive,China,Canada,1647,4651.0,26,14,Sea,11057,3612.62,7,Rain,Low,0.909,3723,118.19,0,Low,1,20
SHP100114,Supplier_C,Consumer_Goods,Vietnam,Germany,182,4788.0,14,7,Sea,5950,2282.61,2,Storm,Medium,0.881,6576,88.44,4,High,0,14
SHP100115,Supplier_A,Medical,USA,Canada,1722,4383.0,18,14,Rail,7462,2752.41,0,Clear,Medium,0.932,3022,110.27,3,High,0,5
SHP100116,Supplier_E,Raw_Materials,Vietnam,India,1613,1505.0,50,25,Sea,1428,2451.16,1,Rain,Medium,0.887,5670,73.35,3,High,0,10
SHP100117,Supplier_B,Automotive,China,UK,561,2235.0,2,3,Air,12336,2316.39,0,Clear,Medium,0.748,5188,73.13,4,Medium,0,14
SHP100118,Supplier_C,Electronics,Germany,Canada,260,3861.0,31,30,Road,2492,1256.63,4,Clear,Medium,0.894,1603,91.91,5,High,1,16
SHP100119,Supplier_A,Raw_Materials,Germany,Germany,1037,3322.0,7,4,Rail,3253,1348.99,0,Clear,Low,0.814,8028,99.28,5,Low,0,12
SHP100120,Supplier_B,Electronics,USA,UK,1036,3732.0,27,29,Road,8292,1680.51,1,Rain,Medium,0.834,8150,100.43,4,Low,0,16
SHP100121,Supplier_B,Raw_Materials,Vietnam,Germany,766,1896.0,20,18,Road,266,1436.1,2,,High,0.967,7896,71.82,0,Medium,0,8
SHP100122,Supplier_D,Raw_Materials,India,UK,302,1904.0,14,29,Air,14752,2512.98,5,Clear,Medium,0.804,9518,104.84,3,Low,1,18
SHP100123,Supplier_E,Consumer_Goods,Vietnam,Germany,87,3035.0,27,24,Rail,3354,999.14,1,Rain,Low,0.877,6962,76.5,2,High,0,9
SHP100124,Supplier_C,Automotive,China,Canada,1116,4500.0,7,4,Sea,5160,2148.96,2,Storm,Medium,0.805,8978,117.77,2,Low,1,12
SHP100125,Supplier_A,Automotive,India,Canada,678,2675.0,23,18,Rail,1985,2223.41,2,Snow,Low,0.727,3775,86.68,0,Medium,0,15
SHP100126,Supplier_D,Raw_Materials,Germany,India,1478,2944.0,41,22,Sea,4468,3135.42,6,Clear,Low,0.832,4639,83.07,2,Medium,1,19
SHP100127,Supplier_E,Medical,USA,UK,1036,608.0,14,28,Air,14080,3144.61,3,Clear,Medium,0.873,9782,84.56,2,Low,0,13
SHP100128,Supplier_D,Medical,USA,India,1775,2946.0,35,18,Sea,14808,5266.71,7,Rain,Medium,0.818,2438,116.87,3,Low,1,22
SHP100129,Supplier_E,Electronics,Germany,USA,95,1967.0,17,8,Sea,7629,1471.29,6,Clear,Low,0.813,1850,94.14,3,Low,1,20
SHP100130,Supplier_E,Electronics,China,Canada,1527,1304.0,14,15,Road,999,2107.18,4,Clear,Medium,0.938,1439,91.73,1,Low,0,8
SHP100131,Supplier_C,Consumer_Goods,Germany,UK,1751,1731.0,18,14,Rail,2348,1694.69,3,Clear,High,0.709,8800,98.29,3,High,1,18
SHP100132,Supplier_E,Raw_Materials,China,India,354,1864.0,27,25,Road,11555,2266.07,5,Storm,High,0.786,7857,116.54,1,Low,1,23
SHP100133,Supplier_D,Electronics,India,India,1788,712.0,16,12,Rail,3512,2347.23,1,Rain,High,0.935,7575,85.42,5,Low,1,17
SHP100134,Supplier_E,Electronics,Germany,USA,282,4166.0,15,7,Sea,11869,2363.6,3,Clear,Medium,0.967,3908,79.04,3,High,0,13
SHP100135,Supplier_C,Raw_Materials,China,India,294,3375.0,9,10,Road,10479,2222.91,5,Clear,Low,0.82,6193,99.77,4,Medium,1,19
SHP100136,Supplier_C,Consumer_Goods,India,Germany,1794,1291.0,6,8,Road,6549,3840.26,2,Rain,High,0.958,2257,94.58,3,High,0,11
SHP100137,Supplier_D,Electronics,Germany,Canada,809,3193.0,8,7,Road,9511,2495.23,1,Clear,Low,0.758,2544,73.1,1,High,0,8
SHP100138,Supplier_B,Consumer_Goods,USA,India,1368,3087.0,42,22,Sea,3232,2921.3,3,Clear,Low,0.764,2905,96.1,2,High,0,13
SHP100139,Supplier_B,Automotive,Germany,India,888,211.0,27,24,Road,8255,2429.36,0,Clear,Medium,0.945,2815,98.12,3,High,0,7
SHP100140,Supplier_E,Consumer_Goods,Vietnam,USA,1456,4275.0,6,8,Road,8236,1933.82,5,Clear,Low,0.962,3276,104.71,2,Low,1,14
SHP100141,Supplier_A,Medical,Germany,Germany,207,2000.0,48,24,Sea,459,893.63,5,Clear,High,0.765,2450,119.78,2,Medium,1,20
SHP100142,Supplier_E,Medical,Vietnam,India,1478,4370.0,21,19,Road,6550,2277.99,4,Rain,High,0.717,4544,91.08,3,Medium,1,21
SHP100143,Supplier_D,Consumer_Goods,India,Canada,1074,1831.0,10,8,Rail,10331,2836.62,7,Rain,High,0.726,5906,95.51,3,Medium,1,20
SHP100144,Supplier_D,Medical,Germany,Canada,266,4725.0,39,19,Sea,7747,2394.63,0,Clear,High,0.776,4634,73.75,4,Low,0,16
SHP100145,Supplier_D,Automotive,India,India,977,1527.0,7,7,Road,14768,3636.59,1,Clear,Low,0.921,6848,111.58,5,Low,0,13
SHP100146,Supplier_D,Raw_Materials,India,Germany,556,3080.0,22,25,Road,12229,2680.64,3,Clear,Medium,0.848,9365,74.91,1,Medium,0,13
SHP100147,Supplier_D,Medical,China,Canada,810,4036.0,17,19,Road,11446,3282.56,2,Rain,Medium,0.832,2122,116.69,3,Low,0,13
SHP100148,Supplier_C,Medical,India,Canada,953,156.0,37,19,Sea,8625,2493.39,3,Clear,Medium,0.869,8284,87.43,2,Low,0,14
SHP100149,Supplier_B,Consumer_Goods,India,Germany,630,2718.0,19,15,Rail,14952,3345.39,7,Clear,Low,0.958,6352,86.88,2,Medium,1,18
SHP100150,Supplier_D,Automotive,Germany,Germany,1103,4985.0,49,24,Sea,830,2094.57,6,Rain,Medium,0.726,3176,86.43,3,Medium,1,23
SHP100151,Supplier_A,Raw_Materials,Germany,India,676,1214.0,5,9,Air,7167,2490.12,7,Rain,High,0.901,5837,117.52,1,High,1,19
SHP100152,Supplier_A,Consumer_Goods,USA,UK,569,1207.0,24,24,Road,9789,2056.17,1,Clear,Low,0.969,7333,119.01,5,Medium,0,14
SHP100153,Supplier_A,Consumer_Goods,China,USA,1954,2296.0,22,23,Road,1517,3332.25,1,Clear,Low,0.762,7311,118.66,2,High,0,11
SHP100154,Supplier_A,Automotive,India,UK,324,716.0,10,8,Road,7867,1603.05,1,Snow,Low,0.943,1290,105.24,5,Low,0,10
SHP100155,Supplier_C,Raw_Materials,China,UK,541,2176.0,7,16,Air,7988,1640.34,1,Snow,Medium,0.902,8508,75.55,5,Medium,0,13
SHP100156,Supplier_A,Automotive,Vietnam,Canada,876,2991.0,7,18,Air,3863,2100.97,6,Clear,Medium,0.704,2418,89.32,4,Low,1,25
SHP100157,Supplier_D,Raw_Materials,India,Germany,1000,561.0,6,5,Rail,10035,1942.12,5,Storm,High,0.767,6593,84.47,2,Medium,1,22
SHP100158,Supplier_E,Automotive,China,Canada,975,299.0,7,11,Air,7028,1683.06,3,Rain,Medium,0.876,6310,105.42,1,High,0,11
SHP100159,Supplier_A,Consumer_Goods,USA,USA,896,938.0,16,17,Road,5796,2141.73,0,Snow,Medium,0.846,2988,94.63,0,Low,0,11
SHP100160,Supplier_C,Consumer_Goods,USA,India,1109,1073.0,23,23,Road,13791,2229.52,2,Clear,Medium,0.853,9759,100.83,4,Medium,0,13
SHP100161,Supplier_C,Electronics,India,USA,1384,4744.0,18,20,Road,12408,2647.72,2,Rain,Medium,0.767,6638,70.44,4,High,1,15
SHP100162,Supplier_A,Medical,Vietnam,Canada,1117,4898.0,13,30,Air,10265,2598.03,4,Rain,Medium,0.896,6170,109.14,0,Medium,0,12
SHP100163,Supplier_E,Automotive,USA,Canada,1228,649.0,15,12,Road,978,1464.87,5,Clear,High,0.777,4038,117.6,4,Low,1,24
SHP100164,Supplier_A,Electronics,USA,Canada,1150,3072.0,11,12,Rail,12564,4099.23,1,Rain,High,0.813,3303,103.47,4,Low,0,16
SHP100165,Supplier_C,Medical,Vietnam,Canada,1663,2580.0,49,25,Sea,5582,3424.86,7,Clear,Low,0.807,1308,112.6,4,Low,1,22
SHP100166,Supplier_B,Automotive,China,UK,1686,2933.0,7,5,Sea,14457,4473.99,1,Clear,Low,0.895,3138,93.91,2,Low,0,9
SHP100167,Supplier_D,Raw_Materials,USA,India,1511,2114.0,4,3,Sea,2984,2480.77,1,Clear,Low,0.726,3196,71.01,2,Medium,0,11
SHP100168,Supplier_C,Medical,Germany,UK,1505,1808.0,4,5,Air,11299,3300.25,7,Snow,Medium,0.76,1461,119.52,3,Medium,1,19
SHP100169,Supplier_A,Consumer_Goods,USA,Canada,1615,3619.0,38,27,Rail,10887,3238.65,5,Clear,Medium,0.758,4820,72.94,3,Medium,1,21
SHP100170,Supplier_D,Electronics,China,Germany,88,1292.0,7,7,Rail,2397,669.36,0,Rain,Medium,0.731,8959,79.64,2,Medium,0,8
SHP100171,Supplier_A,Medical,China,UK,288,4379.0,13,9,Rail,8952,2226.83,1,Rain,High,0.76,5732,72.62,4,Low,0,16
SHP100172,Supplier_A,Medical,India,Canada,1086,2345.0,7,5,Sea,11436,3017.02,4,Clear,Low,0.876,1645,101.25,1,Medium,0,13
SHP100173,Supplier_B,Consumer_Goods,Germany,Canada,171,1975.0,5,6,Road,11454,2481.9,4,Clear,Medium,0.912,7014,99.16,0,Medium,0,7
SHP100174,Supplier_D,Automotive,China,India,193,2112.0,10,19,Air,13587,2371.36,0,Rain,Medium,0.891,4268,80.48,3,Low,0,11
SHP100175,Supplier_D,Raw_Materials,Vietnam,USA,733,3445.0,2,5,Road,12513,2508.54,5,Snow,Medium,0.838,8915,117.83,4,High,1,17
SHP100176,Supplier_B,Consumer_Goods,Germany,UK,504,490.0,24,25,Road,7471,3141.32,1,Clear,Medium,0.715,1815,115.67,3,Medium,0,11
SHP100177,Supplier_C,Raw_Materials,Germany,UK,417,2793.0,8,6,Rail,4085,2249.18,6,Clear,High,0.978,2905,83.99,5,Medium,1,18
SHP100178,Supplier_A,Automotive,Vietnam,UK,808,56.0,2,4,Road,1369,1560.08,3,Clear,Low,0.749,9040,102.94,1,Low,0,13
SHP100179,Supplier_E,Medical,USA,Canada,296,1636.0,19,16,Rail,12998,2957.24,3,Clear,Low,0.894,5898,112.76,5,Medium,1,20
SHP100180,Supplier_A,Raw_Materials,Vietnam,India,972,875.0,8,7,Rail,1394,1860.43,2,Clear,Medium,0.965,4204,87.99,4,High,0,10
SHP100181,Supplier_A,Electronics,Vietnam,Canada,1118,3874.0,28,23,Rail,1109,1469.22,0,Clear,Medium,0.902,2129,82.68,2,High,0,9
SHP100182,Supplier_C,Electronics,USA,Canada,814,1318.0,2,4,Air,10383,2571.26,3,Clear,Low,0.763,2797,82.81,1,Low,0,13
SHP100183,Supplier_A,Consumer_Goods,USA,Germany,424,3486.0,18,17,Road,1857,1325.62,2,Clear,Low,0.792,4414,111.02,3,High,0,12
SHP100184,Supplier_B,Automotive,USA,India,1364,3488.0,13,13,Road,10256,2185.56,4,Rain,Medium,0.709,3484,93.15,4,Low,1,21
SHP100185,Supplier_B,Consumer_Goods,USA,UK,256,1360.0,51,24,Sea,7876,1974.82,2,Snow,Medium,0.878,7223,105.77,5,High,1,16
SHP100186,Supplier_D,Consumer_Goods,USA,USA,1997,4083.0,5,12,Air,12935,3034.49,1,Clear,High,0.878,8723,102.52,4,Medium,0,11
SHP100187,Supplier_E,Consumer_Goods,Vietnam,UK,568,1677.0,19,22,Road,9483,1286.2,1,Rain,Medium,0.91,1688,85.31,0,Medium,0,6
SHP100188,Supplier_A,Electronics,India,Canada,291,1086.0,2,3,Sea,6678,2656.82,4,Clear,Low,0.703,9767,80.4,0,High,0,12
SHP100189,Supplier_A,Electronics,India,India,1695,527.0,45,21,Sea,8280,3057.47,0,Snow,Medium,0.937,7431,76.29,5,Medium,0,11
SHP100190,Supplier_C,Consumer_Goods,China,India,1187,2728.0,16,16,Road,9345,2395.52,5,Rain,Low,0.914,7001,71.19,0,Medium,0,9
SHP100191,Supplier_B,Electronics,India,India,868,764.0,36,27,Rail,2941,2874.92,7,Storm,Medium,0.741,8099,74.06,2,Low,1,26
SHP100192,Supplier_E,Automotive,India,Germany,351,1726.0,30,28,Road,5816,1211.81,7,Clear,Medium,0.801,7421,82.81,4,High,1,19
SHP100193,Supplier_D,Consumer_Goods,Vietnam,UK,1349,2212.0,50,25,Sea,2504,2305.26,1,Rain,Medium,0.885,8038,105.68,4,High,0,16
SHP100194,Supplier_B,Electronics,USA,Germany,1169,558.0,50,24,Sea,3662,1464.19,7,Clear,High,0.844,3839,77.75,3,Medium,1,22
SHP100195,Supplier_D,Raw_Materials,USA,USA,1367,431.0,9,16,Air,11996,2490.27,1,Clear,Low,0.733,4074,96.17,2,Low,0,11
SHP100196,Supplier_C,Consumer_Goods,Vietnam,Canada,750,1230.0,8,3,Sea,10114,2584.35,2,Clear,High,0.725,3525,82.26,0,Low,0,12
SHP100197,Supplier_C,Consumer_Goods,India,Germany,1433,1895.0,12,27,Air,1371,2396.59,2,Rain,High,0.927,3017,95.59,4,Low,1,15
SHP100198,Supplier_A,Automotive,Vietnam,Germany,337,4420.0,16,11,Rail,10011,1938.54,2,Rain,Medium,0.745,4378,107.5,0,Low,0,15
SHP100199,Supplier_E,Medical,China,Canada,203,1768.0,39,19,Sea,8544,2616.97,3,Clear,Low,0.75,9278,83.3,1,Medium,0,12
SHP100200,Supplier_D,Medical,USA,India,1643,1150.0,6,16,Air,2868,3416.77,6,Rain,Medium,0.941,4097,87.39,2,Low,0,15
SHP100201,Supplier_B,Automotive,Germany,Canada,472,1910.0,33,15,Sea,9851,3556.47,4,Clear,Medium,0.878,8524,106.15,0,Low,0,14
SHP100202,Supplier_C,Automotive,China,UK,1989,2141.0,30,15,Sea,7901,2160.52,0,Clear,Medium,0.875,7448,97.32,2,Medium,0,7
SHP100203,Supplier_A,Automotive,China,Canada,899,767.0,12,8,Sea,9028,3029.12,2,,Low,0.839,2277,74.73,5,Low,0,13
SHP100204,Supplier_A,Medical,Vietnam,India,99,367.0,6,9,Air,6242,2367.25,0,Clear,High,0.865,7766,107.91,4,High,0,10
SHP100205,Supplier_D,Automotive,India,Canada,1280,4679.0,6,4,Rail,13287,2892.16,6,Clear,Low,0.875,9711,83.87,1,Low,1,16
SHP100206,Supplier_C,Electronics,USA,Germany,613,1826.0,55,28,Sea,2028,1588.72,2,Clear,Medium,0.981,7070,89.25,3,Medium,0,12
SHP100207,Supplier_E,Consumer_Goods,Germany,USA,903,2334.0,6,10,Air,6366,1796.55,1,Rain,Low,0.765,7996,82.26,1,Medium,0,9
SHP100208,Supplier_C,Consumer_Goods,China,Germany,932,1294.0,11,26,Air,5513,2425.66,6,Clear,Medium,0.762,8353,97.17,2,Low,1,19
SHP100209,Supplier_D,Raw_Materials,Germany,USA,711,1383.0,17,8,Sea,6928,2221.99,0,Snow,High,0.717,9578,105.39,1,High,1,13
SHP100210,Supplier_D,Raw_Materials,India,Canada,614,3719.0,15,27,Air,2290,2466.79,3,Clear,Medium,0.891,8667,110.16,4,Medium,0,13
SHP100211,Supplier_C,Consumer_Goods,India,UK,262,1250.0,3,5,Air,1102,1834.39,2,Rain,Low,0.859,1013,116.11,2,Medium,0,11
SHP100212,Supplier_D,Electronics,Germany,Canada,1139,1844.0,40,20,Sea,11277,2557.66,5,Clear,High,0.732,8397,87.96,2,High,1,20
SHP100213,Supplier_C,Medical,USA,India,1305,2751.0,20,20,Road,10214,2160.37,4,Clear,High,0.806,5186,116.63,4,High,1,17
SHP100214,Supplier_B,Medical,India,Canada,1958,1504.0,15,24,Air,6754,2775.86,1,Rain,High,0.752,4475,100.85,5,Medium,1,17
SHP100215,Supplier_C,Electronics,Germany,USA,860,1983.0,49,25,Sea,8194,2585.84,6,Clear,High,0.796,1003,89.48,0,Low,1,18
SHP100216,Supplier_C,Medical,China,Germany,899,796.0,16,8,Sea,6167,2502.31,6,Clear,Medium,0.976,4290,114.36,3,Medium,1,13
SHP100217,Supplier_D,Automotive,Germany,UK,1736,890.0,6,13,Air,3852,1975.34,2,Clear,Medium,0.898,8930,98.98,5,Medium,0,17
SHP100218,Supplier_D,Consumer_Goods,Germany,Canada,1790,2545.0,11,5,Sea,6300,2653.41,6,Clear,Medium,0.702,5826,92.71,5,Low,1,23
SHP100219,Supplier_A,Consumer_Goods,Vietnam,Canada,1393,1138.0,12,18,Air,4237,1999.33,0,Clear,Low,0.773,8540,70.58,1,Medium,0,6
SHP100220,Supplier_A,Electronics,India,Germany,1840,842.0,6,7,Air,3802,2578.39,7,Rain,Medium,0.703,7160,105.88,5,Medium,1,21
SHP100221,Supplier_B,Medical,USA,UK,1210,1317.0,53,26,Sea,11484,3891.68,2,Rain,High,0.907,4973,73.87,3,Medium,0,13
SHP100222,Supplier_A,Raw_Materials,USA,Canada,930,1600.0,13,24,Air,6043,2548.69,1,Clear,Medium,0.836,7587,84.47,3,Medium,0,10
SHP100223,Supplier_C,Raw_Materials,Vietnam,Canada,1720,2740.0,3,4,Air,12126,3133.96,4,Clear,High,0.988,7377,118.08,5,High,0,11
SHP100224,Supplier_D,Medical,USA,USA,1639,342.0,37,17,Sea,4538,2936.14,4,Clear,Medium,0.913,4233,77.76,4,High,0,15
SHP100225,Supplier_A,Raw_Materials,Germany,USA,1138,4072.0,21,18,Rail,4527,1332.97,4,Clear,Medium,0.85,2386,85.59,0,Medium,0,15
SHP100226,Supplier_A,Electronics,Vietnam,India,1587,1454.0,8,9,Road,11819,3656.9,5,Rain,Medium,0.933,8543,116.62,3,Low,1,14
SHP100227,Supplier_B,Electronics,China,Germany,1205,1698.0,17,18,Road,5656,2922.32,7,Rain,Medium,0.904,5792,86.88,2,High,1,24
SHP100228,Supplier_B,Medical,India,UK,383,2866.0,35,26,Rail,8632,2466.68,1,Clear,Medium,0.771,2197,86.43,5,Low,0,18
SHP100229,Supplier_C,Raw_Materials,India,Canada,81,3960.0,7,6,Rail,2488,1237.97,5,Clear,Low,0.854,3285,102.4,0,Low,0,16
SHP100230,Supplier_D,Electronics,India,Canada,917,2968.0,27,30,Road,11779,2218.98,5,Storm,Low,0.861,3959,76.57,4,Medium,1,18
SHP100231,Supplier_B,Electronics,Germany,India,947,1447.0,17,18,Road,7092,1892.37,6,Clear,High,0.831,2261,118.64,5,Medium,1,20
SHP100232,Supplier_A,Automotive,China,Canada,1945,1743.0,38,19,Sea,6425,3193.92,2,Clear,Low,0.752,9779,83.75,3,Medium,0,13
SHP100233,Supplier_D,Automotive,Vietnam,Germany,1571,1087.0,3,4,Air,1800,2240.82,1,Rain,Medium,0.765,2540,109.28,5,Medium,0,14
SHP100234,Supplier_D,Electronics,Vietnam,India,1316,3902.0,18,18,Road,5483,1261.2,1,Rain,Medium,0.782,8897,84.38,4,High,0,15
SHP100235,Supplier_A,Medical,India,Germany,1265,1612.0,6,6,Rail,1333,1211.35,6,Clear,Medium,0.703,9985,83.77,1,High,0,14
SHP100236,Supplier_B,Consumer_Goods,China,India,1215,1162.0,21,9,Sea,10862,3753.84,2,Storm,High,0.966,6663,72.88,4,Medium,1,17
SHP100237,Supplier_A,Consumer_Goods,China,Canada,1733,1341.0,21,20,Road,14617,4402.03,3,Clear,Medium,0.899,7320,75.97,2,Medium,0,11
SHP100238,Supplier_D,Electronics,China,India,650,1211.0,17,8,Sea,13855,3256.64,5,Rain,High,0.9,8667,96.1,4,Medium,1,22
SHP100239,Supplier_E,Electronics,USA,USA,1634,1079.0,41,20,Sea,2398,2866.02,4,Clear,Medium,0.866,1118,98.84,0,Low,1,14
SHP100240,Supplier_E,Electronics,USA,UK,1721,4387.0,58,30,Sea,8429,3442.21,7,Rain,Medium,0.9,2213,110.79,1,High,1,21
SHP100241,Supplier_C,Medical,India,Canada,1037,4307.0,18,9,Sea,11090,3235.95,0,Storm,High,0.985,9805,73.01,5,High,0,12
SHP100242,Supplier_A,Automotive,China,UK,1264,2789.0,3,4,Sea,14889,3398.99,7,Clear,High,0.812,5234,87.81,5,High,1,23
SHP100243,Supplier_A,Electronics,China,Canada,1222,1028.0,22,21,Road,3030,2225.86,5,Rain,High,0.907,8503,80.01,2,Medium,1,16
SHP100244,Supplier_C,Electronics,Vietnam,UK,648,567.0,8,11,Rail,12212,2383.99,0,Storm,Medium,0.804,4473,87.89,1,High,0,12
SHP100245,Supplier_C,Raw_Materials,Vietnam,USA,1489,832.0,6,6,Rail,12474,3492.04,2,Clear,Low,0.948,2289,87.72,2,High,0,8
SHP100246,Supplier_C,Medical,India,UK,569,2881.0,8,16,Air,1933,1737.99,7,Rain,Low,0.949,3380,87.71,5,High,1,21
SHP100247,Supplier_D,Electronics,China,India,1808,4230.0,10,7,Rail,14728,4165.09,0,Storm,High,0.962,1223,85.48,1,High,0,10
SHP100248,Supplier_A,Raw_Materials,India,UK,918,187.0,51,27,Sea,2239,1577.37,3,Rain,High,0.702,6679,108.2,3,High,1,21
SHP100249,Supplier_D,Consumer_Goods,Vietnam,Canada,65,803.0,17,9,Sea,8499,2294.87,1,Clear,Medium,0.786,3640,104.49,4,Low,0,14
SHP100250,Supplier_C,Electronics,Vietnam,Germany,1881,3003.0,7,10,Road,10525,2941.13,4,Clear,Medium,0.739,2023,87.07,0,High,0,13
SHP100251,Supplier_A,Electronics,USA,UK,1179,4858.0,36,17,Sea,10142,3542.15,0,Clear,Medium,0.832,2543,77.32,0,Medium,0,6
SHP100252,Supplier_D,Raw_Materials,India,UK,332,2505.0,13,29,Air,9979,2440.56,0,Clear,Medium,0.844,8004,95.91,3,Medium,0,9
SHP100253,Supplier_D,Medical,India,UK,1177,2884.0,42,21,Sea,10495,3764.83,7,Clear,Medium,0.774,2779,115.94,1,High,1,18
SHP100254,Supplier_C,Electronics,China,Canada,410,629.0,29,29,Road,6536,2539.11,2,Clear,Medium,0.91,2700,76.18,4,Medium,1,17
SHP100255,Supplier_A,Consumer_Goods,China,UK,1731,3305.0,27,13,Sea,14968,4679.2,2,Clear,High,0.778,8999,107.65,3,Low,0,15
SHP100256,Supplier_C,Electronics,USA,Canada,1108,3316.0,23,22,Road,2308,2651.45,6,Clear,Low,0.948,4983,99.97,1,Medium,0,13
SHP100257,Supplier_A,Consumer_Goods,Germany,Canada,162,4699.0,26,25,Road,7653,2219.98,1,Clear,Medium,0.752,8385,99.43,4,High,1,15
SHP100258,Supplier_E,Automotive,Germany,Germany,357,445.0,4,6,Road,13896,2392.31,4,Rain,Medium,0.806,8594,116.73,1,High,0,12
SHP100259,Supplier_B,Automotive,Germany,India,1984,1987.0,27,20,Rail,5722,3167.23,6,Rain,Medium,0.88,7158,117.8,0,High,1,18
SHP100260,Supplier_B,Consumer_Goods,India,Canada,1008,4955.0,29,16,Sea,9142,3467.79,6,Clear,Medium,0.876,4839,82.19,4,High,0,14
SHP100261,Supplier_B,Medical,India,USA,1126,2639.0,15,28,Air,10495,3176.36,0,Clear,High,0.723,1825,110.42,0,High,0,13
SHP100262,Supplier_C,Electronics,Vietnam,UK,1932,3084.0,19,8,Sea,6386,3152.29,1,Clear,Low,0.945,3736,101.04,0,Low,0,9
SHP100263,Supplier_E,Electronics,India,USA,1154,219.0,52,27,Sea,8036,2712.47,7,Clear,Low,0.873,4406,90.44,4,Medium,1,21
SHP100264,Supplier_A,Automotive,India,UK,1689,2387.0,15,18,Road,3790,2764.4,7,Clear,High,0.952,3774,103.28,3,Medium,1,17
SHP100265,Supplier_D,Consumer_Goods,India,Germany,883,3289.0,13,20,Air,11647,2228.09,7,Rain,Medium,0.952,5632,117.8,1,Low,1,18
SHP100266,Supplier_A,Electronics,USA,Canada,1442,3465.0,5,3,Sea,2709,2347.84,4,Clear,Low,0.858,9683,95.84,4,High,0,13
SHP100267,Supplier_D,Electronics,India,India,291,3618.0,11,10,Road,6278,1936.0,1,Snow,Medium,0.964,9783,117.0,5,Medium,0,16
SHP100268,Supplier_A,Medical,China,Canada,80,3266.0,2,3,Road,323,955.68,0,Clear,Medium,0.946,3734,102.14,0,High,0,4
SHP100269,Supplier_E,Raw_Materials,China,UK,1902,3534.0,5,3,Road,14828,4189.07,7,Clear,Low,0.978,7887,94.15,1,Medium,0,11
SHP100270,Supplier_D,Automotive,Vietnam,India,753,4885.0,23,21,Road,14843,3439.78,2,Rain,Medium,0.947,2492,102.21,4,Medium,0,15
SHP100271,Supplier_C,Automotive,USA,Canada,918,1891.0,26,23,Road,3874,2036.82,2,Rain,High,0.938,1682,100.13,3,Medium,0,12
SHP100272,Supplier_A,Raw_Materials,China,India,1434,3810.0,34,30,Road,9703,2336.7,2,Rain,Medium,0.836,9820,91.08,4,High,1,14
SHP100273,Supplier_A,Electronics,USA,UK,282,4602.0,52,27,Sea,14107,3825.25,3,Snow,Low,0.761,5482,98.12,4,Medium,1,21
SHP100274,Supplier_D,Medical,USA,Germany,1683,3076.0,40,29,Rail,8016,2696.66,1,Clear,Medium,0.964,5747,105.16,2,Medium,0,8
SHP100275,Supplier_C,Medical,Vietnam,Germany,1107,4015.0,25,12,Sea,12684,3364.79,7,Storm,Medium,0.91,3240,111.94,5,High,1,23
SHP100276,Supplier_C,Automotive,USA,Canada,1316,1651.0,10,20,Air,8614,,0,Clear,Low,0.782,1100,85.22,1,Medium,0,9
SHP100277,Supplier_E,Medical,India,USA,1000,1196.0,28,14,Sea,6073,1711.5,1,Storm,High,0.799,2093,70.73,4,Medium,1,17
SHP100278,Supplier_C,Raw_Materials,USA,UK,108,4376.0,34,30,Road,9803,2555.7,2,Clear,Medium,0.899,4772,97.56,0,Medium,0,9
SHP100279,Supplier_C,Electronics,Vietnam,Canada,820,2734.0,23,19,Rail,2186,2634.98,5,Clear,Medium,0.839,9624,94.46,0,Low,1,18
SHP100280,Supplier_C,Raw_Materials,Vietnam,Canada,1602,161.0,2,3,Air,12892,2321.99,5,Rain,High,0.724,6334,72.71,2,High,1,18
SHP100281,Supplier_B,Consumer_Goods,Vietnam,Germany,1151,642.0,7,10,Air,6996,1333.92,7,Clear,Medium,0.741,1536,101.63,0,Medium,1,17
SHP100282,Supplier_E,Automotive,China,India,767,2489.0,16,12,Rail,13948,3244.81,1,Clear,Low,0.916,1600,117.07,4,High,0,9
SHP100283,Supplier_A,Medical,India,UK,351,1288.0,34,28,Rail,7583,2189.78,7,Clear,Medium,0.795,3755,90.11,1,Medium,1,17
SHP100284,Supplier_D,Consumer_Goods,China,India,1751,2844.0,24,12,Sea,7763,2387.42,4,Rain,Medium,0.847,9510,114.72,2,High,1,16
SHP100285,Supplier_A,Medical,Germany,UK,852,2464.0,37,20,Sea,7384,2145.38,5,Storm,Medium,0.922,8516,110.66,5,Medium,1,22
SHP100286,Supplier_E,Electronics,India,USA,946,2179.0,10,11,Road,5561,2705.98,5,Rain,Medium,0.918,5941,78.09,2,Low,1,17
SHP100287,Supplier_D,Electronics,USA,Germany,161,2903.0,52,27,Sea,2387,1710.55,1,Storm,Medium,0.748,8508,109.36,3,Low,1,15
SHP100288,Supplier_E,Electronics,Vietnam,USA,1486,2919.0,4,4,Rail,8978,3647.53,6,Clear,Medium,0.729,2527,95.84,3,Low,1,19
SHP100289,Supplier_C,Medical,Germany,Canada,1973,3648.0,5,5,Air,10309,2560.39,3,Clear,Medium,0.871,9262,115.93,1,High,0,9
SHP100290,Supplier_D,Consumer_Goods,India,Germany,366,3853.0,2,4,Air,9760,1958.23,3,Clear,Medium,0.915,6248,79.47,1,Low,0,10
SHP100291,Supplier_C,Electronics,China,Canada,1938,1576.0,4,8,Air,12215,3051.82,2,Rain,Medium,0.743,1443,76.25,2,Medium,0,13
SHP100292,Supplier_A,Consumer_Goods,Vietnam,USA,1218,2019.0,53,25,Sea,4935,3034.85,7,Clear,Medium,0.808,9578,82.06,4,Medium,1,24
SHP100293,Supplier_A,Medical,China,UK,717,1001.0,8,14,Air,9288,1771.77,0,Clear,Medium,0.952,6674,72.98,4,High,0,7
SHP100294,Supplier_D,Consumer_Goods,India,Canada,739,1552.0,12,24,Air,2634,1267.21,6,Clear,Medium,0.974,6195,86.0,3,High,1,13
SHP100295,Supplier_D,Medical,India,India,1931,4517.0,20,21,Road,11104,3569.97,7,Rain,Low,0.832,2869,84.15,1,Medium,1,15
SHP100296,Supplier_E,Medical,Germany,UK,1721,3386.0,16,30,Air,5630,2781.83,4,Clear,Medium,0.723,5648,90.81,1,Low,1,17
SHP100297,Supplier_E,Automotive,USA,UK,1900,159.0,25,17,Rail,14303,3669.3,7,Storm,Medium,0.775,1279,93.15,4,Medium,1,30
SHP100298,Supplier_C,Medical,China,USA,67,4036.0,40,21,Sea,722,1082.35,6,Rain,Medium,0.768,1770,77.24,3,Low,1,23
SHP100299,Supplier_D,Medical,Germany,USA,1424,,15,14,Road,12116,3634.84,7,Rain,High,0.769,6562,100.97,4,High,1,27
SHP100300,Supplier_A,Raw_Materials,Vietnam,Germany,1228,275.0,7,20,Air,11075,2742.21,0,Snow,Medium,0.843,1953,81.18,4,Medium,0,14
SHP100301,Supplier_E,Electronics,USA,Germany,1857,3061.0,5,18,Air,12685,2857.18,0,Clear,High,0.869,2559,76.1,2,Low,0,8
SHP100302,Supplier_E,Automotive,Germany,India,1579,4176.0,9,4,Sea,1175,2502.71,4,Rain,High,0.736,4446,105.44,1,Medium,1,17
SHP100303,Supplier_A,Automotive,China,UK,827,663.0,26,13,Sea,6976,2749.38,3,Storm,High,0.958,7982,71.14,2,Low,1,21
SHP100304,Supplier_E,Automotive,India,India,409,148.0,10,14,Road,8595,2106.74,6,Rain,High,0.88,3440,88.42,2,High,1,19
SHP100305,Supplier_C,Raw_Materials,Vietnam,India,381,860.0,5,7,Road,13699,2832.52,7,Rain,Medium,0.873,1108,77.22,4,High,1,20
SHP100306,Supplier_D,Medical,China,USA,1991,3387.0,28,29,Road,8955,3715.32,5,Clear,Medium,0.986,5454,114.14,3,Medium,0,14
SHP100307,Supplier_A,Electronics,USA,India,577,2749.0,59,29,Sea,11238,3190.7,2,Rain,Low,0.882,8078,111.22,4,High,1,15
SHP100308,Supplier_D,Consumer_Goods,USA,India,61,4959.0,37,26,Rail,5337,1903.33,1,Clear,Medium,0.969,4360,73.03,5,High,0,10
SHP100309,Supplier_E,Medical,India,Canada,1148,1069.0,5,8,Road,4094,2006.74,3,Snow,Medium,0.783,4489,97.52,3,Low,1,16
SHP100310,Supplier_E,Raw_Materials,India,Germany,261,,35,27,Rail,10284,2005.88,2,Storm,Medium,0.77,1317,84.77,1,Medium,0,17
SHP100311,Supplier_A,Medical,Vietnam,Germany,1764,3578.0,16,13,Road,11787,3973.1,5,Storm,Medium,0.85,1340,79.63,5,Low,1,20
SHP100312,Supplier_C,Medical,Vietnam,UK,690,3936.0,14,23,Air,2794,386.59,3,Rain,Medium,0.847,5444,85.58,5,Medium,1,19
SHP100313,Supplier_B,Raw_Materials,India,Germany,332,3029.0,19,12,Sea,4404,2037.39,6,Clear,Medium,0.766,3074,110.79,5,Medium,1,21
SHP100314,Supplier_A,Automotive,India,UK,1268,3390.0,11,6,Sea,3298,2117.26,4,Clear,Medium,0.903,9829,72.89,0,Medium,0,12
SHP100315,Supplier_B,Automotive,USA,Canada,829,846.0,12,11,Road,5512,2397.7,0,Storm,Medium,0.709,6678,102.41,1,Low,1,15
SHP100316,Supplier_B,Electronics,India,Germany,1103,2007.0,29,14,Sea,8810,2488.19,4,,High,0.9,6484,115.67,4,Low,1,21
SHP100317,Supplier_C,Electronics,Germany,Canada,1082,3116.0,14,12,Road,7489,2580.04,5,Clear,High,0.833,7979,92.4,3,Medium,1,18
SHP100318,Supplier_B,Automotive,China,Germany,1382,3070.0,55,29,Sea,14512,4394.19,1,Rain,High,0.9,3366,115.08,5,Medium,0,15
SHP100319,Supplier_B,Consumer_Goods,India,Germany,1518,2730.0,8,16,Air,4533,2465.97,7,Clear,Low,0.838,2565,115.34,0,Low,1,15
SHP100320,Supplier_C,Medical,Vietnam,Canada,1383,4491.0,4,7,Air,6009,1833.31,4,Rain,High,0.983,9984,100.48,5,Medium,1,19
SHP100321,Supplier_B,Consumer_Goods,Germany,India,726,4869.0,8,3,Sea,10161,2574.84,5,Clear,Medium,0.797,4704,92.79,3,Medium,1,19
SHP100322,Supplier_B,Medical,Vietnam,India,754,2998.0,8,7,Road,8117,2662.11,0,Rain,High,0.985,9546,106.88,3,Medium,0,9
SHP100323,Supplier_B,Automotive,Germany,India,475,,37,18,Sea,3910,1838.15,3,Storm,Low,0.719,5201,115.81,0,Low,0,18
SHP100324,Supplier_A,Electronics,India,India,1890,1151.0,8,7,Road,1012,1258.41,2,Clear,Medium,0.898,9756,104.0,0,High,0,8
SHP100325,Supplier_A,Electronics,China,Germany,1845,1087.0,4,7,Air,7542,2362.3,5,Clear,Medium,0.832,4453,80.48,1,Medium,1,11
SHP100326,Supplier_A,Consumer_Goods,Vietnam,USA,1777,4281.0,12,20,Air,12226,3720.1,5,Clear,Medium,0.938,3590,111.0,2,Medium,1,14
SHP100327,Supplier_C,Electronics,Germany,Canada,640,841.0,6,8,Road,5002,1864.31,6,Snow,Medium,0.929,8617,117.58,5,High,1,18
SHP100328,Supplier_E,Automotive,USA,USA,1764,,48,23,Sea,3288,2074.18,1,Clear,Medium,0.932,1257,90.51,0,Low,0,8
SHP100329,Supplier_B,Consumer_Goods,India,USA,140,1828.0,20,20,Road,9607,1889.26,3,Clear,Medium,0.727,7221,104.88,5,Medium,1,18
SHP100330,Supplier_B,Medical,China,UK,505,4850.0,29,30,Road,13682,2708.26,5,Rain,Medium,0.938,2046,95.91,2,Medium,0,12
SHP100331,Supplier_C,Electronics,India,India,493,1031.0,15,12,Rail,3328,1166.65,5,Clear,Medium,0.762,7646,75.6,2,Low,1,17
SHP100332,Supplier_B,Raw_Materials,USA,Germany,1800,1315.0,8,17,Air,671,2622.66,2,Snow,Low,0.707,3232,87.49,2,Medium,0,12
SHP100333,Supplier_A,Electronics,China,India,128,793.0,56,26,Sea,11547,2382.23,7,Storm,Medium,0.763,5077,78.19,2,Low,1,26
SHP100334,Supplier_E,Medical,USA,India,1548,2481.0,22,24,Road,10763,2993.29,0,Clear,Low,0.839,1048,103.68,0,Medium,0,3
SHP100335,Supplier_D,Consumer_Goods,India,USA,976,424.0,10,13,Road,14067,3001.87,4,Rain,Medium,0.915,9359,99.1,5,Medium,1,13
SHP100336,Supplier_B,Medical,Germany,UK,152,1803.0,26,28,Road,7868,,6,Clear,Medium,0.763,2853,71.68,3,High,1,16
SHP100337,Supplier_A,Raw_Materials,India,India,672,3947.0,15,30,Air,5235,1864.69,3,Rain,Medium,0.733,4741,73.08,5,High,1,20
SHP100338,Supplier_D,Automotive,India,Canada,1529,2586.0,13,29,Air,13313,2680.64,2,Rain,Medium,0.887,3068,83.04,5,High,0,15
SHP100339,Supplier_E,Electronics,India,Canada,1039,2041.0,37,21,Sea,14172,2524.27,2,Clear,Medium,0.985,9583,,0,Medium,0,12
SHP100340,Supplier_D,Consumer_Goods,Vietnam,India,1387,2978.0,26,27,Road,8389,1880.13,4,Clear,High,0.874,8457,76.34,0,Low,0,15
SHP100341,Supplier_A,Automotive,USA,USA,1320,3496.0,28,15,Sea,4133,2429.7,3,Storm,High,0.9,6823,80.24,4,High,0,15
SHP100342,Supplier_D,Medical,USA,USA,283,641.0,16,29,Air,1739,1904.39,3,Clear,Medium,0.863,1228,115.38,4,Medium,0,14
SHP100343,Supplier_C,Consumer_Goods,USA,Germany,1667,4678.0,30,29,Road,6543,3051.56,6,Rain,Medium,0.927,4252,97.31,1,Medium,1,17
SHP100344,Supplier_D,Automotive,Vietnam,UK,693,2619.0,45,22,Sea,4942,2428.11,0,Clear,Medium,0.983,1351,101.04,2,Medium,0,9
SHP100345,Supplier_B,Consumer_Goods,Germany,USA,1308,2922.0,2,5,Air,5641,2210.06,3,Clear,Low,0.858,3272,92.79,2,Low,0,7
SHP100346,Supplier_B,Raw_Materials,India,Germany,839,1226.0,12,18,Air,13718,2816.8,6,Storm,Medium,0.821,5037,84.99,4,Medium,1,23
SHP100347,Supplier_C,Raw_Materials,Germany,Canada,436,1385.0,16,9,Sea,4127,1805.62,5,Clear,High,0.949,9425,82.46,3,Low,1,15
SHP100348,Supplier_A,Electronics,Vietnam,Canada,896,4743.0,30,14,Sea,14709,3305.72,4,Rain,Medium,0.981,9457,99.46,1,Medium,0,11
SHP100349,Supplier_B,Electronics,USA,Canada,1684,162.0,35,17,Sea,360,1922.48,3,Clear,Medium,0.737,1857,93.55,5,Medium,1,21
SHP100350,Supplier_E,Raw_Materials,India,India,87,3822.0,3,10,Air,13650,2214.89,7,Clear,Medium,0.868,9690,90.15,3,High,1,17
SHP100351,Supplier_B,Consumer_Goods,China,UK,1234,1895.0,13,25,Air,9227,2123.21,7,Snow,Medium,0.93,5194,104.72,4,Medium,1,21
SHP100352,Supplier_B,Raw_Materials,China,Germany,1535,2037.0,38,19,Sea,1897,1512.36,0,Rain,Low,0.855,3392,90.21,5,Medium,0,14
SHP100353,Supplier_A,Electronics,Germany,UK,1522,4879.0,5,3,Road,431,2124.05,2,Storm,Medium,0.819,4324,71.84,3,Low,0,12
SHP100354,Supplier_D,Raw_Materials,USA,India,1190,2035.0,10,23,Air,4310,2260.85,5,Storm,Medium,0.89,7261,111.98,2,Medium,1,18
SHP100355,Supplier_B,Raw_Materials,China,Germany,290,3342.0,20,10,Sea,8559,1420.99,3,Snow,Medium,0.778,5951,85.92,4,Medium,1,22
SHP100356,Supplier_C,Consumer_Goods,Germany,Germany,1099,3292.0,6,16,Air,2159,1190.49,4,Storm,Medium,0.801,2432,117.32,5,Low,1,21
SHP100357,Supplier_D,Automotive,Vietnam,USA,1721,302.0,8,12,Air,172,2130.47,3,Clear,High,0.988,1480,113.98,3,Medium,0,12
SHP100358,Supplier_E,Electronics,Germany,UK,611,173.0,14,29,Air,5211,1100.19,6,Snow,High,0.885,9191,81.7,1,Medium,1,23
SHP100359,Supplier_A,Consumer_Goods,Germany,UK,855,1286.0,9,21,Air,3021,1765.5,1,Clear,High,0.953,3970,118.27,1,Medium,0,11
SHP100360,Supplier_E,Raw_Materials,Germany,USA,1979,673.0,11,10,Road,10745,3839.86,7,Clear,Medium,0.934,2665,112.68,0,High,0,12
SHP100361,Supplier_D,Raw_Materials,India,Canada,347,3206.0,44,21,Sea,3988,1582.13,0,Clear,Medium,0.889,1328,119.25,5,Low,0,14
SHP100362,Supplier_D,Automotive,Germany,India,854,3186.0,5,6,Road,277,1832.03,2,Clear,High,0.944,4254,103.9,4,Medium,0,13
SHP100363,Supplier_D,Electronics,Germany,UK,203,3439.0,10,12,Air,2099,1029.62,1,Rain,Low,0.783,9608,116.54,4,Medium,0,16
SHP100364,Supplier_E,Electronics,India,USA,781,3467.0,16,25,Air,9063,2063.19,4,Clear,Low,0.885,8250,104.5,5,Low,1,15
SHP100365,Supplier_D,Medical,India,Germany,1725,1705.0,10,5,Sea,9237,3832.25,3,Clear,Medium,0.871,3301,112.75,4,High,1,19
SHP100366,Supplier_E,Electronics,Vietnam,USA,517,1316.0,5,6,Road,7526,2402.18,0,Clear,Medium,0.881,1944,100.52,2,High,0,7
SHP100367,Supplier_D,Automotive,USA,Canada,98,2995.0,33,18,Sea,4595,1060.56,5,Clear,Low,0.749,3052,116.46,2,Medium,1,17
SHP100368,Supplier_C,Medical,China,India,1727,1210.0,50,26,Sea,369,1657.57,6,Rain,Medium,0.78,8703,95.9,4,High,1,23
SHP100369,Supplier_D,Medical,China,Canada,95,2344.0,8,6,Sea,10147,1661.45,6,Clear,Medium,0.783,2451,106.83,5,Low,1,21
SHP100370,Supplier_E,Raw_Materials,Germany,Germany,1748,490.0,15,27,Air,1755,2973.51,3,Clear,Medium,0.875,8918,115.85,3,Low,0,14
SHP100371,Supplier_B,Raw_Materials,Vietnam,Germany,1358,2142.0,28,22,Rail,12044,3023.83,7,Clear,Medium,0.982,5003,91.12,2,Low,1,16
SHP100372,Supplier_D,Electronics,Germany,Germany,829,2755.0,43,22,Sea,2633,1467.71,3,,Medium,0.977,2586,71.32,5,Medium,1,14
SHP100373,Supplier_B,Medical,China,Germany,1701,3809.0,9,15,Road,12446,3423.38,3,Rain,Low,0.766,1389,75.65,4,Medium,1,13
SHP100374,Supplier_C,Raw_Materials,India,USA,131,603.0,24,23,Road,10981,1439.81,5,Clear,Low,0.788,4728,118.6,2,High,0,13
SHP100375,Supplier_A,Automotive,USA,Germany,1117,4954.0,38,19,Sea,5082,2372.59,3,Clear,Medium,0.71,9007,113.66,5,Medium,1,18
SHP100376,Supplier_C,Raw_Materials,Vietnam,Germany,1779,1162.0,13,25,Air,4461,2326.95,0,Clear,Medium,0.816,4635,94.17,0,Low,0,9
SHP100377,Supplier_D,Raw_Materials,India,USA,1843,2827.0,27,27,Road,10414,2829.67,5,Clear,Medium,0.942,7480,118.04,1,High,0,12
SHP100378,Supplier_B,Medical,USA,Germany,1004,1883.0,11,18,Air,6218,1407.09,5,Snow,Medium,0.966,3654,79.28,0,Medium,1,17
SHP100379,Supplier_B,Medical,Vietnam,Canada,322,1364.0,57,30,Sea,11453,2474.63,7,Clear,Medium,0.769,5106,75.55,4,High,1,24
SHP100380,Supplier_E,Consumer_Goods,Vietnam,Canada,443,3543.0,32,27,Road,8796,1910.45,1,Storm,Medium,0.777,9681,100.07,5,Medium,1,17
SHP100381,Supplier_B,Automotive,China,UK,1859,3188.0,16,19,Road,2504,2080.61,4,Rain,Medium,0.764,3319,89.11,1,Low,1,20
SHP100382,Supplier_E,Medical,India,Canada,839,3162.0,8,8,Road,2301,899.77,5,Clear,Low,0.802,7152,86.99,3,High,0,14
SHP100383,Supplier_A,Electronics,Vietnam,India,644,148.0,2,5,Road,6119,1268.19,1,Snow,High,0.933,3934,106.71,4,High,0,12
SHP100384,Supplier_D,Automotive,Vietnam,India,107,3975.0,11,22,Air,11581,2600.97,0,Rain,Medium,0.888,3823,77.5,3,Medium,0,11
SHP100385,Supplier_E,Automotive,USA,India,614,1529.0,51,26,Sea,12873,2573.88,4,Rain,Medium,0.928,3505,108.92,3,Low,1,17
SHP100386,Supplier_A,Medical,China,USA,50,4446.0,3,6,Air,5759,1324.46,5,Clear,Medium,0.869,8079,87.97,2,Low,1,14
SHP100387,Supplier_B,Automotive,Germany,Canada,265,1272.0,11,10,Road,1253,1205.35,2,Rain,High,0.775,8798,119.34,2,Medium,0,15
SHP100388,Supplier_B,Medical,China,India,1390,4633.0,28,22,Rail,4261,2174.9,1,Clear,Medium,0.766,8869,110.44,1,Medium,0,9
SHP100389,Supplier_A,Raw_Materials,Germany,UK,1301,1054.0,25,11,Sea,10719,3369.15,0,Clear,Low,0.703,7934,102.31,1,Medium,0,10
SHP100390,Supplier_B,Consumer_Goods,India,USA,1546,526.0,11,24,Air,1436,1673.11,0,Storm,High,0.926,1055,81.47,5,Low,0,14
SHP100391,Supplier_A,Raw_Materials,India,UK,1557,1185.0,7,3,Sea,8698,3226.98,0,Storm,Medium,0.946,9899,117.82,2,High,0,10
SHP100392,Supplier_E,Medical,Vietnam,Canada,815,2906.0,18,15,Rail,3578,2305.53,6,Clear,Low,0.923,2009,71.65,1,High,0,10
SHP100393,Supplier_E,Medical,India,Germany,720,1755.0,58,28,Sea,12336,2651.04,4,Rain,Low,0.722,5118,81.17,5,Medium,1,24
SHP100394,Supplier_A,Raw_Materials,Vietnam,UK,1360,567.0,2,4,Air,376,1287.3,7,Rain,Medium,0.921,4316,71.84,0,Low,0,13
SHP100395,Supplier_E,Electronics,China,Germany,560,1270.0,32,25,Rail,6858,2635.0,3,Clear,Medium,0.713,4489,118.33,4,Low,1,18
SHP100396,Supplier_E,Electronics,India,USA,1651,2556.0,11,12,Road,3580,2126.13,2,Clear,Medium,0.731,5326,113.57,0,High,0,10
SHP100397,Supplier_E,Electronics,China,UK,964,4375.0,13,25,Air,2461,1534.38,4,Clear,High,0.828,5305,117.61,4,Medium,1,16
SHP100398,Supplier_C,Medical,China,UK,1894,1241.0,26,21,Rail,10888,3233.32,4,Rain,Medium,0.838,6281,105.75,5,Medium,1,19
SHP100399,Supplier_D,Automotive,India,USA,1531,3930.0,37,19,Sea,5468,3299.9,7,Storm,Medium,0.937,2193,71.37,2,Medium,1,23
SHP100400,Supplier_B,Medical,China,USA,144,3293.0,52,26,Sea,10260,2961.94,7,Clear,Medium,0.897,5994,116.58,0,Low,1,17
SHP100401,Supplier_C,Automotive,India,India,542,2027.0,29,15,Sea,8752,1930.1,5,Rain,High,0.744,8506,91.05,3,Medium,1,20
SHP100402,Supplier_E,Raw_Materials,India,Canada,814,2292.0,28,28,Road,2546,2369.56,6,Rain,Medium,0.766,8969,88.41,0,Medium,1,19
SHP100403,Supplier_A,Consumer_Goods,India,UK,1071,3140.0,14,16,Road,12031,1773.78,1,Rain,High,0.783,2497,84.21,1,Medium,0,13
SHP100404,Supplier_E,Automotive,Germany,UK,199,1937.0,13,29,Air,14886,1528.38,2,Clear,Low,0.736,3410,84.34,0,Low,0,12
SHP100405,Supplier_D,Electronics,China,USA,1096,4609.0,17,13,Rail,14906,2683.84,0,Clear,High,0.783,9666,110.03,2,High,0,13
SHP100406,Supplier_E,Medical,USA,USA,805,1023.0,9,12,Air,14055,2078.08,4,Storm,Medium,0.911,6131,82.82,2,Medium,1,16
SHP100407,Supplier_A,Raw_Materials,India,Canada,1288,115.0,8,9,Road,9874,2531.78,2,Clear,High,0.77,4566,81.11,1,Medium,0,15
SHP100408,Supplier_D,Electronics,China,USA,448,2956.0,13,12,Road,7701,1521.94,1,Clear,Low,0.942,5048,104.9,4,Medium,0,8
SHP100409,Supplier_E,Raw_Materials,Vietnam,Germany,459,620.0,14,26,Air,5151,986.02,3,Storm,Low,0.836,7927,84.37,1,Low,1,13
SHP100410,Supplier_D,Consumer_Goods,India,Germany,180,3942.0,2,3,Air,3617,1460.72,2,Clear,Low,0.794,5624,70.66,5,Low,0,16
SHP100411,Supplier_B,Medical,India,Germany,904,357.0,22,16,Rail,4902,1995.8,6,Storm,Medium,0.82,9462,116.59,4,Medium,1,19
SHP100412,Supplier_B,Medical,USA,Germany,197,3458.0,10,5,Sea,12490,3115.61,6,Clear,Medium,0.906,7681,85.68,2,Low,1,14
SHP100413,Supplier_E,Consumer_Goods,Germany,Canada,430,3792.0,17,15,Road,2475,1915.52,0,Clear,High,0.85,7017,108.22,2,Medium,0,8
SHP100414,Supplier_D,Medical,Germany,UK,1182,832.0,13,4,Sea,7950,2980.24,6,Clear,Medium,0.702,7800,93.45,5,Medium,1,22
SHP100415,Supplier_A,Automotive,India,Germany,601,4266.0,19,19,Road,6844,2266.72,4,Clear,Low,0.967,8005,76.7,4,High,1,13
SHP100416,Supplier_E,Raw_Materials,China,USA,1194,815.0,48,23,Sea,6489,2649.51,3,Clear,Low,0.719,4551,103.1,0,Medium,1,16
SHP100417,Supplier_B,Electronics,Vietnam,Germany,344,3525.0,12,5,Sea,6348,1335.53,7,Rain,Low,0.972,5585,81.58,0,Medium,1,14
SHP100418,Supplier_B,Consumer_Goods,Vietnam,Canada,1193,822.0,55,28,Sea,11031,2598.43,1,Clear,High,0.708,5457,84.4,1,High,0,13
SHP100419,Supplier_E,Automotive,China,USA,505,3907.0,21,17,Rail,1071,300.0,0,Snow,High,0.924,4883,71.62,2,High,0,10
SHP100420,Supplier_D,Electronics,India,Germany,1603,3235.0,17,10,Sea,7236,3426.41,7,Clear,High,0.855,1768,70.82,0,Medium,0,16
SHP100421,Supplier_B,Electronics,Vietnam,UK,218,589.0,6,8,Air,9617,1961.83,3,Clear,Medium,0.847,9736,95.68,2,Medium,0,13
SHP100422,Supplier_D,Consumer_Goods,Germany,USA,759,2099.0,35,28,Rail,8444,807.24,5,Clear,Low,0.721,6074,72.89,1,Low,0,20
SHP100423,Supplier_B,Automotive,China,USA,1996,3333.0,10,11,Road,11900,3712.45,5,Rain,Low,0.769,9282,80.47,3,Medium,1,18
SHP100424,Supplier_B,Electronics,USA,UK,1216,4725.0,17,27,Air,4060,2044.13,1,Clear,Medium,0.925,5333,116.19,2,Medium,0,9
SHP100425,Supplier_C,Electronics,India,USA,86,1713.0,16,13,Rail,11398,1721.43,0,Clear,High,0.958,8191,74.14,3,Medium,0,10
SHP100426,Supplier_B,Automotive,China,Germany,1771,1097.0,27,24,Road,13344,2959.53,6,Storm,Low,0.853,8548,84.54,2,Low,1,19
SHP100427,Supplier_A,Medical,Vietnam,USA,1334,3886.0,6,4,Air,3186,1816.71,4,Clear,Low,0.802,3968,106.33,4,Medium,0,14
SHP100428,Supplier_E,Electronics,India,Germany,280,3489.0,4,11,Air,13517,2960.0,1,Clear,Medium,0.717,3659,114.22,5,Medium,0,14
SHP100429,Supplier_E,Raw_Materials,Germany,UK,303,555.0,21,20,Road,9021,1961.1,6,Clear,Medium,0.898,1633,72.31,3,Medium,1,18
SHP100430,Supplier_D,Automotive,India,India,378,3297.0,22,21,Road,4067,1113.89,3,Rain,Medium,0.781,4228,79.27,4,Low,1,17
SHP100431,Supplier_B,Electronics,India,UK,1976,3550.0,14,24,Air,12461,4251.28,0,Clear,High,0.716,2248,89.39,5,High,0,11
SHP100432,Supplier_A,Consumer_Goods,Germany,Germany,1370,1960.0,42,20,Sea,5051,3113.58,5,Storm,Low,0.893,1982,88.05,4,Low,1,18
SHP100433,Supplier_D,Raw_Materials,Germany,Canada,1029,782.0,10,7,Sea,4102,2684.29,5,Rain,High,0.841,3510,84.43,1,High,1,20
SHP100434,Supplier_C,Electronics,India,UK,59,3563.0,41,20,Sea,2432,1699.68,2,Rain,Low,0.703,4850,82.12,1,High,0,14
SHP100435,Supplier_D,Raw_Materials,Germany,Canada,495,1621.0,8,14,Air,9865,2646.42,0,Clear,Low,0.732,5758,83.43,0,Low,0,9
SHP100436,Supplier_D,Raw_Materials,China,Canada,971,4659.0,2,6,Air,11560,2673.55,3,Snow,Medium,0.903,4993,76.67,3,Low,1,14
SHP100437,Supplier_B,Medical,Germany,Germany,885,2992.0,19,17,Road,4475,1890.36,3,Clear,Low,0.718,1989,78.17,0,Medium,0,12
SHP100438,Supplier_C,Raw_Materials,Germany,Germany,1303,4506.0,15,13,Road,13174,3250.81,2,Rain,Medium,0.951,2616,100.34,3,High,0,9
SHP100439,Supplier_D,Medical,India,India,1609,2371.0,57,29,Sea,785,1545.24,6,Clear,Medium,0.79,8021,84.61,1,High,1,22
SHP100440,Supplier_A,Automotive,China,USA,127,3385.0,39,21,Sea,3988,399.28,3,,Medium,0.726,9616,89.98,1,Low,1,16
SHP100441,Supplier_A,Medical,USA,UK,1498,4672.0,18,7,Sea,9871,3797.41,6,Clear,Medium,0.92,2635,90.6,5,Medium,1,17
SHP100442,Supplier_E,Consumer_Goods,USA,Germany,242,4424.0,14,8,Sea,1068,2055.04,6,Clear,Medium,0.852,7395,75.49,5,Low,1,21
SHP100443,Supplier_C,Electronics,Vietnam,UK,450,2803.0,17,15,Rail,12029,2498.98,0,Storm,Low,0.789,6218,110.97,1,Low,0,14
SHP100444,Supplier_C,Automotive,Germany,Canada,158,1422.0,25,25,Road,7420,,6,Clear,High,0.818,1177,117.82,3,High,1,19
SHP100445,Supplier_E,Automotive,Germany,USA,841,1494.0,2,12,Air,14726,3482.93,5,Clear,High,0.706,6251,83.18,1,High,1,13
SHP100446,Supplier_D,Consumer_Goods,China,India,1996,3426.0,52,26,Sea,2133,2476.27,1,Rain,Low,0.892,1719,84.72,0,Medium,0,6
SHP100447,Supplier_C,Medical,USA,UK,312,,56,27,Sea,7175,2777.34,5,Rain,Medium,0.806,4128,104.66,4,Low,1,24
SHP100448,Supplier_A,Electronics,Vietnam,USA,378,2115.0,15,16,Road,5361,1947.9,6,Clear,Medium,0.907,8035,74.03,5,Medium,1,19
SHP100449,Supplier_A,Medical,China,India,412,113.0,13,6,Sea,9059,2396.85,7,Clear,Low,0.882,3789,115.37,3,Medium,1,20
SHP100450,Supplier_B,Raw_Materials,Germany,UK,1940,3995.0,23,22,Road,14747,3953.18,5,Snow,Medium,0.889,9845,76.03,4,High,1,19
SHP100451,Supplier_C,Medical,USA,USA,1451,379.0,26,25,Road,745,2094.52,0,Rain,Medium,0.93,7261,,0,High,0,5
SHP100452,Supplier_D,Automotive,Vietnam,Germany,1853,4908.0,27,14,Sea,4221,1930.09,6,Clear,Low,0.883,9681,84.58,2,Medium,1,17
SHP100453,Supplier_E,Electronics,India,UK,1414,2013.0,22,17,Rail,14322,4776.16,7,Storm,Low,0.821,7900,86.16,5,Low,1,25
SHP100454,Supplier_E,Medical,USA,USA,308,3138.0,28,28,Road,14690,2087.21,3,Clear,High,0.813,8523,77.04,1,High,1,15
SHP100455,Supplier_D,Electronics,Vietnam,India,1408,2540.0,12,12,Road,8212,2825.78,2,Clear,Medium,0.735,1607,102.32,5,Medium,1,16
SHP100456,Supplier_B,Electronics,China,USA,134,190.0,17,13,Rail,14146,3632.72,2,Clear,Low,0.926,4591,109.75,5,Medium,0,11
SHP100457,Supplier_E,Raw_Materials,India,Germany,1595,4589.0,26,11,Sea,9371,3421.91,4,Clear,Medium,0.921,6645,117.51,5,Low,0,19
SHP100458,Supplier_C,Raw_Materials,Vietnam,UK,1874,2523.0,27,13,Sea,6536,2889.53,2,Storm,Medium,0.771,5119,86.58,0,Low,1,15
SHP100459,Supplier_B,Automotive,Vietnam,UK,1887,3953.0,6,4,Rail,8928,3343.07,2,Clear,Medium,0.95,6311,101.06,2,Low,0,10
SHP100460,Supplier_C,Consumer_Goods,Germany,UK,1644,499.0,13,15,Road,12617,3146.54,3,Clear,High,0.871,9944,90.75,3,Low,0,13
SHP100461,Supplier_A,Electronics,USA,Germany,357,1875.0,42,29,Rail,10392,2988.22,1,Storm,Medium,0.839,4048,97.89,0,Medium,0,11
SHP100462,Supplier_B,Consumer_Goods,Germany,India,311,4496.0,14,24,Air,7197,1257.03,1,Clear,Medium,0.705,5444,78.15,3,Medium,0,13
SHP100463,Supplier_E,Automotive,India,UK,1971,4744.0,29,28,Road,8392,2814.58,3,Rain,Medium,0.811,5120,99.09,4,High,1,15
SHP100464,Supplier_B,Electronics,Vietnam,India,846,4856.0,17,28,Air,5686,1932.17,2,Clear,Medium,0.886,2014,112.45,4,Low,0,10
SHP100465,Supplier_B,Electronics,Germany,USA,680,919.0,18,10,Sea,12209,2561.72,0,Rain,Low,0.726,5896,113.18,3,Low,0,12
SHP100466,Supplier_B,Consumer_Goods,USA,India,729,3614.0,9,23,Air,13191,2273.29,5,Clear,Medium,0.833,8053,94.17,4,Medium,1,21
SHP100467,Supplier_B,Medical,India,India,914,3709.0,14,23,Air,968,1173.17,6,Clear,Medium,0.988,2591,81.79,4,Medium,1,16
SHP100468,Supplier_C,Raw_Materials,China,UK,1774,3652.0,8,10,Air,14702,2730.27,5,Rain,Medium,0.908,3588,111.83,1,High,0,10
SHP100469,Supplier_A,Medical,Germany,Canada,1525,442.0,2,3,Road,6014,2322.45,7,Rain,Medium,0.859,3538,119.97,3,Medium,1,20
SHP100470,Supplier_D,Consumer_Goods,India,Canada,1324,891.0,14,8,Sea,12389,4018.94,1,Rain,Medium,0.855,9982,88.86,3,Medium,0,12
SHP100471,Supplier_B,Raw_Materials,China,Germany,373,2498.0,11,28,Air,8313,968.54,7,Rain,Low,0.713,7181,116.22,2,Medium,1,20
SHP100472,Supplier_E,Medical,Germany,Germany,974,2841.0,32,15,Sea,10917,3791.57,3,Clear,Medium,0.978,5394,119.17,5,High,0,12
SHP100473,Supplier_B,Raw_Materials,India,Canada,1302,3003.0,6,11,Air,6455,1958.77,7,Clear,Medium,0.969,4098,89.78,1,Low,1,14
SHP100474,Supplier_E,Electronics,India,USA,1775,1408.0,40,30,Rail,2003,2558.73,0,Rain,High,0.898,9839,105.81,0,High,0,9
SHP100475,Supplier_C,Medical,Germany,UK,1901,1040.0,14,8,Sea,2676,3292.81,2,Rain,Medium,0.729,6876,99.05,1,Medium,0,14
SHP100476,Supplier_E,Raw_Materials,India,UK,1709,1088.0,35,17,Sea,14823,3897.16,3,Rain,Medium,0.76,2475,106.11,0,High,0,14
SHP100477,Supplier_D,Raw_Materials,Vietnam,USA,1669,77.0,22,25,Road,4209,2583.67,7,Rain,High,0.753,6204,77.71,3,High,1,23
SHP100478,Supplier_A,Raw_Materials,Germany,USA,1370,437.0,20,18,Road,4714,1607.75,1,Clear,Low,0.851,8737,88.34,1,Low,0,9
SHP100479,Supplier_E,Medical,India,Canada,776,882.0,10,6,Road,8114,1490.64,6,Clear,Low,0.76,6075,73.14,2,Medium,1,16
SHP100480,Supplier_E,Automotive,China,Germany,1310,299.0,25,30,Road,3393,2004.48,0,Clear,Medium,0.902,9807,100.66,5,Medium,0,10
SHP100481,Supplier_A,Medical,China,USA,1027,2077.0,39,28,Rail,2035,1841.19,0,Storm,Low,0.858,4672,116.33,4,Medium,1,18
SHP100482,Supplier_D,Consumer_Goods,Vietnam,Germany,1698,1578.0,9,19,Air,715,2418.62,1,Rain,Medium,0.705,3855,98.01,0,Low,0,13
SHP100483,Supplier_B,Medical,Germany,India,266,4243.0,15,11,Rail,5157,855.1,0,Rain,Low,0.916,2623,73.52,4,High,0,9
SHP100484,Supplier_E,Raw_Materials,India,UK,1906,1888.0,13,14,Road,10742,3681.78,5,Clear,Low,0.755,6636,116.52,5,High,1,18
SHP100485,Supplier_A,Electronics,India,Canada,1319,1410.0,46,24,Sea,11876,3315.89,6,Clear,Medium,0.939,3830,76.65,3,Medium,1,17
SHP100486,Supplier_C,Medical,China,UK,497,3159.0,24,21,Road,8578,2152.39,1,Storm,Medium,0.803,9690,114.15,3,Low,1,16
SHP100487,Supplier_A,Medical,Vietnam,Canada,1920,1373.0,21,22,Road,14819,2728.13,5,Storm,High,0.798,5682,105.71,3,High,1,24
SHP100488,Supplier_C,Raw_Materials,China,India,368,2276.0,17,28,Air,11610,2105.77,3,Clear,High,0.703,4089,101.82,4,Medium,1,18
SHP100489,Supplier_D,Electronics,China,UK,1043,3730.0,9,14,Air,2023,2056.93,4,Rain,Low,0.986,2752,,5,Medium,0,14
SHP100490,Supplier_B,Electronics,Vietnam,India,1505,941.0,31,24,Rail,13502,3298.11,6,Clear,Medium,0.877,5014,76.56,3,Low,0,16
SHP100491,Supplier_A,Consumer_Goods,Germany,Canada,1477,1355.0,19,8,Sea,13213,,2,Clear,Low,0.823,1613,95.04,3,Low,0,14
SHP100492,Supplier_E,Medical,India,USA,1959,4598.0,28,14,Sea,6555,4220.1,3,Rain,Medium,0.728,1643,79.83,4,Medium,1,19
SHP100493,Supplier_D,Electronics,Germany,UK,86,4242.0,14,11,Road,7704,1762.72,5,Rain,High,0.903,2135,98.59,3,Low,1,17
SHP100494,Supplier_A,Electronics,USA,India,1649,311.0,47,22,Sea,8252,2441.78,2,Rain,Medium,0.782,4699,92.37,5,Medium,1,14
SHP100495,Supplier_E,Automotive,USA,UK,780,2390.0,2,7,Air,2873,839.1,2,Clear,Low,0.987,1161,103.98,0,Low,0,4
SHP100496,Supplier_A,Automotive,USA,UK,1415,1843.0,21,23,Road,10382,3763.16,5,Clear,Medium,0.976,7069,119.12,1,High,0,11
SHP100497,Supplier_C,Electronics,Vietnam,UK,1060,2346.0,5,5,Road,5293,1860.26,5,Clear,Low,0.913,4402,88.05,0,High,0,8
SHP100498,Supplier_A,Consumer_Goods,China,Germany,1462,2342.0,2,4,Air,11093,3190.62,6,Clear,Medium,0.982,4993,100.84,3,Low,0,11
SHP100499,Supplier_A,Electronics,Germany,India,1107,2220.0,14,10,Rail,9284,2626.63,1,Clear,Medium,0.731,5855,113.22,5,Low,0,15
SHP100500,Supplier_A,Raw_Materials,India,India,88,374.0,3,12,Air,9876,1975.74,4,Clear,Medium,0.781,1056,74.65,5,Medium,1,21
SHP100501,Supplier_D,Medical,USA,UK,1652,1035.0,34,17,Sea,2003,2305.74,6,Clear,High,0.773,6284,110.01,3,Medium,1,22
SHP100502,Supplier_A,Consumer_Goods,Germany,USA,258,4832.0,7,11,Air,9167,1765.57,5,Clear,Medium,0.721,4237,81.97,3,Low,1,18
SHP100503,Supplier_E,Raw_Materials,USA,UK,879,3902.0,14,12,Road,13121,3120.91,2,Rain,High,0.982,5902,97.01,3,Medium,0,13
SHP100504,Supplier_C,Consumer_Goods,USA,Germany,905,1789.0,25,13,Sea,10177,2489.46,2,Rain,High,0.717,6996,119.58,4,High,1,22
SHP100505,Supplier_C,Raw_Materials,India,Canada,1225,1910.0,20,11,Sea,243,2126.01,3,Rain,Medium,0.948,1619,119.2,5,Low,1,14
SHP100506,Supplier_A,Medical,Vietnam,Germany,948,3187.0,15,16,Road,7596,2380.89,4,Clear,Medium,0.923,5874,85.79,1,Low,0,11
SHP100507,Supplier_D,Medical,China,USA,1438,3948.0,5,7,Air,2356,1076.8,4,Clear,Low,0.809,3613,76.59,4,Medium,0,13
SHP100508,Supplier_D,Automotive,Vietnam,UK,1272,885.0,27,29,Road,9414,4162.58,7,Clear,Medium,0.705,8141,116.91,4,High,1,21
SHP100509,Supplier_E,Raw_Materials,Germany,India,650,4204.0,21,11,Sea,799,1402.35,7,Clear,Medium,0.702,6373,114.68,5,Low,1,25
SHP100510,Supplier_A,Automotive,Vietnam,UK,809,2828.0,7,6,Rail,12501,2419.28,2,Clear,Low,0.759,3835,100.8,3,Medium,0,12
SHP100511,Supplier_C,Raw_Materials,Germany,USA,1908,1446.0,5,4,Sea,6418,3946.48,4,Clear,Medium,0.843,9857,71.62,0,Low,0,14
SHP100512,Supplier_D,Automotive,Germany,India,1152,1726.0,7,21,Air,370,996.53,3,Rain,Medium,0.833,9319,107.56,5,High,1,18
SHP100513,Supplier_A,Medical,China,Germany,1550,4381.0,4,3,Air,8354,2184.57,1,Snow,High,0.87,4557,78.04,0,Medium,0,11
SHP100514,Supplier_D,Consumer_Goods,India,Canada,483,4363.0,32,23,Rail,1107,1506.21,2,Clear,Medium,0.924,5171,117.15,2,Medium,0,12
SHP100515,Supplier_D,Automotive,China,Canada,1870,1887.0,5,3,Road,11135,3006.88,0,Storm,Medium,0.809,5982,91.76,5,High,1,13
SHP100516,Supplier_C,Raw_Materials,Vietnam,UK,891,3771.0,27,14,Sea,13815,3811.76,2,Clear,High,0.747,7925,100.76,1,Medium,0,13
SHP100517,Supplier_B,Raw_Materials,Germany,Germany,81,3722.0,13,13,Road,10564,2321.72,2,Rain,Medium,0.932,1634,84.05,5,High,1,11
SHP100518,Supplier_E,Medical,USA,USA,1160,3072.0,7,3,Sea,10274,2848.69,1,Rain,Low,0.796,4608,93.75,2,Low,0,11
SHP100519,Supplier_E,Raw_Materials,USA,Canada,1624,4734.0,24,16,Rail,14596,4529.94,5,Storm,Medium,0.783,8606,107.73,4,Medium,1,22
SHP100520,Supplier_C,Electronics,Germany,Germany,442,1721.0,38,29,Rail,7303,1899.09,7,Clear,High,0.922,6737,94.6,2,Low,1,17
SHP100521,Supplier_D,Consumer_Goods,China,UK,1686,966.0,16,13,Rail,10720,3496.52,5,Clear,Low,0.971,8945,112.36,2,High,1,14
SHP100522,Supplier_A,Automotive,India,India,1317,967.0,13,9,Rail,3824,2097.55,0,Clear,Medium,0.965,3573,105.65,5,Medium,0,9
SHP100523,Supplier_D,Consumer_Goods,China,UK,1305,1183.0,2,4,Rail,12705,2991.32,7,Clear,Medium,0.74,2156,73.87,2,High,1,18
SHP100524,Supplier_C,Medical,Germany,UK,959,1886.0,7,17,Air,11047,2466.16,0,Storm,High,0.846,6653,100.34,1,Low,0,10
SHP100525,Supplier_E,Automotive,Germany,Germany,1653,2188.0,10,10,Road,12026,4222.95,0,Rain,High,0.727,4868,100.63,5,Low,0,18
SHP100526,Supplier_D,Automotive,India,Canada,241,4057.0,25,24,Road,6699,1959.14,7,Rain,Medium,0.979,7534,89.04,0,Medium,1,16
SHP100527,Supplier_E,Electronics,Vietnam,Germany,1989,1955.0,30,22,Rail,9584,2840.45,5,Clear,High,0.762,9435,86.14,0,Low,1,19
SHP100528,Supplier_A,Medical,Vietnam,India,1613,4039.0,53,27,Sea,6587,3044.6,6,Storm,Low,0.757,1767,73.14,2,Low,1,23
SHP100529,Supplier_E,Raw_Materials,India,Germany,319,3535.0,8,17,Air,13451,2049.46,1,Clear,Low,0.958,9606,92.31,5,High,0,12
SHP100530,Supplier_E,Electronics,Vietnam,USA,787,4847.0,55,28,Sea,8017,3084.69,4,Clear,High,0.981,7570,86.83,1,Low,1,16
SHP100531,Supplier_B,Electronics,USA,UK,126,2170.0,11,10,Road,4609,1502.99,0,Storm,Medium,0.902,3886,117.55,0,Medium,0,11
SHP100532,Supplier_B,Consumer_Goods,Vietnam,Canada,784,2782.0,7,12,Air,13633,1949.59,7,Clear,Low,0.735,1861,103.71,3,High,1,21
SHP100533,Supplier_B,Consumer_Goods,Vietnam,India,933,2819.0,42,21,Sea,5500,2591.79,4,Clear,Medium,0.841,5914,93.0,5,Low,1,18
SHP100534,Supplier_E,Consumer_Goods,Vietnam,UK,1240,1371.0,9,5,Sea,4420,2126.77,3,Clear,High,0.937,5957,107.73,5,Medium,1,15
SHP100535,Supplier_C,Electronics,USA,Germany,333,3766.0,45,22,Sea,13868,3345.33,7,Rain,High,0.866,4933,108.94,0,High,1,21
SHP100536,Supplier_E,Raw_Materials,Vietnam,USA,1777,3404.0,32,16,Sea,9469,4101.61,1,Rain,High,0.738,1209,94.02,0,High,0,13
SHP100537,Supplier_C,Automotive,USA,Germany,1162,1578.0,9,11,Air,14715,2718.33,4,Clear,Medium,0.75,7122,73.79,1,Medium,0,12
SHP100538,Supplier_C,Consumer_Goods,India,UK,593,4793.0,14,11,Rail,5572,1930.53,5,Rain,High,0.951,3157,109.03,1,High,1,14
SHP100539,Supplier_B,Raw_Materials,China,India,698,809.0,23,23,Road,7306,2140.7,6,Rain,Medium,0.853,3377,74.51,0,Low,1,18
SHP100540,Supplier_D,Medical,India,Canada,1229,3462.0,13,30,Air,6972,1987.29,5,Snow,Medium,0.905,3189,112.38,3,Low,1,16
SHP100541,Supplier_A,Consumer_Goods,China,UK,299,1407.0,30,27,Road,8023,1968.63,0,Rain,High,0.808,9867,86.71,3,Medium,0,12
SHP100542,Supplier_B,Automotive,India,India,144,2240.0,8,8,Road,4816,1635.25,6,Rain,Medium,0.854,7230,101.91,2,High,1,14
SHP100543,Supplier_B,Medical,China,UK,66,3531.0,5,10,Air,7218,1208.38,0,Rain,Low,0.983,7283,107.02,2,Medium,0,6
SHP100544,Supplier_D,Medical,China,USA,166,998.0,29,13,Sea,2720,1899.65,6,Clear,Medium,0.796,2355,71.76,0,Medium,1,19
SHP100545,Supplier_A,Automotive,Germany,Germany,1032,2129.0,12,10,Road,2636,957.15,4,Clear,Medium,0.896,9217,89.23,0,High,0,6
SHP100546,Supplier_E,Consumer_Goods,China,Canada,382,1816.0,25,14,Sea,5203,2338.56,5,Clear,Low,0.75,2650,100.21,0,Medium,0,15
SHP100547,Supplier_E,Electronics,China,India,1896,77.0,14,12,Road,10260,4000.39,4,Clear,Low,0.735,3958,112.41,5,High,0,16
SHP100548,Supplier_B,Automotive,Germany,Canada,1595,2520.0,52,25,Sea,7180,3599.24,3,Clear,Medium,0.927,5457,105.89,3,Medium,0,17
SHP100549,Supplier_A,Automotive,Vietnam,Canada,1153,2588.0,2,6,Air,5417,1607.99,7,Clear,Low,0.945,6990,114.81,4,Medium,1,16
SHP100550,Supplier_B,Automotive,Vietnam,Canada,695,209.0,26,18,Rail,13687,3340.87,1,Clear,Medium,0.894,2682,74.14,2,Medium,0,11
SHP100551,Supplier_C,Medical,Germany,India,1505,2942.0,10,22,Air,1295,2834.9,5,Clear,Medium,0.746,2966,73.59,2,High,1,19
SHP100552,Supplier_B,Raw_Materials,USA,India,1276,4163.0,10,8,Road,11123,2885.68,2,Clear,Low,0.77,4286,105.68,4,Medium,1,13
SHP100553,Supplier_B,Electronics,China,Canada,165,3772.0,4,11,Air,8799,1790.2,5,Rain,Medium,0.964,1995,89.93,0,High,0,8
SHP100554,Supplier_E,Consumer_Goods,China,Germany,1012,3781.0,55,25,Sea,504,2142.01,3,Storm,High,0.784,9268,94.08,2,High,1,19
SHP100555,Supplier_E,Consumer_Goods,Germany,UK,1293,2521.0,14,7,Sea,1394,1694.13,5,Clear,Low,0.937,3142,100.22,3,Medium,0,14
SHP100556,Supplier_E,Raw_Materials,Germany,Canada,1326,4900.0,13,23,Air,6154,1557.27,3,Clear,Low,0.783,1956,119.3,4,High,1,12
SHP100557,Supplier_C,Automotive,USA,USA,1242,1620.0,52,26,Sea,3725,2519.15,5,Clear,High,0.972,1217,73.36,3,Medium,1,14
SHP100558,Supplier_E,Electronics,Vietnam,Canada,896,886.0,2,8,Air,7968,2092.19,3,Clear,Medium,0.965,4946,75.44,5,Low,0,10
SHP100559,Supplier_A,Consumer_Goods,India,India,365,3988.0,38,19,Sea,2919,1128.37,6,Clear,High,0.713,3415,111.47,0,Medium,1,22
SHP100560,Supplier_D,Consumer_Goods,Vietnam,UK,1790,2336.0,16,19,Road,4859,2674.71,0,Rain,Medium,0.923,7195,,2,Low,0,7
SHP100561,Supplier_A,Automotive,China,USA,859,3455.0,14,27,Air,14566,2573.41,4,Clear,Low,0.749,2467,92.52,3,Medium,1,21
SHP100562,Supplier_A,Raw_Materials,Germany,UK,421,2720.0,33,26,Rail,5845,2110.82,7,Rain,Low,0.762,3872,108.71,4,High,1,25
SHP100563,Supplier_E,Electronics,USA,UK,809,4162.0,9,24,Air,13796,2689.16,5,Rain,Low,0.833,1032,79.76,0,High,0,15
SHP100564,Supplier_D,Raw_Materials,Vietnam,USA,926,4797.0,7,15,Air,14145,2760.78,1,Clear,High,0.867,4487,79.35,2,Medium,0,7
SHP100565,Supplier_D,Raw_Materials,USA,Canada,1026,4405.0,17,19,Road,7664,2344.83,0,Clear,High,0.794,7787,85.51,2,High,0,13
SHP100566,Supplier_D,Electronics,Vietnam,Canada,1656,1677.0,31,16,Sea,3737,1781.25,3,Clear,High,0.867,9616,77.5,0,Medium,0,11
SHP100567,Supplier_C,Electronics,China,Canada,205,1916.0,8,4,Sea,1973,604.37,1,Clear,High,0.749,5882,103.93,0,Medium,0,7
SHP100568,Supplier_E,Consumer_Goods,India,Germany,663,254.0,15,28,Air,13707,3402.09,0,Clear,High,0.706,4078,80.01,0,High,0,11
SHP100569,Supplier_D,Consumer_Goods,USA,Canada,1086,3629.0,19,21,Road,1506,2389.08,7,Snow,Medium,0.866,7638,81.34,5,Medium,1,24
SHP100570,Supplier_C,Electronics,USA,USA,557,3224.0,26,28,Road,11875,2424.69,2,Storm,High,0.85,5862,98.75,3,Medium,1,16
SHP100571,Supplier_B,Medical,India,Germany,514,841.0,16,30,Air,5614,2016.85,5,Storm,Low,0.9,2817,118.37,1,High,1,15
SHP100572,Supplier_B,Consumer_Goods,USA,Canada,832,4142.0,10,5,Sea,1677,1027.93,5,Clear,Medium,0.888,6867,115.69,5,Low,1,18
SHP100573,Supplier_C,Medical,USA,Germany,853,3797.0,6,4,Road,7872,1629.8,3,Clear,Medium,0.96,6473,113.22,2,High,0,9
SHP100574,Supplier_C,Electronics,Vietnam,USA,269,1155.0,60,30,Sea,5479,394.74,0,Clear,High,0.833,5294,96.55,3,Medium,0,15
SHP100575,Supplier_E,Consumer_Goods,Vietnam,Canada,64,1140.0,3,4,Air,12668,1540.19,7,Clear,Medium,0.702,1714,84.89,4,Medium,1,20
SHP100576,Supplier_E,Raw_Materials,India,India,1823,1657.0,42,24,Sea,11719,3695.16,0,Clear,High,0.883,4207,105.29,2,Medium,0,14
SHP100577,Supplier_B,Electronics,China,USA,166,1889.0,3,9,Air,14855,2718.12,3,Rain,Medium,0.896,4980,89.48,5,Low,1,16
SHP100578,Supplier_D,Automotive,USA,UK,380,3447.0,12,6,Sea,5411,1880.55,2,Clear,Medium,0.851,5383,108.9,1,High,0,7
SHP100579,Supplier_B,Medical,China,UK,105,116.0,19,19,Road,8928,1966.45,5,Storm,High,0.9,3024,70.81,4,Medium,1,23
SHP100580,Supplier_D,Electronics,India,USA,1424,4829.0,16,8,Sea,5647,2630.73,4,Snow,Low,0.794,7862,96.48,2,Medium,1,15
SHP100581,Supplier_D,Electronics,India,UK,1205,1328.0,20,9,Sea,907,1871.02,2,Clear,High,0.743,3614,86.87,1,High,0,15
SHP100582,Supplier_E,Consumer_Goods,Vietnam,USA,1299,4208.0,28,22,Rail,2495,1846.95,3,Storm,Medium,0.893,1810,82.45,0,Medium,0,14
SHP100583,Supplier_A,Consumer_Goods,USA,India,357,863.0,17,8,Sea,4624,1974.87,4,Clear,Medium,0.771,3030,103.09,1,High,1,13
SHP100584,Supplier_A,Consumer_Goods,Germany,USA,1548,452.0,22,11,Sea,1515,993.24,0,,High,0.832,7033,102.92,2,High,0,9
SHP100585,Supplier_C,Automotive,India,Canada,1979,2052.0,45,22,Sea,7608,3433.65,6,Rain,Medium,0.843,2972,71.85,1,Low,1,20
SHP100586,Supplier_E,Consumer_Goods,USA,Canada,271,4216.0,31,30,Road,14982,2715.84,7,Clear,Medium,0.838,8954,117.38,5,Medium,1,23
SHP100587,Supplier_D,Electronics,China,Germany,1246,2975.0,54,28,Sea,2549,3039.5,6,Storm,Medium,0.874,9908,88.09,2,High,1,23
SHP100588,Supplier_A,Consumer_Goods,Vietnam,UK,1413,3043.0,13,6,Sea,13052,4034.83,7,Rain,Low,0.709,1824,115.87,2,High,1,21
SHP100589,Supplier_D,Raw_Materials,China,UK,846,1136.0,38,28,Rail,13137,3842.92,2,Storm,Medium,0.987,2727,99.19,1,Medium,0,12
SHP100590,Supplier_A,Consumer_Goods,India,USA,1579,4390.0,39,30,Rail,3596,2042.4,6,Snow,Medium,0.908,8503,102.63,1,High,1,18
SHP100591,Supplier_A,Automotive,India,UK,1894,2616.0,8,7,Road,11880,3132.95,2,Clear,High,0.823,6121,118.03,5,Medium,1,15
SHP100592,Supplier_A,Raw_Materials,China,Canada,1230,4538.0,42,21,Sea,7203,3776.09,6,Clear,Low,0.755,3232,111.11,4,Low,1,22
SHP100593,Supplier_E,Electronics,India,India,200,821.0,22,12,Sea,12321,2574.29,7,Clear,Medium,0.723,6680,77.0,4,Low,1,24
SHP100594,Supplier_B,Electronics,USA,USA,1770,3722.0,9,20,Air,4832,1853.8,5,Clear,High,0.895,7745,70.26,3,Medium,1,17
SHP100595,Supplier_D,Medical,India,UK,1251,3298.0,34,17,Sea,7122,2850.25,6,Clear,High,0.792,8605,85.43,2,High,1,23
SHP100596,Supplier_E,Raw_Materials,Vietnam,Canada,1606,1719.0,27,27,Road,7595,2852.36,7,Storm,Medium,0.767,1762,94.43,4,Medium,1,26
SHP100597,Supplier_E,Medical,USA,Germany,161,1606.0,5,3,Sea,14522,3705.29,5,Clear,Medium,0.81,1021,106.61,3,High,0,18
SHP100598,Supplier_E,Raw_Materials,Germany,UK,732,3008.0,8,7,Rail,8806,2067.49,4,Snow,Medium,0.872,3259,103.05,5,Medium,1,17
SHP100599,Supplier_E,Raw_Materials,India,India,1211,1201.0,3,7,Air,5199,2403.31,0,Rain,Medium,0.895,5561,85.64,2,Low,0,8
SHP100600,Supplier_E,Automotive,India,India,1306,1267.0,17,10,Sea,7432,3849.78,2,Clear,Low,0.887,8132,97.1,5,High,0,9
SHP100601,Supplier_C,Medical,Vietnam,UK,381,2281.0,23,24,Road,3394,2089.98,4,Clear,High,0.95,4305,102.55,3,Medium,0,15
SHP100602,Supplier_D,Automotive,Vietnam,UK,1615,4392.0,50,24,Sea,3008,3500.02,2,Clear,Medium,0.763,8770,95.69,4,Medium,0,16
SHP100603,Supplier_E,Raw_Materials,China,Canada,942,3994.0,32,24,Rail,5516,2234.94,6,Clear,Medium,0.885,5892,104.45,3,Low,1,17
SHP100604,Supplier_D,Electronics,China,UK,1380,2092.0,28,22,Rail,10790,3422.26,5,Clear,Medium,0.729,9612,94.26,1,Low,0,18
SHP100605,Supplier_C,Raw_Materials,China,Germany,210,755.0,8,17,Air,9658,1537.24,0,Clear,Medium,0.859,5436,96.48,5,Medium,0,11
SHP100606,Supplier_C,Automotive,Vietnam,Canada,1475,2719.0,14,19,Air,8632,3867.53,6,Rain,Medium,0.869,8097,117.04,3,High,1,15
SHP100607,Supplier_D,Medical,China,USA,1663,2163.0,10,21,Air,13872,3580.53,0,Clear,High,0.763,7814,89.46,5,Low,0,14
SHP100608,Supplier_A,Medical,China,Germany,327,3027.0,16,15,Road,13803,2777.08,1,Rain,Low,0.814,9314,107.79,0,High,0,15
SHP100609,Supplier_B,Automotive,Germany,Canada,1393,4399.0,55,28,Sea,12264,3651.02,4,Storm,Medium,0.94,5967,86.73,0,Medium,0,16
SHP100610,Supplier_A,Medical,China,Canada,1606,4428.0,31,30,Road,9852,1907.76,5,Clear,Low,0.743,9625,86.59,3,Medium,1,19
SHP100611,Supplier_A,Consumer_Goods,India,India,946,472.0,55,29,Sea,5770,1444.75,5,Clear,Low,0.826,7331,116.33,0,High,0,12
SHP100612,Supplier_A,Electronics,Vietnam,Canada,546,2071.0,23,24,Road,2568,1010.5,5,Rain,Medium,0.97,5165,104.93,3,Low,0,14
SHP100613,Supplier_E,Electronics,USA,Germany,1436,3843.0,22,23,Road,2528,1906.44,6,Snow,Low,0.846,4482,116.45,5,High,1,19
SHP100614,Supplier_C,Electronics,Germany,UK,1445,4181.0,20,12,Sea,3788,2989.61,3,Clear,Low,0.91,9037,119.73,3,High,0,12
SHP100615,Supplier_A,Medical,Vietnam,Germany,1965,580.0,39,19,Sea,6248,3630.96,2,Clear,High,0.94,3884,70.01,3,Medium,0,11
SHP100616,Supplier_C,Medical,Vietnam,USA,704,140.0,2,7,Air,10987,2425.13,0,Clear,Medium,0.759,3638,119.16,0,Medium,0,10
SHP100617,Supplier_D,Raw_Materials,India,Canada,1109,3422.0,42,20,Sea,2127,,2,Clear,Low,0.763,4877,75.04,2,Low,0,12
SHP100618,Supplier_B,Raw_Materials,China,Canada,352,1992.0,37,19,Sea,7271,2003.75,2,Clear,Low,0.92,2615,73.52,3,Medium,0,13
SHP100619,Supplier_D,Electronics,India,Canada,487,3855.0,10,6,Sea,12044,3557.39,3,Clear,Low,0.918,7004,108.39,3,Medium,0,12
SHP100620,Supplier_D,Consumer_Goods,China,Canada,775,1290.0,32,24,Rail,415,1072.96,0,Rain,Medium,0.717,4808,87.51,1,High,0,15
SHP100621,Supplier_E,Raw_Materials,China,India,1105,1808.0,11,9,Rail,14233,3268.18,1,Clear,Medium,0.794,1226,115.89,1,Medium,0,8
SHP100622,Supplier_B,Raw_Materials,Vietnam,India,235,147.0,27,27,Road,4089,1587.05,5,Clear,Medium,0.816,1535,97.23,4,Medium,1,25
SHP100623,Supplier_D,Medical,China,UK,1247,1529.0,15,7,Sea,9393,2783.76,4,Clear,Low,0.94,2122,89.31,0,Medium,0,10
SHP100624,Supplier_D,Consumer_Goods,Germany,Canada,1639,4676.0,10,10,Road,630,1183.65,2,Storm,Medium,0.822,5365,73.67,2,Medium,1,16
SHP100625,Supplier_B,Electronics,Germany,USA,722,1882.0,19,10,Sea,7984,2746.76,3,Clear,Medium,0.969,8089,93.23,3,Low,0,13
SHP100626,Supplier_B,Raw_Materials,Germany,UK,1323,2635.0,3,13,Air,10694,3738.65,3,Snow,Medium,0.989,6213,83.89,3,Low,0,11
SHP100627,Supplier_D,Consumer_Goods,Vietnam,Canada,1050,3697.0,20,11,Sea,1959,1965.92,4,Clear,High,0.926,4534,73.83,0,Low,0,11
SHP100628,Supplier_B,Consumer_Goods,India,India,1836,129.0,10,21,Air,4857,2804.88,4,Clear,Medium,0.893,1658,103.52,4,Low,0,16
SHP100629,Supplier_D,Electronics,USA,USA,328,4759.0,42,21,Sea,7972,2184.67,6,Clear,Low,0.814,8218,118.87,4,Medium,1,18
SHP100630,Supplier_D,Consumer_Goods,China,UK,732,2273.0,25,11,Sea,13683,3556.33,7,Rain,High,0.719,5991,88.95,1,Medium,1,22
SHP100631,Supplier_E,Consumer_Goods,USA,USA,1768,2619.0,37,25,Rail,9511,2492.72,0,Clear,Low,0.866,9208,84.86,0,Low,0,9
SHP100632,Supplier_A,Consumer_Goods,India,Canada,1075,1822.0,44,22,Sea,12514,2870.22,2,Rain,Medium,0.805,2903,74.5,4,High,1,19
SHP100633,Supplier_D,Raw_Materials,India,Germany,1267,4568.0,26,19,Rail,12736,3525.91,2,Rain,Medium,0.802,2612,81.16,4,Low,1,19
SHP100634,Supplier_C,Electronics,Vietnam,USA,1239,1173.0,8,18,Air,10058,2386.35,4,Rain,Medium,0.899,6397,84.25,2,Medium,0,14
SHP100635,Supplier_A,Consumer_Goods,Germany,USA,1832,3861.0,3,9,Air,1167,1180.58,7,Clear,High,0.834,9627,87.21,1,Medium,1,16
SHP100636,Supplier_A,Consumer_Goods,Germany,India,1060,3524.0,56,28,Sea,827,1661.02,5,Storm,Low,0.918,4455,101.7,1,Low,0,15
SHP100637,Supplier_A,Raw_Materials,India,Canada,974,,23,24,Road,343,1935.24,6,Clear,Medium,0.815,3004,75.74,1,Low,0,13
SHP100638,Supplier_E,Electronics,Vietnam,USA,1829,1453.0,2,5,Air,14444,2902.77,1,Clear,Low,0.744,3733,72.92,5,Low,0,13
SHP100639,Supplier_D,Medical,Vietnam,Canada,1183,2628.0,10,23,Air,10077,1469.58,2,Clear,Medium,0.834,6251,116.53,4,Medium,1,16
SHP100640,Supplier_E,Raw_Materials,China,India,429,381.0,41,21,Sea,811,2274.92,3,Rain,Medium,0.976,9454,109.96,3,High,0,14
SHP100641,Supplier_D,Electronics,Germany,Canada,884,4798.0,20,10,Sea,11185,3166.0,5,Clear,Medium,0.932,3441,83.91,5,High,1,17
SHP100642,Supplier_E,Consumer_Goods,India,India,1048,3658.0,7,7,Road,11442,3661.97,4,Clear,Low,0.76,8950,101.94,4,Low,0,14
SHP100643,Supplier_E,Electronics,USA,India,1656,789.0,54,28,Sea,8024,3522.86,2,Clear,Low,0.813,7041,99.62,4,High,0,14
SHP100644,Supplier_C,Electronics,Germany,UK,1749,4656.0,15,28,Air,12473,2794.31,0,Clear,Medium,0.969,7351,107.15,0,Medium,0,7
SHP100645,Supplier_E,Electronics,China,Canada,334,91.0,10,8,Rail,9800,2527.49,4,Clear,High,0.736,1807,112.96,1,Medium,1,16
SHP100646,Supplier_B,Medical,Vietnam,Germany,1960,3928.0,8,4,Sea,8562,3776.95,3,Clear,High,0.774,3512,87.89,1,Low,1,14
SHP100647,Supplier_C,Electronics,India,UK,470,1999.0,27,26,Road,10089,3244.6,0,Clear,High,0.776,1357,103.04,2,Low,0,14
SHP100648,Supplier_E,Medical,Germany,India,162,3510.0,30,27,Road,2660,1980.91,6,Clear,Medium,0.866,8311,110.1,1,Medium,1,17
SHP100649,Supplier_A,Consumer_Goods,USA,Germany,1067,2178.0,27,21,Rail,5239,2627.6,4,Storm,Low,0.819,3401,104.96,4,High,1,21
SHP100650,Supplier_B,Medical,China,USA,277,4547.0,28,15,Sea,3660,1890.28,4,Clear,Medium,0.723,2274,116.11,0,Low,0,17
SHP100651,Supplier_B,Consumer_Goods,China,USA,1544,2204.0,9,8,Road,4103,2374.17,2,Clear,Medium,0.882,1988,94.73,2,Medium,0,9
SHP100652,Supplier_B,Consumer_Goods,Germany,UK,1886,1287.0,17,8,Sea,2277,2478.21,0,Clear,Low,0.729,1017,110.13,4,Low,0,12
SHP100653,Supplier_C,Medical,USA,Germany,577,1816.0,5,4,Road,937,1978.14,7,Rain,Medium,0.876,2738,115.49,4,Low,1,17
SHP100654,Supplier_E,Raw_Materials,China,Canada,545,1891.0,56,28,Sea,11109,2671.25,6,Clear,Low,0.847,3763,97.85,5,High,1,17
SHP100655,Supplier_E,Automotive,India,Germany,80,555.0,50,26,Sea,3814,1259.96,7,Clear,Medium,0.843,7628,70.86,2,Low,1,20
SHP100656,Supplier_A,Electronics,China,UK,211,1891.0,7,7,Rail,3178,1502.74,4,Clear,Low,0.72,6121,110.9,5,Low,1,21
SHP100657,Supplier_A,Automotive,USA,Canada,1891,4865.0,6,13,Air,11191,2786.7,5,Snow,Low,0.885,1913,112.3,4,High,1,17
SHP100658,Supplier_B,Electronics,Vietnam,Canada,754,1444.0,15,13,Rail,10068,2358.41,7,Rain,Medium,0.825,9757,,4,Medium,1,21
SHP100659,Supplier_A,Electronics,Vietnam,USA,771,306.0,35,26,Rail,5132,1973.54,3,Clear,Medium,0.819,8333,81.45,5,Low,1,19
SHP100660,Supplier_C,Consumer_Goods,Germany,Germany,1451,1770.0,29,16,Sea,13721,4017.87,0,Clear,Medium,0.873,3912,118.91,0,Medium,0,9
SHP100661,Supplier_E,Electronics,USA,Canada,495,1121.0,30,15,Sea,14220,4005.0,5,Clear,Medium,0.876,2471,97.58,0,Medium,0,13
SHP100662,Supplier_B,Electronics,China,UK,793,1672.0,20,10,Sea,1750,998.7,2,Clear,Low,0.704,4163,95.81,5,High,1,15
SHP100663,Supplier_A,Medical,China,USA,476,2116.0,23,17,Rail,3048,1943.91,1,Rain,High,0.736,6371,117.3,0,Medium,0,18
SHP100664,Supplier_C,Automotive,Vietnam,Canada,1769,1119.0,8,14,Air,2620,1886.77,6,Clear,Low,0.769,9803,90.4,1,Medium,1,14
SHP100665,Supplier_C,Medical,Vietnam,Germany,553,500.0,8,5,Sea,7369,2249.77,4,Rain,Medium,0.897,9627,112.41,2,Low,0,14
SHP100666,Supplier_A,Electronics,India,USA,1600,947.0,26,23,Road,10677,1945.9,1,Clear,Medium,0.867,9839,105.03,0,High,0,7
SHP100667,Supplier_E,Consumer_Goods,Vietnam,Germany,1890,4886.0,30,25,Rail,12706,3426.44,4,Rain,High,0.92,5017,118.39,4,Low,1,17
SHP100668,Supplier_A,Medical,India,Germany,770,3778.0,9,7,Road,13924,3157.4,7,Clear,Medium,0.915,3609,91.43,1,High,0,11
SHP100669,Supplier_B,Medical,China,Germany,733,131.0,9,8,Road,13436,2569.96,5,Clear,Low,0.947,1082,115.38,2,Low,0,12
SHP100670,Supplier_A,Raw_Materials,India,USA,1851,786.0,2,4,Air,11060,2770.63,2,Rain,Medium,0.809,2789,98.44,0,High,0,8
SHP100671,Supplier_C,Electronics,India,Canada,1605,4224.0,18,10,Sea,7697,3084.69,7,Clear,Medium,0.8,6708,93.79,0,High,1,17
SHP100672,Supplier_A,Consumer_Goods,Germany,India,631,3994.0,5,7,Air,12530,2495.57,2,Rain,Medium,0.941,8973,85.28,2,Medium,0,8
SHP100673,Supplier_E,Medical,Vietnam,Canada,1593,2257.0,32,24,Rail,14120,4509.32,7,Storm,Low,0.769,5116,97.63,0,Medium,1,23
SHP100674,Supplier_D,Medical,India,USA,1107,3998.0,19,19,Road,10996,2787.05,2,Clear,Medium,0.834,6526,98.63,5,Medium,1,15
SHP100675,Supplier_A,Consumer_Goods,China,India,785,2052.0,23,28,Road,9464,3956.19,2,Storm,Low,0.756,3741,114.92,2,Medium,1,15
SHP100676,Supplier_E,Electronics,USA,India,740,1741.0,4,4,Road,14104,4246.04,0,Clear,Medium,0.965,1797,105.2,2,Medium,0,4
SHP100677,Supplier_E,Raw_Materials,India,India,807,1229.0,25,13,Sea,10810,3923.79,7,Clear,Medium,0.818,3526,111.32,4,Medium,1,21
SHP100678,Supplier_C,Medical,Vietnam,UK,1563,2985.0,2,6,Air,462,2385.29,0,Rain,Low,0.762,5751,108.46,2,Medium,0,11
SHP100679,Supplier_E,Raw_Materials,Germany,USA,1845,2565.0,27,13,Sea,8941,3736.22,4,Rain,High,0.901,8731,83.83,3,Low,1,16
SHP100680,Supplier_E,Automotive,China,UK,1693,4998.0,6,11,Air,2356,2777.75,0,Clear,Medium,0.771,1762,80.29,0,Low,0,5
SHP100681,Supplier_E,Electronics,Germany,India,803,511.0,6,8,Road,7452,3229.44,4,Rain,Medium,0.974,9809,82.92,4,Medium,1,17
SHP100682,Supplier_E,Automotive,USA,UK,1496,2951.0,11,26,Air,11428,2810.99,6,Snow,Low,0.807,5806,77.33,1,Medium,1,15
SHP100683,Supplier_B,Automotive,India,UK,1541,166.0,4,4,Road,12936,3415.32,0,Clear,Medium,0.893,4863,89.3,3,High,0,12
SHP100684,Supplier_B,Automotive,India,USA,73,1704.0,29,28,Road,9427,2380.82,0,Storm,Medium,0.8,4686,102.7,2,Medium,1,11
SHP100685,Supplier_C,Electronics,Vietnam,Germany,1289,4611.0,35,17,Sea,4458,2492.18,0,Rain,High,0.934,1767,96.85,1,Medium,0,9
SHP100686,Supplier_A,Electronics,India,UK,104,1848.0,5,7,Air,11439,2801.02,6,Snow,Low,0.96,6601,103.96,1,Medium,0,12
SHP100687,Supplier_E,Consumer_Goods,China,UK,1099,709.0,60,30,Sea,5397,1870.14,3,Clear,Low,0.928,4185,87.8,1,Low,0,14
SHP100688,Supplier_A,Raw_Materials,USA,India,1354,3287.0,26,14,Sea,4961,2771.24,6,Rain,High,0.946,8429,80.26,1,High,1,17
SHP100689,Supplier_A,Raw_Materials,Germany,India,853,2172.0,16,15,Road,14436,2369.17,2,Clear,High,0.73,2077,80.14,4,Medium,1,20
SHP100690,Supplier_C,Consumer_Goods,USA,India,376,3869.0,8,19,Air,14583,2482.33,6,Storm,Low,0.968,2890,100.04,4,High,1,15
SHP100691,Supplier_E,Consumer_Goods,India,Canada,1019,3393.0,6,6,Road,975,1214.33,3,Rain,Medium,0.881,2626,78.21,1,Low,0,9
SHP100692,Supplier_E,Automotive,Germany,UK,235,2600.0,12,12,Road,12034,2308.03,0,Clear,Low,0.952,7646,89.86,3,Medium,0,8
SHP100693,Supplier_D,Consumer_Goods,Vietnam,India,544,4940.0,3,3,Air,6055,872.55,0,Clear,Medium,0.898,2571,80.64,0,High,0,8
SHP100694,Supplier_A,Medical,USA,USA,1085,1636.0,14,13,Road,7229,2712.46,3,Storm,High,0.759,4675,103.14,5,Medium,1,23
SHP100695,Supplier_A,Raw_Materials,Germany,Canada,1714,4732.0,19,18,Road,3951,2259.39,7,Rain,Low,0.877,6432,100.77,0,Medium,1,17
SHP100696,Supplier_B,Consumer_Goods,Germany,Germany,1957,2797.0,14,13,Road,9444,3698.35,5,Clear,Low,0.726,5773,89.06,4,Low,1,21
SHP100697,Supplier_D,Medical,Germany,UK,483,684.0,5,11,Air,7905,1807.17,4,Clear,Low,0.902,6044,76.44,3,Medium,0,10
SHP100698,Supplier_B,Medical,China,UK,1994,2932.0,5,4,Air,6756,3031.23,2,Storm,Low,0.819,5808,80.59,3,Medium,1,13
SHP100699,Supplier_B,Medical,USA,USA,257,2861.0,6,9,Air,2022,981.65,6,Clear,Low,0.744,4752,93.61,2,Low,1,17
SHP100700,Supplier_B,Medical,Germany,Germany,182,,45,21,Sea,8920,2769.18,4,Clear,High,0.984,2328,,4,Low,0,16
SHP100701,Supplier_C,Automotive,USA,Germany,1412,4065.0,22,20,Road,11311,4050.64,7,Storm,Medium,0.961,5123,83.54,3,High,1,21
SHP100702,Supplier_C,Medical,Germany,Canada,1269,2789.0,21,22,Road,13913,2791.72,5,Clear,Medium,0.959,2311,79.56,3,High,0,14
SHP100703,Supplier_B,Automotive,Vietnam,UK,1335,1934.0,11,9,Rail,10016,3349.32,2,Clear,High,0.929,5450,81.03,0,High,0,7
SHP100704,Supplier_D,Automotive,Vietnam,India,1355,1568.0,13,25,Air,13040,2317.56,1,Clear,Medium,0.901,3725,105.41,3,Medium,0,9
SHP100705,Supplier_A,Medical,Vietnam,USA,418,671.0,3,11,Air,14424,,2,Storm,Medium,0.89,8571,115.73,3,Medium,1,13
SHP100706,Supplier_D,Raw_Materials,India,USA,1176,4627.0,13,14,Road,1228,770.72,6,Clear,Low,0.731,3183,73.76,1,Low,0,15
SHP100707,Supplier_E,Medical,Germany,USA,1705,1587.0,9,5,Sea,4661,3278.31,4,Rain,Medium,0.961,1153,107.46,0,High,0,10
SHP100708,Supplier_C,Medical,India,USA,1256,2387.0,50,25,Sea,9055,2855.87,2,Storm,Low,0.956,6582,94.73,0,Medium,0,12
SHP100709,Supplier_A,Medical,USA,India,472,2044.0,44,24,Sea,1119,1852.93,1,Clear,High,0.917,1815,111.26,1,Medium,0,10
SHP100710,Supplier_A,Raw_Materials,India,India,1082,2120.0,18,28,Air,5124,2125.56,1,Storm,Medium,0.969,2119,91.08,0,Medium,0,11
SHP100711,Supplier_E,Electronics,USA,Canada,1630,4951.0,19,18,Road,12265,3069.29,0,Clear,Medium,0.86,3155,70.26,2,Medium,0,11
SHP100712,Supplier_E,Electronics,USA,UK,293,4980.0,20,9,Sea,7674,2614.1,6,Rain,Medium,0.83,6165,104.14,5,High,1,20
SHP100713,Supplier_B,Automotive,USA,India,831,2415.0,25,25,Road,4027,2455.77,1,Clear,Medium,0.981,2209,110.4,2,Medium,0,8
SHP100714,Supplier_C,Automotive,India,Canada,673,2895.0,30,28,Road,2941,1511.83,3,Rain,Medium,0.835,9645,115.1,4,High,1,18
SHP100715,Supplier_C,Raw_Materials,Germany,Germany,616,3088.0,5,7,Air,11239,2865.89,4,Clear,Medium,0.886,7428,98.45,5,Medium,1,13
SHP100716,Supplier_D,Consumer_Goods,India,UK,1466,904.0,37,27,Rail,5577,2373.64,3,Clear,High,0.808,2106,76.1,0,Medium,0,12
SHP100717,Supplier_B,Electronics,Germany,India,576,2778.0,51,25,Sea,8966,1199.4,5,Snow,Low,0.885,5416,88.49,0,Low,0,15
SHP100718,Supplier_B,Automotive,Germany,Germany,86,965.0,14,9,Rail,1108,1236.42,3,Clear,Low,0.909,6264,109.21,2,Medium,0,10
SHP100719,Supplier_B,Electronics,USA,Canada,227,4988.0,14,30,Air,1326,811.43,4,Storm,Medium,0.881,2037,94.72,4,High,1,18
SHP100720,Supplier_B,Raw_Materials,India,India,688,181.0,24,21,Road,1735,1366.28,7,Clear,High,0.849,4333,104.96,4,Medium,1,22
SHP100721,Supplier_C,Raw_Materials,Germany,India,1702,1166.0,38,19,Sea,12668,2907.14,5,Clear,Medium,0.787,1413,70.23,2,High,0,15
SHP100722,Supplier_C,Consumer_Goods,Vietnam,Germany,901,3643.0,16,18,Road,13668,3033.25,3,Storm,Medium,0.887,8904,73.65,2,High,1,16
SHP100723,Supplier_B,Consumer_Goods,Germany,India,121,910.0,24,23,Road,7361,1459.82,7,Clear,Medium,0.963,2939,104.06,5,Low,1,19
SHP100724,Supplier_D,Raw_Materials,Vietnam,USA,401,343.0,50,26,Sea,8615,2103.43,3,Storm,Low,0.702,1655,84.51,1,Medium,1,21
SHP100725,Supplier_A,Automotive,India,India,672,2738.0,29,23,Rail,11130,3177.69,6,Clear,Medium,0.739,8457,89.41,4,Medium,1,23
SHP100726,Supplier_A,Electronics,India,UK,1222,1049.0,55,28,Sea,12102,2526.71,5,Clear,High,0.735,3479,102.11,4,Low,1,23
SHP100727,Supplier_D,Medical,India,Germany,1770,2346.0,10,21,Air,7629,2730.8,3,Rain,High,0.968,6639,75.6,1,Low,1,12
SHP100728,Supplier_B,Consumer_Goods,Germany,UK,154,3735.0,29,27,Road,1785,1438.68,1,Clear,Low,0.892,6921,111.64,2,Medium,0,9
SHP100729,Supplier_C,Medical,China,Canada,1732,336.0,22,20,Road,13473,3535.42,7,Clear,Medium,0.976,7520,77.22,1,Medium,0,10
SHP100730,Supplier_A,Automotive,Germany,UK,270,499.0,41,21,Sea,3812,2229.21,4,Rain,Medium,0.869,4606,106.66,1,Medium,0,15
SHP100731,Supplier_E,Consumer_Goods,Germany,USA,1899,2388.0,60,30,Sea,14622,4846.95,4,Clear,Low,0.834,6203,84.64,3,High,1,18
SHP100732,Supplier_E,Medical,USA,USA,912,3290.0,12,6,Rail,7158,2382.63,4,Clear,Medium,0.93,5058,83.0,4,Low,0,13
SHP100733,Supplier_D,Automotive,USA,UK,1447,2753.0,26,28,Road,8833,2480.48,3,Storm,Low,0.747,6004,111.06,2,Low,0,17
SHP100734,Supplier_B,Electronics,Germany,Canada,567,3166.0,2,3,Air,3044,1281.43,1,Storm,Medium,0.811,7468,97.61,3,Low,1,14
SHP100735,Supplier_A,Automotive,Vietnam,India,1333,4621.0,15,29,Air,1427,1711.53,4,Clear,Medium,0.835,9015,80.27,5,Medium,1,16
SHP100736,Supplier_B,Consumer_Goods,USA,USA,348,302.0,13,6,Rail,6006,570.64,2,Clear,Medium,0.787,1315,70.13,3,High,0,11
SHP100737,Supplier_A,Raw_Materials,Germany,UK,910,1469.0,4,6,Road,8930,2298.21,4,Rain,Medium,0.808,7063,118.65,3,High,1,14
SHP100738,Supplier_D,Electronics,China,UK,91,2386.0,13,11,Rail,12823,3053.28,0,Clear,Medium,0.723,9412,91.57,2,Low,0,12
SHP100739,Supplier_D,Medical,Vietnam,UK,820,1285.0,21,10,Sea,2360,1650.28,2,Clear,Medium,0.757,7041,89.87,1,Low,0,17
SHP100740,Supplier_E,Consumer_Goods,India,India,946,1049.0,6,4,Road,1529,1976.82,4,Snow,Low,0.797,3261,72.52,2,Medium,0,15
SHP100741,Supplier_B,Raw_Materials,Germany,Germany,541,3810.0,25,25,Road,11157,2974.09,3,Clear,Medium,0.931,8639,114.72,4,Medium,0,15
SHP100742,Supplier_E,Automotive,Germany,Canada,1512,4166.0,16,8,Sea,9253,3918.89,7,Rain,High,0.753,1844,77.03,5,High,1,24
SHP100743,Supplier_B,Raw_Materials,Vietnam,Germany,1856,4461.0,50,25,Sea,13545,4069.2,4,Storm,Low,0.801,2514,86.77,5,High,1,22
SHP100744,Supplier_E,Consumer_Goods,USA,Canada,1120,2661.0,13,13,Road,13304,2929.23,1,Rain,Medium,0.719,2108,91.06,5,High,0,16
SHP100745,Supplier_C,Consumer_Goods,USA,Canada,134,1496.0,9,6,Sea,3062,1632.48,1,,Medium,0.862,6123,110.51,4,High,1,16
SHP100746,Supplier_C,Raw_Materials,USA,UK,1759,2220.0,16,16,Road,7486,2420.85,4,Clear,Medium,0.877,2730,87.97,1,Medium,1,16
SHP100747,Supplier_C,Automotive,India,USA,1131,2971.0,23,23,Road,2568,1553.42,6,Clear,Medium,0.951,4185,96.57,2,Low,1,16
SHP100748,Supplier_C,Raw_Materials,Vietnam,UK,1040,3733.0,32,24,Rail,14754,3844.69,3,Storm,Medium,0.938,2238,91.44,1,Low,1,14
SHP100749,Supplier_A,Consumer_Goods,Vietnam,India,760,2311.0,10,11,Road,3328,1354.8,3,Clear,Low,0.783,6455,85.59,1,Medium,0,16
SHP100750,Supplier_C,Consumer_Goods,USA,Canada,258,1995.0,9,4,Sea,14623,3478.16,3,Rain,Medium,0.74,3924,117.32,2,Medium,1,19
SHP100751,Supplier_D,Medical,USA,USA,1321,4984.0,60,29,Sea,13887,4139.02,4,Clear,Medium,0.745,7796,109.84,4,Low,1,21
SHP100752,Supplier_D,Medical,China,Canada,1284,1903.0,32,27,Road,14597,3250.34,7,Rain,Low,0.981,7039,78.72,2,Low,1,19
SHP100753,Supplier_A,Electronics,China,Canada,88,649.0,55,28,Sea,8420,2273.71,4,Clear,Medium,0.895,4566,97.74,5,Low,1,22
SHP100754,Supplier_C,Consumer_Goods,Germany,UK,1325,4937.0,2,3,Air,4499,2469.57,0,Clear,Medium,0.712,2456,109.83,4,Low,0,12
SHP100755,Supplier_C,Medical,Germany,USA,1716,4185.0,12,6,Sea,4066,3557.01,1,Clear,High,0.74,2109,98.99,0,High,0,12
SHP100756,Supplier_C,Raw_Materials,Vietnam,USA,975,3453.0,8,14,Air,9208,1844.09,6,Rain,Low,0.841,2930,94.69,0,Medium,0,14
SHP100757,Supplier_E,Automotive,Vietnam,Canada,1876,3040.0,7,7,Road,5381,2117.95,2,Clear,High,0.76,8703,73.6,0,Medium,0,11
SHP100758,Supplier_B,Raw_Materials,India,USA,811,4793.0,22,11,Sea,5117,2116.84,2,Rain,Medium,0.933,1622,75.3,5,Low,1,16
SHP100759,Supplier_E,Automotive,India,USA,1486,4327.0,47,24,Sea,5255,2930.42,7,Clear,Medium,0.866,3337,82.26,3,High,1,23
SHP100760,Supplier_B,Medical,China,UK,995,4410.0,5,6,Rail,1350,1875.73,1,Clear,Low,0.878,2258,95.67,4,Medium,0,11
SHP100761,Supplier_C,Electronics,Germany,Germany,1519,2868.0,20,18,Road,10490,3978.46,5,Rain,Medium,0.834,7300,119.36,4,Medium,1,20
SHP100762,Supplier_C,Raw_Materials,China,India,101,912.0,7,4,Road,4788,1053.45,0,Clear,High,0.774,5501,110.11,2,Low,0,12
SHP100763,Supplier_E,Raw_Materials,China,Germany,423,4577.0,17,18,Road,14482,1843.97,1,Clear,Medium,0.871,8840,75.5,4,High,0,14
SHP100764,Supplier_E,Raw_Materials,Germany,USA,1599,4105.0,17,18,Road,4173,2678.72,0,Clear,Medium,0.908,8289,105.86,2,High,0,9
SHP100765,Supplier_B,Automotive,India,Canada,980,1269.0,20,23,Road,3887,2118.19,5,Rain,Medium,0.808,3023,110.52,3,High,1,19
SHP100766,Supplier_D,Medical,Germany,India,205,3845.0,51,26,Sea,9231,2250.85,0,Snow,Medium,0.846,1876,90.71,2,Medium,0,12
SHP100767,Supplier_B,Raw_Materials,USA,India,1615,4654.0,34,26,Rail,10570,3630.01,3,Clear,Medium,0.944,8190,86.51,0,Medium,0,12
SHP100768,Supplier_E,Raw_Materials,USA,Canada,1163,4592.0,11,24,Air,5758,1295.87,1,Clear,Medium,0.743,3526,99.23,2,Low,0,12
SHP100769,Supplier_E,Electronics,USA,India,1976,577.0,18,13,Rail,9293,2497.19,2,Clear,Medium,0.858,9536,95.96,2,Low,0,12
SHP100770,Supplier_A,Electronics,Vietnam,Canada,728,2972.0,4,3,Sea,3872,956.79,4,Rain,Low,0.801,4672,83.26,2,Low,0,13
SHP100771,Supplier_E,Medical,India,India,400,3254.0,35,17,Sea,2312,1148.4,5,Clear,Medium,0.904,2913,89.87,4,Low,1,22
SHP100772,Supplier_A,Medical,India,Germany,118,1212.0,14,26,Air,6967,2229.45,5,Rain,High,0.705,3445,97.22,1,Low,1,18
SHP100773,Supplier_D,Consumer_Goods,Vietnam,India,1236,4814.0,11,6,Sea,7063,2132.04,4,Clear,Medium,0.894,9976,99.0,1,High,0,13
SHP100774,Supplier_B,Electronics,China,UK,1315,3614.0,19,20,Road,9902,2849.7,1,Storm,Medium,0.73,2487,96.59,5,Medium,1,17
SHP100775,Supplier_B,Consumer_Goods,USA,Canada,1568,896.0,26,19,Rail,9919,3371.83,6,Clear,High,0.719,5891,112.31,1,High,1,17
SHP100776,Supplier_A,Automotive,USA,India,1456,2167.0,17,9,Rail,5793,3261.18,4,Snow,Low,0.91,6234,71.59,5,Low,1,18
SHP100777,Supplier_B,Consumer_Goods,China,Canada,1125,3136.0,26,20,Rail,11429,2557.5,0,Clear,Low,0.886,1449,86.65,4,Low,0,13
SHP100778,Supplier_E,Raw_Materials,Germany,UK,703,1820.0,32,15,Sea,4091,1614.06,4,Clear,Low,0.96,2427,107.49,0,Medium,0,9
SHP100779,Supplier_C,Consumer_Goods,Germany,India,112,3333.0,32,22,Rail,9395,2623.73,0,Rain,Low,0.851,3595,102.59,1,High,0,9
SHP100780,Supplier_A,Medical,India,India,558,1875.0,43,22,Sea,2287,1194.08,0,Rain,Low,0.854,3276,115.91,1,Low,0,13
SHP100781,Supplier_B,Automotive,Vietnam,UK,341,3373.0,14,12,Rail,14835,3504.69,2,Clear,Medium,0.905,6765,99.4,3,Low,0,16
SHP100782,Supplier_A,Raw_Materials,India,UK,1164,495.0,2,3,Air,14343,3117.98,4,Snow,Medium,0.794,9435,101.91,5,Low,1,18
SHP100783,Supplier_A,Consumer_Goods,Germany,UK,1737,1075.0,8,4,Sea,12517,3180.19,6,Clear,Medium,0.711,3112,105.25,5,Medium,1,22
SHP100784,Supplier_C,Automotive,China,Canada,1497,1821.0,26,19,Rail,3132,2556.96,2,Clear,Medium,0.767,2026,79.31,3,Medium,1,15
SHP100785,Supplier_E,Automotive,India,UK,1742,1409.0,30,24,Rail,11105,3688.67,6,Clear,High,0.769,4692,107.66,0,Low,1,20
SHP100786,Supplier_A,Raw_Materials,USA,Canada,870,68.0,6,5,Road,10785,2470.77,4,Clear,Low,0.797,4049,84.99,2,Medium,0,13
SHP100787,Supplier_B,Consumer_Goods,USA,Germany,1438,610.0,17,19,Road,4003,1926.92,6,Rain,Medium,0.974,7146,91.23,2,Medium,1,17
SHP100788,Supplier_D,Automotive,China,India,199,521.0,7,14,Air,8320,2495.38,0,Clear,Medium,0.933,8584,70.7,3,Low,0,8
SHP100789,Supplier_A,Automotive,Germany,India,1913,77.0,27,26,Road,12351,2326.43,6,Clear,High,0.971,8098,,3,Medium,1,16
SHP100790,Supplier_A,Electronics,USA,USA,1344,609.0,11,14,Road,13613,2585.36,4,Clear,Low,0.99,6879,117.67,0,Low,0,10
SHP100791,Supplier_C,Automotive,USA,Germany,930,2705.0,12,22,Air,9552,1969.97,5,Clear,Low,0.826,9252,73.01,0,High,0,11
SHP100792,Supplier_E,Electronics,Vietnam,UK,1654,3286.0,6,12,Air,3770,2458.0,5,Storm,Medium,0.766,6053,101.76,4,Medium,1,19
SHP100793,Supplier_D,Consumer_Goods,India,UK,1189,4603.0,4,9,Air,5827,2208.17,2,Storm,Medium,0.862,4606,118.04,2,Medium,1,13
SHP100794,Supplier_B,Consumer_Goods,Germany,Germany,753,994.0,13,12,Road,4994,1586.92,7,Clear,Medium,0.956,7669,100.35,4,Low,1,17
SHP100795,Supplier_D,Consumer_Goods,India,UK,565,,7,20,Air,13750,2835.7,3,Clear,Medium,0.835,1389,109.9,1,Medium,0,11
SHP100796,Supplier_B,Medical,Germany,USA,1660,3706.0,49,24,Sea,5618,2049.39,5,Storm,Low,0.847,5616,75.91,5,High,1,24
SHP100797,Supplier_E,Consumer_Goods,USA,Canada,1987,3113.0,14,8,Sea,11802,4252.58,6,Clear,High,0.739,1252,82.24,5,Medium,1,22
SHP100798,Supplier_B,Automotive,Vietnam,India,1883,2029.0,19,9,Sea,2436,2546.6,2,Clear,Low,0.822,9052,87.29,0,High,0,7
SHP100799,Supplier_C,Raw_Materials,India,Germany,1314,2766.0,30,30,Road,3423,2542.39,6,Clear,Low,0.812,4166,119.06,2,Medium,1,19
SHP100800,Supplier_C,Electronics,USA,India,79,4971.0,22,19,Road,7220,2028.72,3,Clear,Low,0.802,1695,109.09,2,Medium,0,15
SHP100801,Supplier_C,Medical,Germany,Canada,1216,865.0,31,14,Sea,7959,3425.08,1,Storm,Medium,0.957,6923,114.28,4,Medium,0,13
SHP100802,Supplier_C,Consumer_Goods,India,Germany,375,2376.0,40,19,Sea,199,899.91,2,Rain,Low,0.717,5748,94.35,3,Low,1,19
SHP100803,Supplier_D,Consumer_Goods,India,Canada,1768,2380.0,40,20,Sea,14327,3975.16,5,Snow,Medium,0.982,8865,105.84,3,Low,1,19
SHP100804,Supplier_E,Raw_Materials,USA,UK,998,1052.0,21,16,Rail,3756,2164.12,5,Clear,High,0.702,2505,106.58,0,Medium,1,20
SHP100805,Supplier_B,Raw_Materials,India,UK,65,1592.0,24,13,Sea,12809,2010.15,4,Clear,Medium,0.974,3743,98.45,5,Low,1,14
SHP100806,Supplier_B,Medical,Vietnam,UK,160,4254.0,4,4,Sea,6886,3155.27,3,Snow,Medium,0.859,5654,113.9,3,High,0,12
SHP100807,Supplier_C,Electronics,Vietnam,Canada,921,1279.0,25,23,Road,793,2301.42,5,Storm,Low,0.904,8889,77.91,1,Medium,1,17
SHP100808,Supplier_C,Consumer_Goods,USA,Canada,762,3355.0,5,3,Sea,4901,1309.06,4,Rain,Medium,0.754,2298,72.88,2,Medium,1,17
SHP100809,Supplier_A,Medical,Germany,Canada,156,2579.0,11,13,Road,8309,1970.24,3,Clear,Medium,0.89,5690,85.2,3,Medium,0,13
SHP100810,Supplier_E,Automotive,USA,India,428,1480.0,4,4,Sea,14906,3818.0,2,Rain,Low,0.956,4868,74.41,0,Medium,0,8
SHP100811,Supplier_D,Automotive,Vietnam,Canada,211,3962.0,18,18,Road,3809,1151.97,2,Clear,Medium,0.74,8600,73.02,1,Medium,1,15
SHP100812,Supplier_B,Medical,China,UK,332,1582.0,11,24,Air,2870,952.38,4,Clear,Low,0.737,8200,90.95,5,Low,0,18
SHP100813,Supplier_A,Consumer_Goods,China,USA,318,1942.0,9,5,Sea,1130,1823.05,2,,High,0.788,1215,80.03,5,High,1,20
SHP100814,Supplier_A,Medical,India,Canada,533,3174.0,43,22,Sea,14854,4120.46,4,Rain,Medium,0.747,7244,109.51,4,Medium,1,20
SHP100815,Supplier_B,Consumer_Goods,India,USA,716,1471.0,4,3,Road,4575,1058.58,0,Rain,Medium,0.732,1179,98.99,4,Medium,0,14
SHP100816,Supplier_D,Raw_Materials,China,UK,1146,440.0,30,23,Rail,14943,3485.5,6,Rain,High,0.897,3686,88.03,1,Medium,1,19
SHP100817,Supplier_A,Medical,Vietnam,Canada,1270,2868.0,41,22,Sea,4309,2396.22,3,Clear,High,0.762,8655,84.33,0,Low,0,14
SHP100818,Supplier_A,Consumer_Goods,India,India,1316,1919.0,8,10,Road,7095,1649.25,4,Clear,Medium,0.893,6579,98.16,4,High,1,15
SHP100819,Supplier_E,Medical,USA,India,647,3010.0,23,21,Road,14946,2128.12,3,Rain,Medium,0.95,1376,91.7,2,High,0,10
SHP100820,Supplier_D,Medical,USA,USA,848,1245.0,35,28,Rail,1719,1124.64,7,Clear,Medium,0.889,7960,72.79,5,High,1,18
SHP100821,Supplier_A,Consumer_Goods,Vietnam,India,1332,2655.0,5,3,Road,9142,2792.34,0,Clear,Medium,0.735,9045,103.26,5,High,0,14
SHP100822,Supplier_D,Consumer_Goods,India,India,847,907.0,14,28,Air,10188,2980.62,3,Clear,Medium,0.866,2827,94.99,2,Low,0,16
SHP100823,Supplier_B,Electronics,USA,India,1222,3277.0,6,7,Road,9267,1258.24,4,Clear,High,0.814,8772,83.84,5,Low,1,16
SHP100824,Supplier_C,Medical,India,UK,1940,1566.0,5,3,Sea,2616,2815.64,6,Snow,Low,0.8,6852,84.52,5,High,1,20
SHP100825,Supplier_A,Automotive,India,India,439,1203.0,8,13,Air,12480,1832.34,6,Clear,Medium,0.792,8577,92.64,5,Low,1,18
SHP100826,Supplier_E,Medical,USA,Germany,465,892.0,44,23,Sea,9807,2956.12,2,Clear,Medium,0.97,3327,111.38,0,Low,0,11
SHP100827,Supplier_B,Medical,China,Canada,475,1732.0,12,11,Rail,8095,2667.11,6,Rain,High,0.915,9944,91.15,0,High,1,17
SHP100828,Supplier_D,Consumer_Goods,USA,India,1046,344.0,8,7,Rail,1225,2344.69,6,Clear,Low,0.739,8584,111.98,2,Medium,1,15
SHP100829,Supplier_B,Medical,Vietnam,India,1775,694.0,2,4,Road,8784,2936.16,7,Storm,Medium,0.838,9441,91.24,0,Medium,1,14
SHP100830,Supplier_A,Medical,Germany,India,1290,3683.0,17,15,Rail,7006,2508.36,3,Clear,Medium,0.792,8272,111.5,1,Medium,0,14
SHP100831,Supplier_D,Automotive,USA,Germany,916,2185.0,18,20,Road,5704,2855.61,3,Storm,Low,0.984,3820,116.58,0,High,0,11
SHP100832,Supplier_C,Consumer_Goods,India,India,135,160.0,14,28,Air,3136,994.09,5,Clear,Medium,0.984,5736,71.03,5,High,0,15
SHP100833,Supplier_B,Medical,India,India,1289,633.0,50,27,Sea,2626,2219.3,5,Clear,Medium,0.793,7470,73.11,2,Medium,1,18
SHP100834,Supplier_A,Raw_Materials,USA,Canada,472,3275.0,7,14,Air,14423,2217.3,0,Clear,Low,0.802,6601,76.7,3,High,0,7
SHP100835,Supplier_E,Electronics,Germany,Germany,1393,1536.0,8,16,Air,266,1798.27,1,Clear,Medium,0.874,5866,76.11,0,Medium,0,7
SHP100836,Supplier_D,Automotive,USA,Germany,167,4914.0,5,7,Air,12527,1473.62,6,Storm,High,0.839,7520,92.72,4,Low,1,23
SHP100837,Supplier_B,Medical,Germany,India,1999,1698.0,59,29,Sea,4289,2985.69,2,Clear,High,0.762,3743,,1,Medium,1,16
SHP100838,Supplier_B,Raw_Materials,Germany,Germany,1008,2431.0,27,26,Road,7448,2492.87,6,Rain,Medium,0.892,5576,118.07,1,Low,1,18
SHP100839,Supplier_C,Medical,Vietnam,USA,931,155.0,14,12,Rail,675,2107.87,4,Clear,Medium,0.797,8183,90.89,1,Low,0,12
SHP100840,Supplier_C,Medical,India,Germany,1041,3603.0,21,22,Road,7271,2308.24,0,Storm,Medium,0.89,7400,104.42,4,Low,0,13
SHP100841,Supplier_E,Consumer_Goods,India,Germany,464,1744.0,2,4,Rail,8897,1061.37,4,Rain,High,0.811,8755,101.78,4,Medium,1,20
SHP100842,Supplier_E,Consumer_Goods,Germany,Germany,648,1783.0,14,6,Sea,3443,1563.84,4,Clear,Medium,0.903,4096,89.66,1,Medium,0,10
SHP100843,Supplier_A,Consumer_Goods,India,UK,89,431.0,21,14,Rail,1918,1943.83,3,Clear,Medium,0.894,9021,106.06,1,Low,0,10
SHP100844,Supplier_A,Raw_Materials,China,UK,1234,2786.0,27,13,Sea,9447,3286.73,0,Rain,Low,0.848,9190,99.6,1,Medium,0,10
SHP100845,Supplier_E,Medical,Germany,UK,752,4406.0,10,6,Sea,12971,2987.45,0,Clear,Medium,0.904,2085,108.0,0,Low,0,3
SHP100846,Supplier_E,Electronics,India,Germany,586,1366.0,18,13,Rail,9107,1805.25,5,Clear,Low,0.834,4729,79.68,5,Medium,1,16
SHP100847,Supplier_D,Automotive,China,USA,469,2752.0,21,11,Sea,6123,2271.24,7,Rain,Medium,0.734,5328,88.01,4,Low,1,25
SHP100848,Supplier_C,Consumer_Goods,Vietnam,Germany,713,4965.0,21,12,Sea,10932,2671.53,2,Snow,Medium,0.753,2487,103.56,2,Medium,0,13
SHP100849,Supplier_A,Consumer_Goods,India,India,144,4124.0,57,29,Sea,9827,2309.61,1,Storm,Medium,0.771,9540,76.24,5,Medium,1,18
SHP100850,Supplier_C,Medical,China,USA,1515,4854.0,10,8,Road,11025,2748.42,4,Rain,Medium,0.718,8453,108.52,0,Low,0,16
SHP100851,Supplier_C,Medical,USA,UK,1631,956.0,22,17,Rail,8079,2455.48,6,Clear,High,0.906,9605,76.67,2,Medium,0,15
SHP100852,Supplier_E,Raw_Materials,USA,Canada,1022,712.0,6,12,Air,9254,2118.86,2,Snow,Low,0.807,8337,86.22,0,High,0,11
SHP100853,Supplier_D,Raw_Materials,China,USA,699,512.0,29,24,Rail,11326,2599.65,6,Clear,Medium,0.727,8102,81.88,0,Low,1,19
SHP100854,Supplier_B,Consumer_Goods,Germany,UK,1539,2952.0,11,23,Air,5271,2150.0,5,Clear,Medium,0.938,2009,73.05,2,Low,0,14
SHP100855,Supplier_D,Medical,Germany,USA,337,4730.0,15,8,Sea,10339,2412.0,7,Storm,High,0.898,5382,83.53,1,Medium,1,17
SHP100856,Supplier_D,Electronics,India,USA,1938,992.0,2,3,Air,5509,3148.74,7,Clear,Low,0.831,7705,115.58,5,High,1,18
SHP100857,Supplier_C,Automotive,USA,Germany,1749,207.0,23,23,Road,4641,2228.53,2,Clear,Medium,0.772,9973,71.35,2,High,0,10
SHP100858,Supplier_D,Medical,Germany,India,461,3359.0,14,30,Air,6480,2383.9,4,Rain,Medium,0.744,4079,70.84,3,Low,1,16
SHP100859,Supplier_A,Medical,Germany,Canada,449,1376.0,49,24,Sea,3960,1753.54,3,Clear,High,0.833,5452,105.21,4,Low,1,19
SHP100860,Supplier_C,Raw_Materials,USA,UK,577,2767.0,51,26,Sea,1614,1210.03,3,Clear,Low,0.957,3186,88.34,3,Low,0,14
SHP100861,Supplier_A,Automotive,Vietnam,USA,1091,2718.0,11,22,Air,11643,2707.69,4,Clear,Medium,0.755,6630,81.49,5,Medium,1,15
SHP100862,Supplier_B,Consumer_Goods,Germany,Canada,185,2618.0,21,23,Road,1167,1504.49,5,Clear,Low,0.865,5518,95.44,0,Medium,0,12
SHP100863,Supplier_C,Medical,China,USA,1537,3442.0,2,6,Air,981,1401.51,5,Snow,Low,0.979,1304,83.33,2,High,0,13
SHP100864,Supplier_B,Consumer_Goods,India,India,808,2156.0,15,25,Air,7009,1271.68,0,Clear,Low,0.885,6138,89.6,1,High,0,7
SHP100865,Supplier_C,Medical,Germany,Canada,1321,4849.0,55,28,Sea,5132,3196.64,1,Clear,High,0.828,4454,105.77,5,Medium,1,17
SHP100866,Supplier_E,Consumer_Goods,Germany,UK,892,697.0,46,24,Sea,14336,4193.89,6,Clear,Low,0.908,7082,75.85,1,Medium,1,15
SHP100867,Supplier_D,Automotive,Vietnam,USA,759,3372.0,17,16,Road,6602,2460.34,3,Rain,High,0.939,6349,117.98,3,Medium,1,16
SHP100868,Supplier_E,Raw_Materials,China,India,1074,2988.0,11,22,Air,3739,1388.59,1,Rain,Low,0.871,1850,72.13,3,Medium,0,11
SHP100869,Supplier_B,Automotive,India,Canada,1775,2533.0,9,24,Air,9841,2821.02,2,Clear,High,0.953,6727,110.33,0,Medium,0,11
SHP100870,Supplier_D,Electronics,Germany,USA,430,4291.0,44,22,Sea,11029,2213.65,6,Clear,Medium,0.849,9686,106.23,4,Medium,1,20
SHP100871,Supplier_C,Raw_Materials,India,USA,558,2956.0,57,30,Sea,4657,2449.78,6,Rain,Low,0.941,4555,84.1,0,Medium,1,13
SHP100872,Supplier_D,Automotive,USA,UK,1533,3075.0,12,10,Rail,8392,2977.16,6,Clear,Medium,0.976,3674,75.92,5,Medium,1,17
SHP100873,Supplier_A,Electronics,Germany,India,1578,1425.0,16,13,Road,3632,2600.24,2,Clear,Medium,0.845,4430,112.62,1,Medium,0,8
SHP100874,Supplier_D,Medical,Germany,Germany,855,1873.0,15,17,Road,2916,1857.26,4,Clear,Medium,0.875,8540,103.98,5,Medium,0,17
SHP100875,Supplier_A,Medical,USA,USA,525,294.0,41,21,Sea,6511,2171.56,7,Clear,Medium,0.877,4149,84.54,2,Medium,1,22
SHP100876,Supplier_D,Consumer_Goods,Vietnam,Canada,1630,2398.0,10,10,Road,507,2003.13,7,Snow,Medium,0.927,4347,70.85,3,Low,1,20
SHP100877,Supplier_A,Raw_Materials,Germany,UK,1003,917.0,13,15,Road,7304,2422.82,4,Storm,Medium,0.939,4949,116.92,1,Medium,1,14
SHP100878,Supplier_B,Medical,India,UK,898,2911.0,39,20,Sea,2615,2529.01,4,Rain,High,0.708,1504,90.21,0,High,1,19
SHP100879,Supplier_E,Raw_Materials,China,USA,946,529.0,26,24,Road,8233,1634.45,6,Storm,Medium,0.913,8765,78.81,4,Medium,1,22
SHP100880,Supplier_C,Medical,India,USA,81,2512.0,24,26,Road,1839,783.88,5,Rain,High,0.927,3654,115.59,2,Medium,1,21
SHP100881,Supplier_D,Consumer_Goods,Vietnam,USA,1977,1985.0,37,19,Sea,4152,2833.31,3,Storm,High,0.903,4406,87.95,4,Medium,1,19
SHP100882,Supplier_E,Automotive,China,Germany,167,3423.0,15,8,Sea,358,963.72,1,Clear,Low,0.907,4517,93.16,0,Medium,0,7
SHP100883,Supplier_C,Consumer_Goods,India,USA,1881,3071.0,26,27,Road,8800,3611.3,7,Clear,Low,0.712,6412,104.93,0,Low,1,21
SHP100884,Supplier_C,Electronics,India,India,1257,3242.0,9,17,Air,5886,1544.31,2,Rain,Medium,0.828,6257,110.97,1,Medium,0,9
SHP100885,Supplier_A,Medical,USA,Canada,240,137.0,15,15,Road,12113,2559.71,1,Rain,Medium,0.937,2579,75.01,2,High,0,10
SHP100886,Supplier_B,Electronics,Vietnam,USA,1820,1290.0,27,28,Road,12696,3469.75,7,Clear,Medium,0.971,1313,114.93,5,Medium,1,19
SHP100887,Supplier_B,Electronics,USA,Germany,1823,622.0,28,28,Road,3783,2994.14,3,Clear,Medium,0.767,5315,116.63,0,Medium,0,13
SHP100888,Supplier_E,Raw_Materials,China,Canada,1801,863.0,42,20,Sea,4820,3144.52,6,Clear,Medium,0.868,3687,82.96,1,Low,1,19
SHP100889,Supplier_B,Medical,USA,UK,123,228.0,6,13,Air,14545,2268.24,1,Clear,Medium,0.933,8310,94.87,0,Medium,0,5
SHP100890,Supplier_D,Electronics,Vietnam,USA,672,1775.0,7,15,Air,3826,1204.47,6,Clear,Low,0.918,6523,112.89,1,High,0,12
SHP100891,Supplier_B,Automotive,Germany,Canada,1176,212.0,2,3,Road,778,1898.7,1,Clear,High,0.879,5499,94.37,4,Medium,0,11
SHP100892,Supplier_E,Electronics,Germany,UK,920,2690.0,27,20,Rail,9575,2457.24,5,Storm,Medium,0.705,5574,94.1,1,Low,1,21
SHP100893,Supplier_B,Automotive,China,Germany,635,1055.0,5,7,Road,14068,2810.29,7,Rain,Medium,0.91,7865,100.93,5,Low,1,19
SHP100894,Supplier_D,Raw_Materials,Germany,India,469,2398.0,7,8,Air,13129,2841.73,4,Storm,Medium,0.924,8727,108.37,4,Low,1,18
SHP100895,Supplier_A,Electronics,USA,USA,522,2471.0,4,3,Rail,9198,3108.31,5,Storm,Low,0.91,5315,103.28,3,Medium,1,14
SHP100896,Supplier_E,Consumer_Goods,China,India,1837,2805.0,11,9,Rail,8559,2385.18,5,Clear,Medium,0.922,3414,101.33,0,Medium,0,8
SHP100897,Supplier_A,Raw_Materials,Vietnam,Germany,163,4348.0,60,29,Sea,6226,2249.72,6,Clear,Low,0.825,6315,88.58,3,Medium,1,19
SHP100898,Supplier_A,Automotive,China,Canada,1452,4192.0,13,6,Sea,11395,4312.15,1,Clear,Low,0.988,5779,101.5,2,Medium,0,8
SHP100899,Supplier_A,Raw_Materials,China,Canada,1386,4608.0,14,11,Road,13327,3085.23,1,Snow,Medium,0.924,4820,75.16,3,Medium,0,12
SHP100900,Supplier_C,Electronics,India,Germany,379,3791.0,19,17,Road,5006,1082.4,5,Clear,Low,0.868,6806,90.48,1,Low,0,14
SHP100901,Supplier_C,Medical,India,Germany,388,4553.0,9,8,Rail,7998,2218.84,1,Rain,Medium,0.971,2969,79.42,1,High,0,6
SHP100902,Supplier_A,Medical,China,USA,287,1267.0,12,27,Air,1300,1084.63,5,Clear,Medium,0.963,2759,96.88,2,Medium,1,15
SHP100903,Supplier_E,Automotive,Germany,UK,1246,2524.0,38,19,Sea,14539,5620.76,0,Snow,Low,0.936,4125,83.1,2,Low,0,10
SHP100904,Supplier_D,Automotive,India,India,128,979.0,21,22,Road,5455,1731.51,7,Clear,Low,0.863,7566,95.3,0,Low,1,16
SHP100905,Supplier_D,Medical,Vietnam,India,513,366.0,28,20,Rail,1216,1194.46,5,Storm,High,0.853,8865,108.87,1,Medium,1,14
SHP100906,Supplier_B,Automotive,USA,Canada,1971,1552.0,29,24,Rail,6444,,2,Clear,Low,0.795,3281,91.7,2,Low,0,12
SHP100907,Supplier_E,Raw_Materials,India,Canada,654,470.0,8,6,Rail,6030,1509.79,2,Clear,Medium,0.773,6229,80.94,5,High,0,11
SHP100908,Supplier_C,Consumer_Goods,China,USA,1574,4408.0,21,11,Sea,9190,3813.24,1,Rain,Medium,0.849,2123,81.15,3,Medium,0,16
SHP100909,Supplier_A,Consumer_Goods,Germany,Germany,611,1499.0,15,16,Road,11082,1710.67,5,Snow,High,0.868,6831,115.31,1,High,1,18
SHP100910,Supplier_B,Raw_Materials,USA,India,334,477.0,10,5,Sea,13312,2217.26,5,Clear,High,0.771,2234,109.05,5,Medium,1,23
SHP100911,Supplier_D,Consumer_Goods,India,USA,272,446.0,5,3,Sea,14178,3487.99,4,Snow,Medium,0.968,7876,71.83,2,High,0,12
SHP100912,Supplier_C,Electronics,Germany,Canada,642,845.0,57,29,Sea,10936,2825.49,7,Rain,Low,0.862,8570,117.14,0,Medium,1,18
SHP100913,Supplier_C,Raw_Materials,Germany,Canada,1339,156.0,11,13,Road,1158,1667.28,6,Rain,Medium,0.853,6956,75.63,5,Low,1,18
SHP100914,Supplier_A,Automotive,Germany,India,1740,4099.0,4,3,Rail,7384,,4,Clear,Low,0.826,1674,102.65,4,Medium,1,12
SHP100915,Supplier_D,Raw_Materials,China,Canada,422,147.0,27,14,Sea,787,1218.4,4,Clear,Low,0.717,6513,97.58,1,Medium,1,15
SHP100916,Supplier_E,Medical,Vietnam,Canada,1306,1953.0,12,27,Air,5677,1282.08,5,Clear,Medium,0.956,3305,72.33,1,High,0,11
SHP100917,Supplier_C,Automotive,Germany,UK,960,3620.0,11,11,Road,5690,1758.93,7,Snow,Medium,0.792,2268,84.76,1,Low,1,21
SHP100918,Supplier_A,Medical,USA,Germany,877,3351.0,8,7,Road,14346,3317.78,5,Snow,Low,0.886,6097,108.79,1,Medium,1,14
SHP100919,Supplier_E,Automotive,India,Canada,285,92.0,26,17,Rail,8252,2054.82,2,Rain,Low,0.876,4221,85.34,4,High,0,12
SHP100920,Supplier_D,Consumer_Goods,USA,UK,720,1627.0,39,20,Sea,7163,3204.49,3,Clear,High,0.87,5719,94.02,4,Medium,1,18
SHP100921,Supplier_C,Raw_Materials,China,USA,1990,4240.0,7,11,Air,9079,3132.25,1,Clear,High,0.852,5194,104.9,5,High,0,10
SHP100922,Supplier_E,Electronics,China,Canada,877,4333.0,29,15,Sea,12786,2855.39,2,Snow,Medium,0.753,2249,73.58,5,Low,0,17
SHP100923,Supplier_E,Automotive,USA,USA,812,434.0,18,30,Air,10936,3155.51,4,Clear,Medium,0.781,5029,111.63,0,Medium,0,15
SHP100924,Supplier_E,Automotive,Vietnam,Canada,1387,4964.0,34,15,Sea,10456,4098.48,2,Storm,High,0.852,3860,72.08,1,High,1,16
SHP100925,Supplier_C,Medical,China,India,1886,3521.0,11,26,Air,12749,2776.02,2,Clear,Medium,0.929,4513,83.12,2,Low,0,13
SHP100926,Supplier_C,Consumer_Goods,China,UK,429,3627.0,8,15,Air,8495,2267.69,2,Clear,Medium,0.825,4219,108.15,3,Low,0,10
SHP100927,Supplier_B,Medical,USA,UK,843,3288.0,15,29,Air,11509,2873.59,7,Storm,Medium,0.759,9370,115.59,1,Low,1,21
SHP100928,Supplier_D,Medical,China,India,663,1746.0,18,12,Rail,2591,1871.08,4,Clear,Low,0.726,3199,108.02,5,Medium,1,19
SHP100929,Supplier_A,Consumer_Goods,Vietnam,Germany,612,2184.0,22,12,Sea,4922,1315.43,3,Clear,Medium,0.892,5930,81.35,4,Low,0,16
SHP100930,Supplier_E,Electronics,Vietnam,UK,469,3942.0,50,24,Sea,10330,4292.73,0,Snow,Medium,0.823,5677,119.29,0,Low,0,15
SHP100931,Supplier_B,Medical,Vietnam,USA,101,2586.0,12,9,Rail,14028,2388.34,1,Rain,Medium,0.736,6472,90.67,1,Medium,0,10
SHP100932,Supplier_A,Medical,India,UK,1794,4371.0,26,30,Road,7104,2982.85,1,Rain,Medium,0.896,7708,88.82,0,Low,0,14
SHP100933,Supplier_B,Automotive,Vietnam,Germany,868,2442.0,24,24,Road,11660,3259.29,6,Rain,Low,0.76,8841,113.26,2,High,1,19
SHP100934,Supplier_C,Consumer_Goods,Vietnam,USA,1716,4663.0,8,7,Road,7111,2484.2,2,Clear,High,0.848,8830,73.31,2,Medium,0,14
SHP100935,Supplier_E,Raw_Materials,India,USA,1582,3865.0,25,22,Road,5800,3177.48,3,Clear,Low,0.789,3529,97.8,2,Low,0,15
SHP100936,Supplier_A,Electronics,Germany,India,1855,345.0,12,9,Rail,11850,3672.08,4,Clear,Medium,0.97,8470,118.28,2,Medium,0,10
SHP100937,Supplier_A,Electronics,China,Canada,254,463.0,22,22,Road,12349,2005.9,0,Clear,Medium,0.766,3473,75.01,3,High,0,10
SHP100938,Supplier_A,Consumer_Goods,Vietnam,India,1050,2045.0,12,12,Rail,4962,1494.66,0,Clear,Medium,0.822,2085,97.04,0,Low,0,8
SHP100939,Supplier_A,Automotive,China,Canada,780,53.0,25,12,Sea,5450,2004.75,2,Rain,Medium,0.978,8362,76.62,1,High,0,6
SHP100940,Supplier_A,Automotive,USA,India,306,227.0,55,28,Sea,9518,2716.83,2,Clear,Medium,0.792,5662,114.5,3,Medium,0,13
SHP100941,Supplier_B,Consumer_Goods,China,Canada,234,795.0,35,27,Rail,14797,2663.39,4,Rain,High,0.887,4434,99.39,1,High,0,14
SHP100942,Supplier_E,Automotive,India,UK,194,4404.0,48,23,Sea,12782,3098.91,6,Clear,High,0.792,8728,81.73,4,Medium,1,24
SHP100943,Supplier_C,Electronics,China,USA,1763,701.0,35,26,Rail,12635,4397.96,4,Clear,Medium,0.732,3665,85.35,5,Medium,1,19
SHP100944,Supplier_C,Electronics,China,Canada,1087,3939.0,16,30,Air,11803,2477.87,7,Clear,High,0.882,9475,95.83,3,Low,1,21
SHP100945,Supplier_C,Raw_Materials,China,UK,295,3321.0,28,15,Sea,9205,3021.92,5,Storm,Low,0.966,5471,106.27,5,Medium,1,19
SHP100946,Supplier_C,Consumer_Goods,Germany,Germany,236,2532.0,19,17,Rail,9711,,4,Clear,High,0.831,7519,94.37,3,Medium,1,19
SHP100947,Supplier_B,Medical,Germany,India,1410,339.0,14,30,Air,10995,2826.68,2,Rain,High,0.882,1787,79.46,5,Low,1,18
SHP100948,Supplier_D,Medical,USA,Germany,1332,852.0,36,30,Rail,14206,3543.59,3,Rain,Medium,0.877,7905,105.41,5,Medium,1,19
SHP100949,Supplier_E,Raw_Materials,India,UK,915,2580.0,13,8,Rail,455,1690.83,2,Clear,High,0.82,8988,75.92,4,Medium,1,17
SHP100950,Supplier_A,Raw_Materials,China,Germany,89,283.0,29,22,Rail,3572,1019.5,6,Clear,Medium,0.878,8206,110.47,5,Low,1,19
SHP100951,Supplier_D,Automotive,China,Germany,650,457.0,32,14,Sea,8532,2209.07,2,Storm,Medium,0.775,3133,89.78,3,Low,0,14
SHP100952,Supplier_C,Raw_Materials,China,UK,1710,743.0,22,21,Road,10202,2844.01,0,Clear,High,0.81,3421,102.64,5,Low,0,14
SHP100953,Supplier_D,Raw_Materials,China,USA,1011,1219.0,20,13,Rail,10568,1934.4,7,Clear,Medium,0.828,4931,87.24,0,Medium,1,18
SHP100954,Supplier_E,Medical,Germany,Canada,1491,4707.0,9,8,Road,7810,2136.48,4,Rain,Medium,0.951,7025,103.45,5,Medium,1,17
SHP100955,Supplier_A,Automotive,USA,India,1035,2527.0,5,3,Road,8912,2565.12,1,Rain,Medium,0.801,6327,114.46,2,Medium,0,10
SHP100956,Supplier_A,Raw_Materials,Vietnam,Canada,1424,481.0,5,4,Rail,13950,3282.57,4,Clear,High,0.884,9816,105.07,5,Low,1,20
SHP100957,Supplier_E,Raw_Materials,India,India,58,2594.0,28,25,Road,954,1033.99,5,Clear,Medium,0.762,8126,103.57,1,High,0,18
SHP100958,Supplier_E,Automotive,China,Canada,399,1032.0,24,17,Rail,12035,2953.84,3,Clear,Low,0.773,9192,107.87,4,Medium,0,14
SHP100959,Supplier_C,Consumer_Goods,USA,Germany,133,3210.0,2,6,Air,14964,2502.34,3,Clear,Medium,0.888,5505,95.01,2,Medium,0,13
SHP100960,Supplier_A,Automotive,Vietnam,USA,582,3094.0,5,7,Air,10606,2111.43,4,,High,0.921,7881,81.01,3,Low,1,11
SHP100961,Supplier_D,Medical,USA,Germany,1038,3974.0,35,17,Sea,11492,2458.92,4,Clear,Medium,0.834,7523,110.78,0,Medium,0,14
SHP100962,Supplier_B,Consumer_Goods,Germany,USA,1866,3362.0,22,13,Sea,6463,3332.12,2,Clear,High,0.797,1798,102.42,5,High,0,16
SHP100963,Supplier_B,Electronics,Vietnam,UK,407,4923.0,12,12,Road,13493,2253.34,1,Storm,High,0.964,4462,85.69,5,Low,1,15
SHP100964,Supplier_E,Automotive,USA,India,427,4368.0,12,19,Air,6804,2073.35,6,Rain,Medium,0.739,8495,83.79,3,Medium,1,21
SHP100965,Supplier_C,Medical,Germany,India,221,1738.0,2,4,Rail,3724,1078.15,2,Storm,Medium,0.909,2327,95.0,4,Medium,1,16
SHP100966,Supplier_B,Consumer_Goods,USA,UK,1098,517.0,45,22,Sea,5546,1903.95,7,Clear,Medium,0.9,8449,80.37,3,Low,1,20
SHP100967,Supplier_A,Automotive,USA,Canada,442,2666.0,53,26,Sea,9352,3328.62,0,Clear,Medium,0.9,9886,113.91,0,Medium,0,8
SHP100968,Supplier_E,Raw_Materials,Vietnam,UK,1176,1395.0,24,12,Sea,8673,2191.13,7,Clear,Medium,0.971,1185,109.43,5,Low,1,17
SHP100969,Supplier_D,Automotive,Germany,UK,751,2472.0,50,22,Sea,6131,3145.67,0,Storm,High,0.911,9669,85.42,3,Medium,0,11
SHP100970,Supplier_E,Electronics,China,USA,1309,4557.0,4,5,Air,6282,2192.33,7,Clear,High,0.787,8031,72.47,3,Low,1,15
SHP100971,Supplier_D,Automotive,India,UK,1483,4771.0,9,21,Air,1232,1591.87,3,Clear,Medium,0.802,7684,72.59,5,Medium,1,17
SHP100972,Supplier_E,Consumer_Goods,Vietnam,India,1898,1061.0,29,30,Road,2576,2140.23,3,Clear,Medium,0.813,8591,84.86,3,Low,1,18
SHP100973,Supplier_E,Consumer_Goods,Germany,Germany,598,1727.0,5,7,Air,3235,1900.7,1,Clear,Medium,0.709,3749,77.38,5,Medium,0,10
SHP100974,Supplier_E,Automotive,USA,USA,833,3747.0,4,5,Air,11130,2599.72,3,Clear,Medium,0.965,3945,113.67,3,Low,0,12
SHP100975,Supplier_D,Consumer_Goods,Germany,USA,1878,4947.0,9,10,Road,2179,2411.52,5,Clear,Medium,0.721,7562,91.04,0,Medium,0,18
SHP100976,Supplier_D,Raw_Materials,India,Canada,381,4116.0,6,7,Air,1044,1135.02,7,Clear,High,0.903,4398,87.4,1,Low,1,16
SHP100977,Supplier_E,Automotive,India,Germany,1737,1942.0,58,30,Sea,5940,2814.33,0,Rain,Medium,0.912,9386,80.89,2,Low,0,14
SHP100978,Supplier_B,Raw_Materials,China,USA,843,2919.0,9,14,Air,4062,2443.9,1,Clear,Medium,0.945,9060,112.06,4,Low,0,10
SHP100979,Supplier_C,Raw_Materials,China,UK,1605,4400.0,31,16,Sea,6774,2933.4,0,,Medium,0.86,1078,109.62,1,High,0,7
SHP100980,Supplier_C,Medical,India,USA,698,1536.0,10,9,Road,12493,2043.32,4,Clear,Low,0.91,2121,89.22,0,Medium,0,9
SHP100981,Supplier_C,Automotive,Vietnam,USA,1032,3389.0,10,13,Air,10821,2588.13,4,Clear,Medium,0.788,4221,78.47,4,Low,0,20
SHP100982,Supplier_D,Consumer_Goods,Vietnam,USA,1944,1466.0,9,10,Rail,12593,3104.49,1,Clear,Low,0.916,9977,117.6,4,Medium,0,9
SHP100983,Supplier_D,Raw_Materials,USA,Canada,1102,4907.0,8,7,Rail,11610,3727.64,2,Clear,High,0.8,3861,85.79,5,Medium,0,16
SHP100984,Supplier_B,Medical,China,USA,592,2896.0,2,10,Air,934,1568.94,5,Clear,Low,0.962,9638,108.55,5,High,0,15
SHP100985,Supplier_C,Automotive,USA,USA,1092,1407.0,19,14,Rail,3850,1031.42,6,Clear,Medium,0.747,5218,93.15,3,Low,1,22
SHP100986,Supplier_C,Automotive,China,Canada,1221,4110.0,36,17,Sea,4284,2703.31,5,Rain,Low,0.792,6729,109.08,2,Medium,0,14
SHP100987,Supplier_E,Electronics,India,Germany,1544,4710.0,9,21,Air,11679,2687.03,7,Clear,High,0.845,3723,94.08,5,Medium,1,24
SHP100988,Supplier_D,Electronics,Vietnam,India,540,1441.0,10,18,Air,7278,2604.22,6,Clear,Medium,0.925,1358,116.28,2,Low,1,14
SHP100989,Supplier_C,Raw_Materials,Vietnam,Canada,332,1628.0,33,16,Sea,5268,1872.96,3,Clear,High,0.917,3286,110.02,0,Low,0,15
SHP100990,Supplier_B,Electronics,India,Canada,911,3799.0,31,30,Road,5091,1925.2,6,Clear,High,0.761,2765,83.01,5,Medium,1,23
SHP100991,Supplier_B,Raw_Materials,USA,USA,1926,3675.0,19,9,Sea,8246,3361.2,1,Clear,Medium,0.742,1804,91.52,1,Medium,0,11
SHP100992,Supplier_C,Consumer_Goods,USA,USA,1885,2553.0,11,10,Road,13984,3415.79,5,Snow,High,0.788,6649,75.03,3,Low,1,22
SHP100993,Supplier_D,Raw_Materials,Germany,India,1748,3187.0,8,9,Road,5390,1648.19,6,Clear,Low,0.84,3730,115.17,2,Medium,1,17
SHP100994,Supplier_B,Electronics,China,USA,162,2959.0,39,20,Sea,4338,1246.17,3,Clear,Medium,0.856,6991,73.46,3,Low,0,15
SHP100995,Supplier_E,Consumer_Goods,USA,UK,1528,2714.0,23,26,Road,8498,2209.64,0,Rain,Medium,0.824,8825,70.91,1,Medium,0,10
SHP100996,Supplier_B,Electronics,India,USA,1735,449.0,6,8,Rail,8265,2858.84,6,Rain,High,0.892,1142,94.82,4,High,1,18
SHP100997,Supplier_A,Raw_Materials,USA,USA,1403,4432.0,14,28,Air,3634,2598.78,2,Snow,High,0.824,1283,100.16,1,Medium,0,14
SHP100998,Supplier_A,Medical,Vietnam,UK,1328,4007.0,45,21,Sea,14944,4788.58,3,Storm,High,0.974,8092,81.16,4,Medium,1,19
SHP100999,Supplier_D,Automotive,China,India,1672,2283.0,10,6,Sea,2152,2637.56,4,Rain,Low,0.776,1383,98.53,1,Medium,0,14
SHP101000,Supplier_C,Electronics,Germany,UK,1472,1589.0,49,25,Sea,12598,3599.11,6,Snow,Medium,0.882,2578,114.78,3,High,1,23
SHP101001,Supplier_D,Raw_Materials,China,Canada,911,286.0,10,5,Sea,8251,2081.47,4,Clear,Medium,0.877,3945,101.31,1,Low,0,12
SHP101002,Supplier_D,Consumer_Goods,Vietnam,UK,659,4960.0,37,19,Sea,128,1170.67,0,Rain,Low,0.782,1623,92.79,5,Medium,0,16
SHP101003,Supplier_D,Electronics,Vietnam,Germany,1982,977.0,24,24,Road,9505,2518.67,1,Storm,Low,0.819,1544,77.22,2,High,0,14
SHP101004,Supplier_D,Electronics,Vietnam,Canada,557,4559.0,22,21,Road,8479,1996.41,3,Rain,Medium,0.806,8586,78.45,2,Medium,1,14
SHP101005,Supplier_E,Automotive,Vietnam,USA,1717,469.0,58,29,Sea,1960,2495.36,6,Snow,High,0.75,1913,94.22,0,Medium,1,21
SHP101006,Supplier_E,Raw_Materials,India,Canada,515,4174.0,7,17,Air,8034,2025.45,6,Clear,Medium,0.838,3543,93.16,5,High,1,20
SHP101007,Supplier_B,Medical,Germany,India,873,2445.0,54,28,Sea,13561,3531.87,0,Clear,Medium,0.812,2747,,2,Low,0,11
SHP101008,Supplier_A,Consumer_Goods,Vietnam,India,1480,710.0,16,8,Sea,2672,1476.42,6,Snow,Medium,0.752,3163,95.39,2,Medium,1,20
SHP101009,Supplier_D,Raw_Materials,Vietnam,UK,658,2673.0,53,28,Sea,8151,2035.81,4,Clear,Medium,0.83,2377,87.06,4,High,0,16
SHP101010,Supplier_B,Consumer_Goods,USA,Canada,1171,4000.0,20,14,Rail,6228,2003.56,6,Rain,High,0.822,6708,104.79,5,Medium,1,21
SHP101011,Supplier_A,Electronics,Germany,USA,339,499.0,43,21,Sea,4114,1446.19,7,Clear,Medium,0.738,9414,80.61,3,High,1,20
SHP101012,Supplier_C,Automotive,China,India,917,429.0,6,8,Air,13777,2837.51,6,Rain,Low,0.738,5531,112.62,3,Medium,0,17
SHP101013,Supplier_E,Automotive,Germany,USA,1812,1300.0,27,13,Sea,4352,2493.02,4,Snow,Medium,0.888,3153,79.72,4,High,0,14
SHP101014,Supplier_A,Medical,Germany,Germany,1730,2509.0,22,22,Road,2227,3812.98,4,Clear,High,0.905,3699,90.79,2,High,0,11
SHP101015,Supplier_C,Automotive,Germany,India,1229,3048.0,24,22,Road,10183,3355.23,2,Clear,Medium,0.973,4320,80.54,1,Low,0,11
SHP101016,Supplier_A,Electronics,Vietnam,UK,831,4501.0,24,12,Sea,13684,2965.83,2,Clear,Medium,0.725,1566,100.92,4,Low,0,16
SHP101017,Supplier_E,Medical,Vietnam,Germany,211,2351.0,13,28,Air,2807,1927.48,4,Storm,Low,0.734,3042,93.88,3,Medium,1,22
SHP101018,Supplier_E,Raw_Materials,India,Canada,673,776.0,33,18,Sea,10033,3630.3,5,Rain,Low,0.715,9821,88.72,0,High,1,18
SHP101019,Supplier_B,Automotive,China,USA,1916,1517.0,58,29,Sea,10965,3317.61,1,Clear,High,0.854,3735,93.76,3,Medium,0,13
SHP101020,Supplier_D,Medical,USA,India,1770,2778.0,24,20,Rail,1913,1729.67,2,Clear,Medium,0.881,6473,91.06,1,High,0,8
SHP101021,Supplier_A,Electronics,Germany,Germany,766,3202.0,15,16,Road,12619,2899.44,3,Storm,Medium,0.817,1724,112.76,3,High,1,17
SHP101022,Supplier_A,Consumer_Goods,China,Germany,1170,3570.0,5,6,Road,7916,2966.24,2,,Medium,0.931,8819,76.21,4,Medium,0,13
SHP101023,Supplier_C,Consumer_Goods,China,India,1450,4955.0,59,29,Sea,8451,3445.23,3,Clear,High,0.899,5048,109.66,0,Medium,0,14
SHP101024,Supplier_E,Electronics,India,Canada,616,3404.0,26,14,Sea,8635,1751.45,2,Clear,Low,0.986,7980,102.77,3,Medium,0,6
SHP101025,Supplier_A,Electronics,USA,Canada,1523,465.0,19,22,Road,8496,2377.25,4,Rain,High,0.74,3898,87.42,4,Low,1,22
SHP101026,Supplier_E,Consumer_Goods,Germany,UK,1043,649.0,54,29,Sea,11334,3090.82,6,Clear,Medium,0.717,2464,115.96,4,High,1,26
SHP101027,Supplier_A,Medical,USA,Canada,1190,3124.0,33,25,Rail,11177,3392.71,3,Snow,High,0.78,6614,78.85,4,Low,1,20
SHP101028,Supplier_B,Consumer_Goods,India,UK,1678,4224.0,47,23,Sea,8596,2677.77,7,Clear,High,0.706,8089,85.51,0,High,1,22
SHP101029,Supplier_D,Electronics,Vietnam,Germany,1878,1617.0,4,10,Air,13771,2612.98,6,Rain,Medium,0.97,1153,88.74,4,Medium,1,14
SHP101030,Supplier_A,Automotive,China,India,1789,1144.0,8,9,Road,11009,3313.14,6,Clear,Low,0.788,7763,102.39,0,Low,0,13
SHP101031,Supplier_E,Raw_Materials,Germany,Canada,1867,2993.0,16,28,Air,12233,3203.06,1,Snow,Low,0.86,7459,117.32,5,Low,0,14
SHP101032,Supplier_B,Automotive,Vietnam,UK,1579,4203.0,22,11,Sea,8691,3829.78,2,Clear,High,0.792,5066,99.67,1,High,0,15
SHP101033,Supplier_A,Automotive,India,Germany,1262,1497.0,53,26,Sea,11812,3303.28,2,Clear,Low,0.771,1810,112.82,1,Low,0,17
SHP101034,Supplier_C,Electronics,USA,Canada,1549,1542.0,27,27,Road,6349,3206.26,4,Clear,Medium,0.744,1150,115.25,1,Medium,1,15
SHP101035,Supplier_D,Consumer_Goods,China,USA,1396,2721.0,36,19,Sea,6585,3368.5,3,Storm,Low,0.793,9137,93.32,5,Low,1,23
SHP101036,Supplier_A,Medical,Germany,Germany,645,1508.0,7,12,Air,9277,2075.04,5,Clear,Medium,0.878,1778,93.62,4,Medium,1,17
SHP101037,Supplier_B,Automotive,Vietnam,Canada,1253,1258.0,30,30,Road,1905,1584.56,4,Clear,Low,0.982,5249,82.5,0,Low,0,10
SHP101038,Supplier_C,Consumer_Goods,Vietnam,Germany,1859,4984.0,9,5,Sea,5147,3951.53,6,Clear,High,0.862,4968,100.08,5,Medium,1,23
SHP101039,Supplier_B,Medical,China,India,1254,2262.0,29,23,Rail,5640,2580.38,3,Clear,High,0.854,8667,76.0,1,Low,0,13
SHP101040,Supplier_B,Automotive,USA,India,1008,1404.0,51,27,Sea,2196,1876.58,2,Clear,Medium,0.71,5596,101.72,2,Medium,0,15
SHP101041,Supplier_C,Medical,India,India,1766,262.0,12,10,Road,12593,3006.58,2,Clear,Medium,0.944,8357,114.64,1,Medium,0,6
SHP101042,Supplier_B,Consumer_Goods,USA,USA,1062,3944.0,8,16,Air,5437,2710.49,2,Rain,Medium,0.713,3553,108.04,4,Medium,1,18
SHP101043,Supplier_C,Raw_Materials,USA,India,1868,4652.0,28,28,Road,14229,3366.29,2,Rain,Medium,0.963,5103,102.46,5,Low,0,13
SHP101044,Supplier_A,Consumer_Goods,USA,USA,1360,3013.0,9,9,Road,1559,1734.16,7,Storm,Medium,0.856,6804,111.92,2,Low,1,20
SHP101045,Supplier_C,Electronics,China,India,524,2898.0,24,18,Rail,7034,1749.19,0,Snow,Medium,0.749,5564,106.49,5,Medium,1,15
SHP101046,Supplier_C,Medical,China,Germany,667,3092.0,7,20,Air,9637,1996.69,2,Clear,Medium,0.831,7464,96.48,3,Low,0,12
SHP101047,Supplier_D,Raw_Materials,India,Canada,690,3084.0,31,13,Sea,8522,2829.38,2,Rain,Medium,0.989,7715,96.05,2,Medium,0,10
SHP101048,Supplier_C,Medical,USA,Canada,311,1782.0,9,8,Road,3882,1174.02,5,Clear,Medium,0.788,4678,75.35,3,High,0,15
SHP101049,Supplier_C,Medical,China,India,1596,3131.0,12,22,Air,13898,3055.8,5,Clear,Medium,0.778,4705,91.72,2,Medium,1,20
SHP101050,Supplier_A,Automotive,India,Canada,211,1320.0,50,23,Sea,3600,1204.56,3,Clear,Medium,0.734,4358,96.12,0,Low,0,16
SHP101051,Supplier_D,Electronics,India,India,1560,4918.0,22,16,Rail,9174,3293.96,6,Clear,Medium,0.873,5182,93.5,2,Medium,1,17
SHP101052,Supplier_E,Medical,USA,India,230,1579.0,50,23,Sea,11065,2617.92,2,Clear,Medium,0.726,4965,108.8,1,High,0,13
SHP101053,Supplier_A,Consumer_Goods,Germany,UK,774,1131.0,24,15,Rail,10623,1998.53,2,Clear,Medium,0.922,6200,78.05,3,Medium,0,9
SHP101054,Supplier_A,Consumer_Goods,USA,UK,518,3581.0,6,6,Air,5705,1716.22,7,Rain,Medium,0.967,5629,109.74,3,Medium,1,15
SHP101055,Supplier_E,Automotive,Germany,UK,1859,1201.0,22,22,Road,6519,2970.29,3,Clear,High,0.97,7333,107.08,5,Low,0,16
SHP101056,Supplier_C,Electronics,India,USA,70,1772.0,44,22,Sea,8724,2031.16,6,Rain,Low,0.731,8765,115.04,1,Low,1,20
SHP101057,Supplier_B,Electronics,China,UK,1348,766.0,25,13,Sea,9500,2223.88,2,Clear,Medium,0.862,6603,88.67,0,High,0,10
SHP101058,Supplier_D,Consumer_Goods,Vietnam,India,309,4249.0,28,20,Rail,7989,2606.73,7,Clear,Medium,0.728,5474,78.83,2,High,1,23
SHP101059,Supplier_B,Raw_Materials,India,Germany,1406,2240.0,2,3,Air,10972,2279.34,2,Clear,Medium,0.866,9647,107.93,0,Low,0,7
SHP101060,Supplier_E,Automotive,China,UK,515,254.0,18,14,Rail,10555,2819.72,4,Clear,Medium,0.936,8175,99.42,1,Low,0,15
SHP101061,Supplier_A,Automotive,India,UK,1189,3879.0,16,20,Road,14532,3104.1,0,Clear,High,0.856,1229,105.62,2,Low,0,10
SHP101062,Supplier_A,Consumer_Goods,USA,Germany,1486,3159.0,16,9,Sea,11294,3701.44,3,Rain,Medium,0.953,7807,119.84,1,High,0,11
SHP101063,Supplier_D,Consumer_Goods,Germany,India,586,4144.0,18,14,Rail,5338,1762.16,4,Rain,High,0.932,6594,79.73,3,Medium,1,15
SHP101064,Supplier_A,Raw_Materials,India,USA,1001,1382.0,7,3,Sea,10704,3663.06,5,Clear,High,0.78,6019,90.55,3,High,1,20
SHP101065,Supplier_A,Raw_Materials,China,UK,1918,2098.0,26,24,Road,1917,2392.68,6,Clear,Medium,0.883,4477,79.63,3,Medium,1,16
SHP101066,Supplier_D,Electronics,USA,Germany,815,1899.0,12,6,Sea,7670,,1,Storm,High,0.702,4358,113.03,4,High,1,20
SHP101067,Supplier_D,Automotive,Vietnam,India,1008,4892.0,25,20,Rail,5203,1494.11,1,Clear,Medium,0.815,1759,70.85,4,Low,1,17
SHP101068,Supplier_E,Automotive,USA,Canada,1996,1287.0,16,17,Road,717,2932.2,5,Clear,Medium,0.769,2366,76.76,3,Medium,0,18
SHP101069,Supplier_A,Consumer_Goods,Germany,USA,1796,2068.0,2,5,Air,12784,2316.76,0,Clear,High,0.972,9516,82.39,4,Medium,0,3
SHP101070,Supplier_A,Electronics,USA,Germany,1890,567.0,13,9,Road,10797,4000.84,6,Rain,Medium,0.818,1876,108.57,4,High,1,17
SHP101071,Supplier_E,Automotive,Vietnam,Germany,1906,1488.0,3,8,Air,8609,1906.37,6,Rain,Low,0.89,1166,101.42,5,Medium,1,17
SHP101072,Supplier_C,Electronics,China,Germany,983,4136.0,35,17,Sea,14817,4624.6,7,Rain,Medium,0.912,4664,89.43,1,Medium,1,19
SHP101073,Supplier_C,Electronics,India,UK,900,2102.0,8,17,Air,6385,2142.04,1,Clear,Medium,0.924,8463,77.94,5,High,0,13
SHP101074,Supplier_C,Consumer_Goods,Germany,Canada,1330,4418.0,5,8,Air,556,1404.13,0,Clear,Low,0.913,9772,86.08,2,High,0,5
SHP101075,Supplier_E,Electronics,Vietnam,USA,1241,4567.0,3,10,Air,600,1007.62,1,Clear,High,0.784,8350,107.17,3,High,0,11
SHP101076,Supplier_A,Raw_Materials,Germany,India,1922,2362.0,19,10,Sea,8174,3530.37,1,Rain,Medium,0.899,6695,89.1,5,Medium,0,15
SHP101077,Supplier_E,Raw_Materials,USA,India,582,2309.0,49,24,Sea,12710,3346.9,6,Storm,High,0.859,9052,93.13,5,High,1,24
SHP101078,Supplier_E,Medical,Germany,Canada,1671,3199.0,5,3,Sea,13387,4141.39,7,Clear,Low,0.873,9963,100.43,4,Medium,1,18
SHP101079,Supplier_C,Consumer_Goods,Vietnam,Germany,64,831.0,15,28,Air,2415,1025.17,4,Clear,Medium,0.7,1927,115.64,1,High,0,15
SHP101080,Supplier_B,Medical,India,Germany,99,2763.0,16,15,Road,3974,,6,Clear,Low,0.775,9797,82.51,1,High,1,18
SHP101081,Supplier_A,Raw_Materials,India,Germany,1048,1294.0,25,25,Road,6730,2881.75,1,Clear,Medium,0.97,5100,92.4,5,Low,0,13
SHP101082,Supplier_C,Medical,Germany,Germany,353,2466.0,52,26,Sea,5073,1674.88,6,Clear,Medium,0.784,5094,85.52,2,Medium,1,22
SHP101083,Supplier_B,Consumer_Goods,China,Germany,1560,1025.0,30,23,Rail,4874,2722.55,5,Clear,High,0.827,7983,93.31,1,Medium,1,17
SHP101084,Supplier_B,Consumer_Goods,Germany,Canada,465,3541.0,17,15,Road,14449,3084.17,0,Snow,Medium,0.754,8194,104.82,0,High,0,12
SHP101085,Supplier_D,Electronics,USA,UK,354,3475.0,14,13,Road,1103,607.04,2,Clear,Medium,0.74,4973,94.1,0,Medium,0,13
SHP101086,Supplier_A,Automotive,India,USA,245,466.0,15,6,Sea,6948,2064.96,6,Clear,Medium,0.761,8744,111.73,3,Low,1,21
SHP101087,Supplier_B,Electronics,India,Germany,1949,264.0,2,9,Air,12542,3859.42,6,Clear,Low,0.861,1413,97.66,5,Medium,1,18
SHP101088,Supplier_C,Consumer_Goods,India,UK,862,4028.0,36,30,Rail,4296,2112.78,2,Clear,Medium,0.967,6928,89.29,2,Medium,0,8
SHP101089,Supplier_D,Raw_Materials,China,India,849,1185.0,13,14,Road,6815,2460.83,2,Clear,Low,0.795,3014,,5,High,0,11
SHP101090,Supplier_A,Raw_Materials,China,Canada,437,3825.0,14,29,Air,1166,1016.32,0,Rain,High,0.794,9974,91.57,0,Medium,0,9
SHP101091,Supplier_E,Electronics,Vietnam,UK,806,1632.0,30,15,Sea,13722,3992.87,7,Clear,High,0.864,9718,95.78,2,Low,1,22
SHP101092,Supplier_C,Consumer_Goods,Germany,Germany,1938,4573.0,27,24,Road,4816,3744.36,0,Snow,Medium,0.803,1000,119.73,3,High,0,14
SHP101093,Supplier_B,Raw_Materials,Germany,Germany,504,782.0,15,14,Road,9920,1968.14,2,Clear,Medium,0.964,9462,109.32,1,Medium,0,8
SHP101094,Supplier_B,Consumer_Goods,USA,Germany,762,2796.0,24,18,Rail,13402,3468.25,5,Clear,Low,0.81,3531,112.76,1,Medium,0,17
SHP101095,Supplier_C,Raw_Materials,India,UK,754,2313.0,3,8,Air,6708,1281.22,1,Clear,Medium,0.842,2071,99.64,1,High,0,9
SHP101096,Supplier_B,Consumer_Goods,China,Germany,897,4558.0,32,16,Sea,3334,2338.23,2,Rain,High,0.855,9885,87.41,0,Medium,1,13
SHP101097,Supplier_D,Medical,USA,UK,1731,3854.0,11,21,Air,6594,2820.2,3,Clear,High,0.927,3887,119.56,2,Medium,1,14
SHP101098,Supplier_A,Consumer_Goods,USA,Germany,1383,2477.0,36,18,Sea,10573,2843.35,6,Clear,Medium,0.864,7516,82.2,0,Low,0,17
SHP101099,Supplier_D,Consumer_Goods,China,India,1200,281.0,15,29,Air,14339,3469.54,0,Clear,Medium,0.769,8905,113.64,4,High,0,10
SHP101100,Supplier_B,Electronics,Germany,India,224,4980.0,37,28,Rail,4598,1167.07,3,Snow,Medium,0.736,2995,115.57,2,Low,1,19
SHP101101,Supplier_E,Medical,India,USA,1207,4403.0,14,6,Sea,10690,4372.12,3,Clear,High,0.972,4577,110.88,3,Low,0,14
SHP101102,Supplier_A,Automotive,Germany,Germany,1139,452.0,9,7,Road,11530,2883.26,0,Clear,High,0.932,7209,75.7,0,High,0,5
SHP101103,Supplier_A,Electronics,USA,Germany,1466,4915.0,6,11,Air,5367,2226.58,7,Clear,Medium,0.707,2709,112.71,1,Medium,1,17
SHP101104,Supplier_C,Automotive,India,UK,1438,114.0,16,26,Air,6271,2001.69,6,Clear,High,0.938,3099,103.19,1,Low,1,13
SHP101105,Supplier_C,Raw_Materials,Vietnam,UK,328,2287.0,11,5,Sea,12646,3252.95,2,Clear,High,0.871,7117,104.04,1,Low,0,10
SHP101106,Supplier_E,Automotive,USA,Germany,807,999.0,46,24,Sea,8195,2900.8,5,Clear,Medium,0.85,9661,109.33,0,High,1,16
SHP101107,Supplier_A,Consumer_Goods,Germany,USA,412,222.0,9,12,Road,3769,1631.71,4,Rain,High,0.704,3290,94.53,0,Medium,1,17
SHP101108,Supplier_E,Automotive,Germany,Germany,1822,2725.0,41,19,Sea,4815,2589.98,7,Clear,Medium,0.926,9528,83.36,1,Medium,1,14
SHP101109,Supplier_C,Electronics,Germany,UK,220,1300.0,9,21,Air,9757,1814.5,7,Rain,Medium,0.757,8970,98.75,1,High,1,20
SHP101110,Supplier_C,Electronics,China,Germany,1124,3098.0,8,12,Air,6169,1665.21,3,Rain,Low,0.911,1755,75.43,1,Medium,0,7
SHP101111,Supplier_A,Automotive,USA,UK,1401,4055.0,10,14,Air,2061,1058.91,2,Clear,Medium,0.705,8212,103.74,4,Medium,0,15
SHP101112,Supplier_D,Electronics,India,Germany,1944,687.0,23,25,Road,14040,3614.71,4,Rain,High,0.931,3099,94.15,0,Low,0,15
SHP101113,Supplier_B,Electronics,Germany,Canada,714,998.0,16,9,Sea,975,1031.34,6,Rain,Medium,0.707,1412,95.12,1,Medium,1,19
SHP101114,Supplier_C,Automotive,Germany,UK,641,2310.0,22,20,Road,13938,3776.24,3,Rain,Low,0.768,5103,79.29,3,Medium,0,13
SHP101115,Supplier_C,Medical,China,USA,980,1744.0,22,21,Road,12361,3723.48,2,Rain,Medium,0.778,3993,72.06,1,Low,0,9
SHP101116,Supplier_D,Medical,India,Canada,1218,4897.0,8,17,Air,13622,3073.18,3,Rain,Medium,0.746,1246,100.56,0,Medium,0,11
SHP101117,Supplier_D,Raw_Materials,USA,Germany,323,4807.0,5,9,Air,12193,1340.7,7,Clear,Medium,0.84,8562,102.94,3,Low,1,18
SHP101118,Supplier_E,Electronics,Vietnam,UK,1228,192.0,15,14,Road,8834,2878.47,2,Rain,Medium,0.782,7977,94.91,5,High,0,17
SHP101119,Supplier_E,Automotive,China,Canada,1984,4631.0,26,24,Road,3616,2511.43,7,Clear,Low,0.988,8506,108.29,5,Low,0,18
SHP101120,Supplier_B,Electronics,USA,USA,557,1510.0,21,9,Sea,3965,2450.75,6,Rain,High,0.868,9603,98.19,5,Medium,1,21
SHP101121,Supplier_B,Consumer_Goods,Vietnam,UK,1922,3937.0,5,12,Air,12840,3784.04,5,Clear,High,0.864,8095,112.41,0,Medium,0,12
SHP101122,Supplier_A,Electronics,Germany,Canada,412,342.0,16,27,Air,4599,1133.06,6,Storm,Medium,0.764,4367,84.41,0,Medium,1,18
SHP101123,Supplier_E,Electronics,Germany,Canada,1398,1693.0,56,26,Sea,9310,3067.83,1,,Medium,0.819,3689,82.16,0,Medium,0,14
SHP101124,Supplier_C,Medical,India,Canada,897,2768.0,13,24,Air,7333,1825.42,1,Rain,High,0.736,1587,83.06,2,Low,0,15
SHP101125,Supplier_E,Automotive,Vietnam,India,704,887.0,18,30,Air,9720,1905.72,6,Rain,Medium,0.921,2468,71.53,3,High,0,16
SHP101126,Supplier_C,Electronics,Germany,Germany,347,1087.0,44,22,Sea,13270,2303.54,0,Storm,Medium,0.796,1232,115.03,4,Low,0,13
SHP101127,Supplier_D,Medical,Germany,UK,543,321.0,6,12,Air,6047,2057.72,4,Rain,Medium,0.918,7885,119.96,4,High,0,15
SHP101128,Supplier_E,Raw_Materials,India,UK,595,2008.0,15,27,Air,674,1390.15,6,Clear,Medium,0.808,9011,110.83,2,Low,1,21
SHP101129,Supplier_D,Medical,USA,UK,353,2419.0,33,25,Rail,1558,1130.0,6,Storm,Medium,0.987,8140,90.63,0,Low,1,18
SHP101130,Supplier_B,Medical,Germany,Canada,1540,855.0,13,7,Sea,7495,3269.36,3,Rain,High,0.75,2886,87.7,4,Medium,1,23
SHP101131,Supplier_B,Medical,China,Germany,953,3224.0,24,20,Rail,9791,2925.58,3,Rain,Medium,0.7,1309,108.73,3,Medium,0,17
SHP101132,Supplier_A,Electronics,China,USA,288,932.0,24,11,Sea,9783,3064.88,2,Snow,High,0.872,9080,95.5,1,High,0,14
SHP101133,Supplier_E,Electronics,USA,UK,699,881.0,20,18,Road,3272,2230.05,4,Clear,Medium,0.976,3748,116.97,3,High,0,10
SHP101134,Supplier_D,Raw_Materials,Vietnam,Germany,1839,3221.0,2,9,Air,2570,2653.43,7,Clear,Medium,0.888,2600,83.98,0,High,0,10
SHP101135,Supplier_C,Consumer_Goods,India,Germany,1590,2241.0,28,27,Road,3527,1817.28,3,Clear,Medium,0.725,1545,86.19,3,Medium,1,17
SHP101136,Supplier_B,Consumer_Goods,China,India,933,2090.0,15,29,Air,13550,2242.97,4,Rain,Medium,0.857,4823,119.94,5,Low,1,21
SHP101137,Supplier_B,Consumer_Goods,China,UK,1249,1644.0,12,27,Air,7898,2919.78,6,Clear,High,0.964,4314,118.91,0,Medium,1,17
SHP101138,Supplier_C,Raw_Materials,USA,Canada,1958,1676.0,16,12,Rail,7836,4104.41,4,Rain,Medium,0.702,5930,114.26,3,High,1,18
SHP101139,Supplier_D,Consumer_Goods,Vietnam,Germany,459,3634.0,12,7,Sea,14984,3750.09,1,Clear,High,0.748,6729,90.23,2,Low,0,12
SHP101140,Supplier_D,Consumer_Goods,Vietnam,Germany,775,323.0,11,9,Rail,10807,2937.11,7,Rain,Medium,0.936,8991,111.88,3,High,1,13
SHP101141,Supplier_E,Medical,USA,USA,1437,639.0,12,7,Sea,11843,3647.75,3,Storm,Medium,0.959,6561,84.17,5,Medium,1,16
SHP101142,Supplier_E,Electronics,China,India,1096,2750.0,36,17,Sea,4306,3740.94,3,Clear,High,0.905,2841,82.74,4,Medium,1,16
SHP101143,Supplier_A,Electronics,India,Germany,367,632.0,41,21,Sea,2300,1921.34,0,Rain,Low,0.988,2636,97.32,1,Medium,0,6
SHP101144,Supplier_B,Medical,China,Germany,574,3683.0,11,12,Road,3064,1562.23,4,Rain,Medium,0.726,8576,113.01,2,High,0,13
SHP101145,Supplier_E,Medical,Vietnam,Canada,954,2040.0,19,10,Sea,7005,3535.3,2,Clear,Low,0.858,2675,74.87,3,Low,0,12
SHP101146,Supplier_D,Medical,China,Canada,1826,1308.0,35,26,Rail,3413,3429.37,7,Clear,High,0.899,2790,98.27,0,Medium,1,17
SHP101147,Supplier_C,Electronics,India,USA,1349,2916.0,7,11,Air,3027,1248.71,1,Clear,Medium,0.904,4144,,2,Medium,0,9
SHP101148,Supplier_D,Consumer_Goods,Germany,USA,1073,3788.0,12,13,Road,8973,1966.68,6,Rain,High,0.93,7967,98.99,4,Medium,1,17
SHP101149,Supplier_B,Medical,China,USA,1677,621.0,60,30,Sea,13156,3904.03,0,Clear,High,0.966,1155,80.92,1,High,0,8
SHP101150,Supplier_D,Raw_Materials,USA,Canada,669,594.0,6,24,Air,8570,2629.56,1,Clear,Low,0.805,7914,73.21,5,Low,0,14
SHP101151,Supplier_A,Medical,Germany,Canada,1002,4272.0,6,4,Sea,4558,2108.86,2,Clear,Low,0.712,9767,114.75,1,High,0,12
SHP101152,Supplier_B,Automotive,USA,India,1302,4878.0,12,5,Sea,1748,1671.31,0,Clear,Medium,0.805,4107,98.73,3,Medium,0,10
SHP101153,Supplier_C,Medical,USA,UK,1737,4562.0,7,15,Air,5627,2873.97,1,Rain,Medium,0.895,5343,108.4,5,Medium,0,11
SHP101154,Supplier_A,Electronics,USA,UK,1181,687.0,4,13,Air,13586,1857.78,2,Rain,Low,0.762,6163,88.22,4,Medium,0,12
SHP101155,Supplier_B,Medical,China,India,850,90.0,60,30,Sea,12988,3111.21,5,Clear,Low,0.935,5548,72.13,4,Medium,1,17
SHP101156,Supplier_C,Automotive,Vietnam,UK,965,4932.0,21,12,Sea,9450,2390.01,0,Rain,Medium,0.764,6238,82.98,1,Medium,0,10
SHP101157,Supplier_A,Raw_Materials,Germany,Canada,1249,4442.0,56,29,Sea,8284,2949.52,2,Rain,Low,0.703,8516,73.67,1,Low,1,19
SHP101158,Supplier_A,Consumer_Goods,India,UK,369,1670.0,7,17,Air,2441,765.86,0,Clear,High,0.847,7836,73.91,4,Medium,0,11
SHP101159,Supplier_B,Medical,Vietnam,Canada,1359,3722.0,3,8,Air,1618,1682.15,3,Clear,High,0.911,1939,80.72,1,Low,0,11
SHP101160,Supplier_E,Automotive,China,India,925,4187.0,7,3,Rail,1938,1990.97,3,Storm,High,0.801,8090,101.68,0,Medium,1,16
SHP101161,Supplier_A,Automotive,USA,USA,378,4178.0,20,16,Rail,970,1386.58,1,Rain,Low,0.917,4941,110.89,1,Medium,0,10
SHP101162,Supplier_A,Raw_Materials,India,India,1950,1349.0,45,20,Sea,5638,3024.97,7,Rain,Low,0.827,5362,111.07,0,Medium,1,17
SHP101163,Supplier_C,Electronics,Germany,UK,802,4761.0,30,26,Rail,11569,2730.72,4,Clear,Medium,0.75,2461,116.89,5,Low,1,24
SHP101164,Supplier_D,Medical,Vietnam,Canada,706,209.0,15,13,Road,9633,3557.09,5,Storm,High,0.726,8935,102.82,1,Low,1,25
SHP101165,Supplier_B,Automotive,Vietnam,UK,1429,2002.0,4,10,Air,14508,3425.31,6,Rain,Medium,0.906,4298,70.99,2,High,0,14
SHP101166,Supplier_B,Raw_Materials,India,UK,1087,1781.0,11,24,Air,10598,2371.37,4,Storm,Medium,0.812,1060,88.87,2,Medium,1,18
SHP101167,Supplier_E,Consumer_Goods,China,USA,1348,2496.0,6,5,Rail,5577,2491.96,6,Snow,Low,0.965,3215,75.57,5,High,1,18
SHP101168,Supplier_E,Automotive,Germany,UK,120,3212.0,15,16,Road,9463,2280.16,6,Snow,Medium,0.857,7275,108.87,5,Low,1,21
SHP101169,Supplier_B,Raw_Materials,India,USA,876,1782.0,6,4,Road,12364,2352.4,6,,Medium,0.801,5817,75.98,2,High,0,19
SHP101170,Supplier_E,Electronics,USA,Canada,1268,630.0,22,18,Rail,13636,3306.22,2,Clear,Low,0.801,5102,75.3,5,Low,0,13
SHP101171,Supplier_C,Electronics,Germany,Canada,914,269.0,16,8,Sea,1228,1152.08,0,Storm,Medium,0.738,6831,71.41,0,Medium,0,12
SHP101172,Supplier_B,Automotive,Vietnam,USA,1885,4524.0,4,3,Air,11919,2690.44,3,Clear,Medium,0.872,1250,117.78,0,High,0,8
SHP101173,Supplier_E,Automotive,India,India,977,1799.0,4,16,Air,12291,3104.3,4,Storm,Medium,0.869,2599,109.29,3,Low,1,18
SHP101174,Supplier_B,Medical,Vietnam,Canada,1952,1520.0,10,12,Air,6599,3098.78,7,Clear,Medium,0.932,8429,86.67,3,Medium,1,17
SHP101175,Supplier_D,Raw_Materials,Vietnam,India,1596,4378.0,6,8,Air,13949,3674.81,6,Rain,High,0.758,3167,88.82,1,Medium,1,18
SHP101176,Supplier_A,Automotive,Vietnam,Canada,155,1444.0,23,11,Sea,12179,2585.16,3,Clear,Medium,0.784,7191,72.97,0,High,0,14
SHP101177,Supplier_B,Medical,China,Canada,819,971.0,5,9,Air,1384,1167.32,6,Rain,Medium,0.728,2468,77.9,2,Medium,1,17
SHP101178,Supplier_A,Medical,Vietnam,Germany,942,2823.0,14,27,Air,8862,2231.14,5,Clear,High,0.786,5033,85.57,2,High,1,17
SHP101179,Supplier_E,Automotive,USA,UK,245,4512.0,7,4,Sea,2964,573.27,2,Clear,High,0.824,2502,89.39,2,Medium,0,11
SHP101180,Supplier_A,Electronics,USA,UK,194,4626.0,28,13,Sea,6145,2613.44,7,Storm,Medium,0.98,7600,101.0,1,Medium,1,21
SHP101181,Supplier_B,Raw_Materials,Germany,India,1805,3484.0,32,16,Sea,12276,2658.2,5,Rain,Low,0.889,5814,87.52,0,Medium,0,13
SHP101182,Supplier_D,Raw_Materials,Vietnam,UK,1423,3632.0,12,7,Sea,11433,4196.47,5,Clear,High,0.927,6044,117.73,5,Low,1,18
SHP101183,Supplier_E,Electronics,Vietnam,India,1497,1168.0,14,11,Road,2077,1555.35,2,Clear,Low,0.794,1027,87.14,1,Medium,0,12
SHP101184,Supplier_B,Automotive,India,Canada,520,1915.0,10,9,Rail,14368,3035.47,0,Clear,High,0.742,8898,117.08,5,Medium,0,12
SHP101185,Supplier_E,Raw_Materials,China,Germany,1759,4361.0,15,27,Air,8738,2341.93,7,Rain,Low,0.774,1100,106.49,4,Low,1,20
SHP101186,Supplier_C,Automotive,Germany,Germany,265,774.0,8,16,Air,13170,1945.55,5,Snow,High,0.774,5510,114.99,4,Medium,1,21
SHP101187,Supplier_A,Automotive,Vietnam,Canada,1166,761.0,39,29,Rail,9572,1649.85,4,Rain,Medium,0.869,8394,105.16,3,Medium,0,16
SHP101188,Supplier_C,Medical,India,USA,309,1875.0,34,18,Sea,5139,1225.48,6,Clear,High,0.799,4240,98.43,5,Low,1,25
SHP101189,Supplier_B,Electronics,China,USA,983,3976.0,22,24,Road,7139,2761.24,2,Clear,Medium,0.949,2488,95.45,0,High,0,5
SHP101190,Supplier_D,Automotive,Germany,UK,624,440.0,11,18,Air,8928,1432.85,2,Snow,High,0.987,2453,84.57,5,High,1,15
SHP101191,Supplier_E,Consumer_Goods,Germany,India,1614,1120.0,12,9,Road,3073,1593.14,6,Clear,Low,0.8,2801,84.91,5,Low,1,17
SHP101192,Supplier_A,Electronics,Vietnam,Germany,1860,4537.0,18,12,Rail,4726,2625.7,3,Rain,Medium,0.904,9084,81.16,2,High,0,13
SHP101193,Supplier_E,Raw_Materials,Germany,UK,1932,2815.0,24,23,Road,218,972.71,1,Clear,Low,0.891,5559,89.28,0,High,0,8
SHP101194,Supplier_B,Medical,India,Canada,334,4530.0,2,8,Air,8099,1591.46,7,Rain,High,0.756,7240,76.35,5,Low,1,27
SHP101195,Supplier_E,Raw_Materials,Germany,Germany,533,2478.0,20,19,Rail,12453,2839.1,5,Storm,Medium,0.966,8817,89.38,5,Low,1,18
SHP101196,Supplier_A,Raw_Materials,USA,India,421,4544.0,7,3,Road,2392,1669.02,4,Clear,Medium,0.758,2515,111.69,5,Medium,1,18
SHP101197,Supplier_B,Electronics,India,India,119,2197.0,3,4,Road,2204,755.13,0,Rain,Medium,0.914,9215,113.51,3,High,0,10
SHP101198,Supplier_E,Raw_Materials,China,USA,428,3622.0,17,29,Air,1167,1869.48,5,Clear,High,0.801,9587,102.14,2,High,0,18
SHP101199,Supplier_D,Automotive,China,UK,1352,4528.0,17,16,Road,14959,3866.28,6,Clear,Medium,0.806,2427,82.84,1,Low,1,18
SHP101200,Supplier_B,Raw_Materials,Vietnam,Canada,1816,2804.0,2,6,Air,14301,2367.06,0,Clear,Medium,0.832,7085,82.02,2,Low,0,7
SHP101201,Supplier_B,Medical,Vietnam,Germany,351,3313.0,14,29,Air,523,1444.32,3,Clear,Medium,0.951,2013,83.9,5,Medium,0,14
SHP101202,Supplier_D,Medical,USA,India,304,3875.0,23,11,Sea,3919,1747.65,5,Clear,High,0.741,8279,95.0,5,Low,1,21
SHP101203,Supplier_C,Consumer_Goods,China,Germany,1757,3466.0,47,25,Sea,7803,3728.27,0,Storm,Low,0.716,5226,118.82,4,Low,1,19
SHP101204,Supplier_A,Medical,China,Canada,993,2107.0,7,8,Road,12782,2545.19,5,Clear,Low,0.817,9611,75.46,1,Medium,0,16
SHP101205,Supplier_C,Raw_Materials,China,Germany,741,2361.0,17,19,Road,14885,2352.65,2,,Low,0.716,4349,95.03,5,Medium,0,16
SHP101206,Supplier_E,Medical,China,UK,1337,2929.0,14,23,Air,1380,1741.96,5,Clear,Medium,0.899,7076,104.11,2,Medium,0,15
SHP101207,Supplier_D,Electronics,Germany,USA,1768,3692.0,11,13,Road,14428,3754.52,4,Clear,Medium,0.92,8757,82.28,1,High,0,7
SHP101208,Supplier_C,Medical,India,Germany,883,2659.0,40,30,Rail,13341,3373.38,5,Clear,Medium,0.948,6187,118.46,4,Low,1,18
SHP101209,Supplier_B,Automotive,India,USA,766,1480.0,2,6,Air,10111,2422.07,0,Clear,High,0.916,8018,87.45,4,Medium,0,10
SHP101210,Supplier_E,Electronics,USA,Canada,473,1963.0,45,23,Sea,14247,2801.75,4,Rain,Medium,0.966,5270,116.62,0,Medium,0,10
SHP101211,Supplier_E,Consumer_Goods,Germany,USA,1834,807.0,58,29,Sea,3532,3546.45,0,Snow,High,0.917,9655,99.87,5,Medium,0,16
SHP101212,Supplier_C,Automotive,China,Germany,262,2184.0,22,11,Sea,862,1707.45,7,Rain,Medium,0.971,1389,70.2,4,Medium,1,19
SHP101213,Supplier_C,Raw_Materials,China,Germany,1744,1962.0,60,30,Sea,1729,2602.82,6,Clear,Low,0.756,7891,85.56,4,High,1,18
SHP101214,Supplier_D,Raw_Materials,Vietnam,India,149,1789.0,33,18,Sea,5599,1210.86,6,Snow,Medium,0.845,1135,71.08,4,Medium,1,23
SHP101215,Supplier_A,Raw_Materials,Vietnam,Germany,1902,3267.0,4,5,Air,8734,2910.94,1,Clear,High,0.988,3456,89.07,5,High,0,9
SHP101216,Supplier_C,Automotive,USA,USA,1185,4806.0,11,6,Rail,3114,1946.74,1,Clear,Low,0.898,3271,116.63,3,Low,0,9
SHP101217,Supplier_C,Automotive,China,India,357,1184.0,26,26,Road,10873,2187.75,4,Clear,Medium,0.955,9792,108.95,4,Low,1,16
SHP101218,Supplier_B,Automotive,USA,Germany,727,3762.0,10,5,Sea,1597,2044.5,6,Clear,Low,0.709,8113,101.01,0,Medium,0,15
SHP101219,Supplier_E,Electronics,Germany,Germany,524,814.0,32,15,Sea,12544,2853.53,1,Storm,Medium,0.953,9810,96.93,1,High,0,11
SHP101220,Supplier_A,Electronics,India,Canada,1621,2775.0,43,21,Sea,8380,4031.58,1,Clear,Medium,0.902,7096,88.63,3,Medium,0,11
SHP101221,Supplier_B,Raw_Materials,China,India,161,3418.0,54,27,Sea,10541,2742.12,2,Rain,High,0.75,8355,80.58,1,Medium,1,17
SHP101222,Supplier_D,Medical,Germany,Canada,1160,3547.0,45,23,Sea,9271,3522.38,0,Clear,Medium,0.707,6506,73.13,1,Medium,0,11
SHP101223,Supplier_D,Raw_Materials,China,Canada,232,1722.0,56,28,Sea,8753,1780.82,1,Rain,Medium,0.775,9200,79.51,0,Low,0,15
SHP101224,Supplier_C,Consumer_Goods,Vietnam,Canada,646,3455.0,2,3,Sea,3652,1569.79,4,Rain,High,0.966,8611,87.58,3,Medium,0,16
SHP101225,Supplier_C,Electronics,USA,UK,1854,632.0,13,25,Air,11048,2377.77,2,Clear,Medium,0.894,9785,96.0,5,Low,0,14
SHP101226,Supplier_D,Automotive,Vietnam,Canada,214,4816.0,53,25,Sea,11920,3321.01,6,Rain,High,0.967,9797,80.22,2,Medium,1,20
SHP101227,Supplier_C,Electronics,India,USA,864,4683.0,4,8,Road,10793,4163.4,1,Rain,Medium,0.829,7020,118.72,4,Medium,0,12
SHP101228,Supplier_A,Automotive,Vietnam,Germany,139,1871.0,7,24,Air,7737,1870.54,5,Rain,High,0.972,2469,73.84,1,Medium,1,15
SHP101229,Supplier_C,Consumer_Goods,China,UK,504,1235.0,4,5,Air,8671,2042.03,6,Rain,High,0.834,2695,74.74,1,High,0,14
SHP101230,Supplier_E,Consumer_Goods,Vietnam,Canada,287,4575.0,7,5,Air,4596,1279.67,4,Rain,High,0.759,2306,104.13,0,Low,1,16
SHP101231,Supplier_C,Electronics,China,Germany,583,1687.0,27,18,Rail,13490,3749.89,0,Clear,Low,0.744,6332,107.75,5,Low,0,13
SHP101232,Supplier_B,Automotive,India,India,1752,2230.0,12,12,Road,4746,2612.95,7,Rain,Medium,0.988,6797,118.62,0,Medium,1,13
SHP101233,Supplier_A,Consumer_Goods,Vietnam,India,776,238.0,59,29,Sea,3083,1614.62,6,Clear,Medium,0.797,4983,96.52,0,High,1,18
SHP101234,Supplier_B,Raw_Materials,USA,Germany,107,1796.0,38,27,Rail,3160,525.41,5,Clear,Medium,0.746,2735,78.3,3,Medium,1,16
SHP101235,Supplier_B,Raw_Materials,USA,USA,591,3876.0,35,19,Sea,13797,2849.6,6,Storm,Medium,0.702,5328,116.9,5,High,1,24
SHP101236,Supplier_E,Automotive,USA,Germany,1987,2670.0,8,9,Rail,7934,3336.28,1,Clear,Low,0.783,4359,119.01,4,Medium,0,11
SHP101237,Supplier_A,Electronics,Vietnam,Germany,1071,3995.0,30,15,Sea,6904,1871.56,4,Clear,Medium,0.958,9876,116.18,3,High,0,14
SHP101238,Supplier_A,Consumer_Goods,Vietnam,UK,667,2376.0,13,30,Air,7610,1447.63,5,Clear,Medium,0.855,7327,113.58,0,High,0,14
SHP101239,Supplier_A,Electronics,Vietnam,India,451,1234.0,14,13,Road,3050,2255.8,7,Clear,High,0.883,7941,73.88,0,Medium,1,15
SHP101240,Supplier_A,Raw_Materials,China,India,1055,2843.0,23,12,Sea,4640,2859.26,4,Clear,High,0.967,1304,112.74,5,Medium,1,18
SHP101241,Supplier_A,Consumer_Goods,India,Canada,891,2996.0,13,9,Road,14487,2980.75,3,Snow,Low,0.849,3397,117.66,5,Medium,0,14
SHP101242,Supplier_E,Electronics,USA,Germany,1752,2550.0,53,26,Sea,7518,3816.12,6,Clear,High,0.943,7067,97.62,1,High,1,16
SHP101243,Supplier_C,Medical,China,Germany,1935,4996.0,8,8,Road,6163,2487.68,5,Rain,Low,0.794,3526,108.63,3,Low,1,19
SHP101244,Supplier_B,Automotive,USA,USA,1739,219.0,48,26,Sea,14305,4695.8,4,Clear,Medium,0.983,8159,103.04,3,High,0,15
SHP101245,Supplier_A,Automotive,China,India,888,4975.0,2,3,Air,12022,2308.83,5,Rain,Low,0.723,1186,84.4,5,Medium,1,21
SHP101246,Supplier_C,Medical,Vietnam,USA,568,2795.0,25,19,Rail,12716,3790.14,3,Snow,High,0.91,2564,99.38,4,Medium,1,21
SHP101247,Supplier_C,Raw_Materials,USA,UK,246,1130.0,35,27,Rail,10223,1776.58,0,Clear,Medium,0.892,7813,114.47,3,Low,0,10
SHP101248,Supplier_B,Consumer_Goods,Vietnam,Canada,1906,1313.0,17,14,Rail,7761,3892.66,7,Storm,Medium,0.756,2909,94.82,5,High,1,26
SHP101249,Supplier_E,Automotive,USA,USA,95,4914.0,5,6,Road,3521,1283.13,0,Snow,Medium,0.813,9469,99.51,4,Low,0,12
SHP101250,Supplier_D,Medical,Germany,India,579,4503.0,8,5,Road,2090,553.4,6,Rain,Low,0.791,2482,96.57,2,High,1,14
SHP101251,Supplier_D,Medical,China,UK,1470,2298.0,19,8,Sea,13157,4009.11,2,Clear,Medium,0.727,8904,84.12,5,Low,1,18
SHP101252,Supplier_C,Raw_Materials,Germany,Germany,1738,3958.0,13,28,Air,3956,2633.34,5,Rain,Medium,0.87,5882,102.18,4,Medium,1,19
SHP101253,Supplier_B,Raw_Materials,China,UK,1049,1375.0,16,30,Air,1582,2384.97,3,Storm,Low,0.988,7978,95.47,0,Medium,0,10
SHP101254,Supplier_D,Electronics,India,USA,825,3227.0,37,18,Sea,2645,2237.51,7,Clear,High,0.862,2924,81.63,2,Medium,1,21
SHP101255,Supplier_C,Automotive,USA,India,123,3923.0,17,15,Rail,4320,1093.57,4,Clear,Medium,0.858,3698,114.77,1,Medium,0,12
SHP101256,Supplier_E,Electronics,India,USA,1489,2198.0,14,30,Air,12591,3541.45,2,Clear,Medium,0.712,1271,117.5,1,Medium,0,11
SHP101257,Supplier_D,Medical,India,Germany,1730,1738.0,17,11,Rail,11107,3342.18,5,Clear,Low,0.74,2323,72.77,1,Low,0,17
SHP101258,Supplier_C,Consumer_Goods,China,Germany,1687,3035.0,54,28,Sea,742,1567.35,2,Storm,Low,0.849,8751,101.12,0,High,0,12
SHP101259,Supplier_C,Consumer_Goods,Germany,India,384,2126.0,12,13,Road,13432,2547.92,7,Clear,Medium,0.986,3243,90.75,5,Low,1,20
SHP101260,Supplier_A,Raw_Materials,Vietnam,Canada,1920,1579.0,11,22,Air,12977,2633.66,5,Clear,Medium,0.954,3952,96.3,1,High,1,13
SHP101261,Supplier_E,Consumer_Goods,China,UK,682,1511.0,54,27,Sea,4018,1893.01,6,Rain,Medium,0.799,1330,88.69,4,Medium,1,18
SHP101262,Supplier_A,Consumer_Goods,Vietnam,UK,737,1452.0,28,23,Rail,1686,1951.97,6,Clear,Medium,0.857,6871,93.72,5,Low,1,20
SHP101263,Supplier_B,Consumer_Goods,India,Germany,624,122.0,29,15,Sea,2509,1131.87,0,Clear,Medium,0.86,4557,86.17,0,Medium,0,6
SHP101264,Supplier_A,Medical,Vietnam,USA,345,4399.0,46,25,Sea,6604,2151.2,4,Clear,Medium,0.899,8564,75.88,3,Medium,1,18
SHP101265,Supplier_A,Consumer_Goods,Germany,USA,1157,4084.0,12,21,Air,12141,3200.72,3,Clear,High,0.899,2827,85.1,0,Medium,0,10
SHP101266,Supplier_D,Consumer_Goods,China,Canada,1088,4661.0,2,5,Air,13527,2512.27,6,Clear,Medium,0.929,8949,103.52,0,Low,0,14
SHP101267,Supplier_C,Consumer_Goods,Germany,USA,1940,2846.0,4,14,Air,154,1778.08,0,Clear,Medium,0.707,8184,72.52,3,High,0,11
SHP101268,Supplier_E,Electronics,Germany,UK,1207,4566.0,20,21,Road,14727,3795.28,2,Clear,Medium,0.974,8872,89.14,4,Medium,0,11
SHP101269,Supplier_A,Medical,China,USA,527,2543.0,16,10,Sea,13462,3651.71,1,Storm,Low,0.72,3173,72.11,2,Medium,1,16
SHP101270,Supplier_E,Raw_Materials,Germany,Canada,682,4281.0,30,16,Sea,941,949.31,6,Storm,Low,0.838,4709,87.81,3,Medium,1,22
SHP101271,Supplier_A,Electronics,USA,UK,368,3626.0,9,24,Air,7028,1156.46,2,Clear,Medium,0.967,1129,74.38,0,Low,0,6
SHP101272,Supplier_B,Automotive,USA,USA,1465,82.0,16,11,Road,14689,3811.11,7,Rain,High,0.841,6887,86.98,1,Low,1,16
SHP101273,Supplier_A,Medical,USA,UK,528,2744.0,28,27,Road,4687,1690.83,1,Storm,High,0.718,2558,111.9,3,Low,1,19
SHP101274,Supplier_D,Medical,Vietnam,Germany,1713,4423.0,13,26,Air,9276,2691.31,5,Clear,Medium,0.766,4200,100.67,3,High,1,17
SHP101275,Supplier_C,Automotive,Germany,Germany,417,4895.0,36,19,Sea,10912,1899.0,0,Snow,Medium,0.868,4724,104.11,2,Low,0,13
SHP101276,Supplier_B,Automotive,China,Germany,416,3648.0,5,8,Air,3006,1174.87,5,Storm,Medium,0.725,4533,95.19,0,Medium,1,19
SHP101277,Supplier_A,Automotive,China,USA,1361,2442.0,6,6,Road,5188,2338.09,3,Clear,Medium,0.823,6065,116.12,1,Low,0,9
SHP101278,Supplier_E,Raw_Materials,Vietnam,Canada,1886,4162.0,8,6,Road,10286,3607.14,4,Clear,Low,0.795,5693,97.06,1,Low,0,12
SHP101279,Supplier_B,Consumer_Goods,China,UK,427,2921.0,26,21,Rail,10224,2127.96,6,Clear,Medium,0.936,9806,75.21,2,Low,1,14
SHP101280,Supplier_B,Medical,USA,India,1765,2727.0,6,14,Air,5156,2834.37,1,Clear,Medium,0.732,6262,116.66,5,High,0,12
SHP101281,Supplier_A,Consumer_Goods,Germany,Germany,512,1451.0,53,27,Sea,6082,1981.52,6,Storm,Low,0.898,2864,76.65,1,Low,1,16
SHP101282,Supplier_B,Consumer_Goods,China,Germany,1667,867.0,2,4,Air,2372,2791.61,4,Snow,Low,0.818,1687,119.96,4,Low,1,16
SHP101283,Supplier_E,Automotive,China,India,62,1710.0,38,19,Sea,6241,1783.23,5,Clear,Medium,0.87,8300,91.77,3,Low,1,15
SHP101284,Supplier_B,Raw_Materials,India,India,585,4612.0,37,17,Sea,8115,2140.97,0,Rain,Medium,0.76,7407,73.67,3,Medium,0,12
SHP101285,Supplier_E,Electronics,India,USA,1241,4773.0,9,12,Air,8394,2098.3,0,Rain,Medium,0.877,5242,113.21,1,High,0,5
SHP101286,Supplier_A,Raw_Materials,India,UK,319,2488.0,5,5,Road,9261,1505.92,5,Clear,Low,0.895,6959,74.64,1,High,0,10
SHP101287,Supplier_C,Consumer_Goods,Germany,Germany,1143,3033.0,49,22,Sea,1171,2050.07,5,Rain,Low,0.72,7023,78.72,1,Low,1,19
SHP101288,Supplier_B,Raw_Materials,USA,Canada,1391,1260.0,7,6,Road,836,2839.63,0,Snow,Medium,0.939,7198,90.87,3,Low,0,10
SHP101289,Supplier_C,Automotive,USA,USA,425,649.0,49,24,Sea,9657,3000.05,3,Clear,Low,0.95,2617,103.81,1,High,0,8
SHP101290,Supplier_E,Electronics,USA,USA,1162,1896.0,6,3,Rail,6476,2588.82,1,Clear,Medium,0.718,7080,76.06,4,Medium,0,13
SHP101291,Supplier_B,Automotive,Germany,Canada,1774,1905.0,6,3,Rail,7849,2455.41,4,Clear,Low,0.875,2899,101.13,4,High,1,12
SHP101292,Supplier_D,Electronics,Germany,Canada,306,1937.0,28,20,Rail,3730,1002.19,2,Clear,Medium,0.872,3034,109.02,3,Low,1,14
SHP101293,Supplier_C,Consumer_Goods,India,Canada,266,,5,6,Road,327,1488.76,6,Clear,Medium,0.704,7322,76.17,5,Medium,1,20
SHP101294,Supplier_B,Electronics,China,India,499,3302.0,24,25,Road,6765,2208.52,5,Clear,Medium,0.799,8529,102.38,0,Low,1,17
SHP101295,Supplier_C,Electronics,Vietnam,Germany,943,1885.0,45,24,Sea,14108,3383.62,5,Clear,Low,0.981,8375,117.94,0,High,0,9
SHP101296,Supplier_B,Electronics,Vietnam,India,1617,4080.0,10,17,Air,5811,1597.6,6,Rain,Low,0.861,4973,118.37,0,Low,0,13
SHP101297,Supplier_A,Raw_Materials,China,Germany,1214,2227.0,31,29,Road,6256,2190.32,0,Clear,Low,0.971,1725,78.08,4,Low,0,9
SHP101298,Supplier_C,Raw_Materials,India,India,1234,198.0,29,27,Road,3670,1688.38,4,Clear,High,0.896,4503,107.99,2,Medium,1,12
SHP101299,Supplier_D,Consumer_Goods,China,UK,81,1545.0,33,25,Rail,8736,1781.01,4,Storm,High,0.708,9031,112.33,0,Low,1,19
SHP101300,Supplier_D,Electronics,China,Germany,1897,4963.0,60,30,Sea,8093,2966.54,3,Storm,Low,0.723,3340,114.45,2,Low,1,22
SHP101301,Supplier_E,Medical,Vietnam,USA,1225,1794.0,43,23,Sea,14775,4296.45,1,Clear,Medium,0.909,7539,86.18,3,Low,0,13
SHP101302,Supplier_B,Consumer_Goods,India,Germany,1932,1696.0,23,24,Road,13735,3295.52,3,Clear,Medium,0.861,4041,83.51,4,High,0,14
SHP101303,Supplier_C,Electronics,Germany,Germany,1333,3045.0,15,12,Rail,1719,2176.15,7,Storm,Low,0.737,8100,72.39,5,Medium,1,29
SHP101304,Supplier_E,Electronics,Vietnam,Germany,1801,1722.0,16,27,Air,12985,3322.33,3,Clear,Medium,0.878,2559,89.97,0,Medium,0,10
SHP101305,Supplier_C,Raw_Materials,Germany,UK,1352,1989.0,39,19,Sea,2304,1918.08,7,Clear,Low,0.935,1400,76.2,4,High,1,18
SHP101306,Supplier_B,Consumer_Goods,India,India,1358,707.0,59,29,Sea,2803,2323.47,4,Clear,Medium,0.918,5210,109.31,3,High,1,18
SHP101307,Supplier_D,Electronics,China,USA,659,3717.0,11,27,Air,11342,3144.89,1,Clear,Medium,0.771,4331,77.15,4,Medium,0,15
SHP101308,Supplier_A,Electronics,USA,India,966,1103.0,9,24,Air,7842,1729.65,1,Clear,Medium,0.775,5971,110.95,1,Medium,0,10
SHP101309,Supplier_D,Consumer_Goods,USA,India,591,4121.0,28,14,Sea,11794,2505.44,7,Clear,High,0.981,2249,75.38,0,High,1,16
SHP101310,Supplier_E,Medical,India,Canada,1675,626.0,30,22,Rail,11918,2408.47,1,Rain,High,0.957,9805,94.03,4,Low,1,15
SHP101311,Supplier_A,Consumer_Goods,USA,UK,197,3145.0,5,14,Air,7674,1625.73,6,Storm,High,0.792,5226,89.23,5,Medium,1,23
SHP101312,Supplier_E,Consumer_Goods,Germany,Canada,705,3081.0,39,18,Sea,9473,1742.15,0,Snow,Medium,0.939,7407,100.08,4,Low,0,13
SHP101313,Supplier_B,Medical,USA,UK,116,4868.0,5,7,Road,11548,1985.52,1,Clear,Low,0.747,6643,95.94,4,Low,0,13
SHP101314,Supplier_A,Consumer_Goods,India,India,1942,4829.0,24,18,Rail,897,1451.93,4,Clear,Medium,0.757,2954,99.93,3,Low,1,18
SHP101315,Supplier_E,Electronics,India,India,619,4887.0,23,19,Rail,14926,3349.72,6,Rain,High,0.753,7977,70.05,0,Medium,1,17
SHP101316,Supplier_B,Consumer_Goods,Germany,UK,1866,3022.0,53,25,Sea,9126,3491.81,0,Clear,Medium,0.725,9540,76.38,5,High,0,16
SHP101317,Supplier_D,Medical,USA,India,1352,3998.0,26,17,Rail,3099,525.9,2,Clear,High,0.948,9352,95.86,0,Medium,0,8
SHP101318,Supplier_B,Automotive,USA,India,797,2095.0,9,15,Air,10324,1781.09,7,Clear,Low,0.868,9305,81.48,1,Medium,1,16
SHP101319,Supplier_C,Consumer_Goods,China,USA,492,3986.0,9,10,Road,12744,2278.54,5,Clear,Medium,0.775,7161,73.82,1,Medium,0,17
SHP101320,Supplier_B,Raw_Materials,Vietnam,Canada,946,2998.0,27,29,Road,2864,2016.92,3,Clear,Low,0.946,8271,80.89,4,Medium,0,12
SHP101321,Supplier_B,Electronics,India,Canada,1938,1677.0,10,23,Air,10701,3501.31,1,Clear,Medium,0.933,6461,108.99,0,Medium,0,6
SHP101322,Supplier_C,Electronics,China,Canada,448,1538.0,7,4,Sea,3784,1973.82,7,Snow,High,0.729,2628,97.08,0,Medium,1,21
SHP101323,Supplier_E,Raw_Materials,India,Germany,1201,4195.0,4,10,Air,11567,2758.81,2,Clear,Medium,0.887,8980,79.5,4,Low,0,13
SHP101324,Supplier_E,Raw_Materials,China,USA,1410,4248.0,18,12,Rail,8299,2957.74,1,Snow,High,0.909,5238,70.8,2,Medium,0,11
SHP101325,Supplier_B,Consumer_Goods,Vietnam,Canada,531,4513.0,18,9,Sea,10811,3114.0,3,Storm,Medium,0.908,7596,87.88,0,Low,0,14
SHP101326,Supplier_C,Raw_Materials,China,Canada,1794,985.0,13,12,Road,10511,3179.5,4,Clear,Medium,0.91,3498,87.87,4,Medium,1,17
SHP101327,Supplier_C,Automotive,India,USA,997,3613.0,11,27,Air,6339,1994.32,4,Rain,High,0.749,2995,106.76,4,High,1,21
SHP101328,Supplier_D,Medical,USA,India,235,3679.0,2,6,Air,3974,1568.71,3,Rain,Low,0.791,1595,115.97,2,Low,0,12
SHP101329,Supplier_E,Raw_Materials,India,Canada,218,1764.0,18,13,Rail,13717,3220.86,2,Clear,High,0.945,1939,88.6,1,Low,0,14
SHP101330,Supplier_A,Raw_Materials,Germany,India,1757,1852.0,10,11,Road,12020,2206.23,7,Clear,Low,0.961,2299,104.41,5,High,1,18
SHP101331,Supplier_E,Automotive,Germany,Canada,1333,1470.0,8,6,Rail,3429,1094.39,0,Clear,Medium,0.781,6414,101.75,4,High,0,14
SHP101332,Supplier_E,Electronics,Germany,UK,1790,3641.0,9,5,Sea,14909,4663.75,5,Rain,Medium,0.707,4016,91.1,0,Medium,1,19
SHP101333,Supplier_D,Electronics,Germany,Germany,1720,3570.0,9,13,Air,6169,1919.28,5,Clear,High,0.949,3869,73.29,1,Low,1,18
SHP101334,Supplier_A,Consumer_Goods,Vietnam,Canada,1631,3361.0,10,5,Sea,11663,3847.2,7,Clear,Medium,0.809,7381,93.67,1,Medium,1,20
SHP101335,Supplier_D,Automotive,USA,UK,556,2355.0,55,28,Sea,5684,2075.67,5,Clear,Medium,0.796,9987,87.71,1,Medium,0,17
SHP101336,Supplier_A,Medical,USA,USA,570,2045.0,11,20,Air,8905,3145.12,0,Clear,High,0.801,5130,97.51,4,High,0,14
SHP101337,Supplier_B,Medical,India,UK,1544,2017.0,29,28,Road,8980,3134.2,1,Clear,Medium,0.821,8463,76.27,0,Low,0,9
SHP101338,Supplier_A,Automotive,China,USA,210,3764.0,44,21,Sea,9189,2881.63,7,Clear,High,0.81,3917,106.21,5,Medium,1,26
SHP101339,Supplier_D,Medical,India,Canada,1362,4085.0,6,16,Air,13739,2870.65,3,Storm,Medium,0.864,5353,109.39,2,High,1,18
SHP101340,Supplier_E,Electronics,India,USA,389,4535.0,50,26,Sea,8401,1942.29,3,Rain,Low,0.723,5365,89.42,3,Medium,1,16
SHP101341,Supplier_A,Medical,India,UK,1973,4918.0,26,13,Sea,13097,3803.81,0,Rain,Medium,0.982,4118,78.76,3,Low,0,11
SHP101342,Supplier_A,Medical,India,Germany,1906,3508.0,25,26,Road,11304,4000.02,2,Rain,Low,0.972,7749,101.18,1,High,0,10
SHP101343,Supplier_C,Automotive,USA,India,1575,443.0,8,4,Sea,11210,4062.8,5,Rain,Low,0.971,2741,117.79,3,Medium,1,15
SHP101344,Supplier_E,Automotive,China,India,1179,4828.0,58,29,Sea,1260,2077.75,7,Rain,Medium,0.955,3458,105.03,3,Low,1,19
SHP101345,Supplier_B,Medical,India,Germany,1875,3780.0,2,4,Air,12273,3904.53,6,Clear,Low,0.891,7355,76.17,4,Medium,1,14
SHP101346,Supplier_D,Raw_Materials,USA,India,1548,4415.0,6,4,Rail,3710,2307.19,3,Snow,Medium,0.764,8063,89.86,2,High,1,15
SHP101347,Supplier_B,Automotive,India,Canada,1926,4294.0,15,12,Rail,4844,2492.75,7,Clear,Medium,0.714,4337,115.77,3,Low,1,21
SHP101348,Supplier_E,Consumer_Goods,Germany,Canada,1673,4956.0,22,25,Road,7431,2640.61,4,Clear,Medium,0.729,7278,101.72,5,Low,1,19
SHP101349,Supplier_A,Consumer_Goods,India,UK,1536,77.0,8,17,Air,14784,3634.61,4,Clear,Medium,0.794,7003,77.36,5,Low,1,20
SHP101350,Supplier_A,Electronics,India,UK,1556,3541.0,47,24,Sea,2103,1778.57,6,Clear,High,0.846,1789,106.23,2,High,1,18
SHP101351,Supplier_E,Medical,Vietnam,USA,753,4311.0,13,14,Road,14898,2955.11,3,Rain,Low,0.988,7458,87.68,3,Low,0,11
SHP101352,Supplier_A,Raw_Materials,Germany,UK,1226,1223.0,17,13,Rail,8135,3502.89,5,Clear,Medium,0.826,9491,94.48,5,Low,1,23
SHP101353,Supplier_A,Electronics,China,Canada,872,388.0,26,19,Rail,14054,3344.56,5,Storm,Medium,0.852,2321,,1,Low,1,20
SHP101354,Supplier_A,Medical,India,UK,1722,1118.0,25,20,Rail,1627,2217.0,5,Clear,Medium,0.902,7422,106.28,1,High,0,14
SHP101355,Supplier_D,Automotive,China,India,834,891.0,10,16,Air,7418,2970.85,2,Clear,Medium,0.752,5469,80.9,5,Low,0,17
SHP101356,Supplier_D,Consumer_Goods,Germany,USA,1222,4334.0,23,19,Rail,10205,3095.86,4,Clear,High,0.971,8655,89.42,2,Medium,0,14
SHP101357,Supplier_C,Raw_Materials,India,USA,1261,4796.0,16,17,Road,12633,2332.61,2,Rain,High,0.853,3109,107.23,2,Low,1,11
SHP101358,Supplier_B,Consumer_Goods,Vietnam,Canada,1726,343.0,17,14,Road,11473,3218.8,0,Storm,Medium,0.78,8022,105.24,2,High,0,13
SHP101359,Supplier_E,Automotive,USA,UK,180,1907.0,56,29,Sea,13996,3531.63,1,Clear,Low,0.971,3385,80.09,2,High,0,11
SHP101360,Supplier_E,Medical,Vietnam,India,1525,1372.0,36,18,Sea,13185,3999.96,5,Clear,Medium,0.881,4446,87.53,0,Low,1,14
SHP101361,Supplier_E,Automotive,Vietnam,UK,565,1697.0,48,25,Sea,11638,3640.54,0,Snow,High,0.84,6085,70.72,1,Low,0,15
SHP101362,Supplier_C,Automotive,USA,Germany,1564,4948.0,7,8,Air,7334,1945.21,1,Clear,Medium,0.868,8436,96.51,3,Low,0,11
SHP101363,Supplier_D,Consumer_Goods,USA,UK,1549,3670.0,6,4,Sea,5269,2769.97,6,Clear,High,0.917,1618,84.05,0,Medium,1,15
SHP101364,Supplier_C,Raw_Materials,USA,Canada,1336,4576.0,9,4,Rail,11155,3216.42,4,Clear,Medium,0.745,5890,70.59,2,High,0,13
SHP101365,Supplier_E,Automotive,India,UK,1611,3144.0,11,18,Air,4710,1616.35,1,Clear,High,0.951,2703,91.24,3,Low,0,11
SHP101366,Supplier_B,Consumer_Goods,China,USA,1532,3541.0,3,4,Air,14661,3236.09,7,Clear,High,0.978,8753,116.34,1,Medium,1,17
SHP101367,Supplier_A,Raw_Materials,China,India,585,3545.0,7,10,Air,6821,2161.44,1,Clear,Medium,0.864,3419,116.17,2,Low,0,9
SHP101368,Supplier_D,Medical,USA,Canada,1851,4632.0,22,9,Sea,8797,2934.65,3,Storm,Low,0.898,9699,88.61,4,Medium,1,16
SHP101369,Supplier_D,Medical,Vietnam,Germany,790,3851.0,3,3,Rail,4350,1195.88,1,Rain,Medium,0.949,7371,92.46,2,Low,0,10
SHP101370,Supplier_C,Electronics,Germany,India,830,138.0,3,6,Air,10298,2877.97,3,Storm,High,0.809,2417,82.13,3,Low,1,19
SHP101371,Supplier_D,Consumer_Goods,USA,India,1710,4416.0,6,13,Air,14285,3191.96,1,Clear,High,0.988,7158,73.42,1,Low,0,10
SHP101372,Supplier_E,Raw_Materials,Vietnam,USA,1757,2006.0,27,22,Rail,13891,2620.78,3,Rain,Low,0.897,8148,104.7,2,Medium,0,13
SHP101373,Supplier_E,Automotive,Vietnam,USA,1819,949.0,11,9,Rail,12498,3351.77,4,Rain,Medium,0.823,3860,110.0,1,Low,0,16
SHP101374,Supplier_C,Medical,India,USA,1368,3527.0,11,20,Air,6726,2421.23,4,Storm,High,0.896,3385,114.01,0,High,1,18
SHP101375,Supplier_E,Raw_Materials,India,Canada,1988,1794.0,11,6,Road,2955,1446.95,7,Clear,Medium,0.851,1925,116.76,4,High,1,17
SHP101376,Supplier_B,Consumer_Goods,China,UK,1508,4423.0,17,19,Road,4064,1929.58,1,Clear,High,0.732,7221,115.8,5,High,0,14
SHP101377,Supplier_C,Electronics,China,India,1348,2303.0,13,13,Road,8035,2385.46,6,Rain,High,0.931,1228,71.37,5,High,1,21
SHP101378,Supplier_B,Medical,Germany,UK,637,3711.0,25,13,Sea,14709,3384.49,6,Snow,High,0.864,2768,118.9,0,High,1,18
SHP101379,Supplier_A,Raw_Materials,Germany,UK,1381,3010.0,30,22,Rail,14590,3024.55,2,Snow,Low,0.931,7591,88.98,5,Low,0,15
SHP101380,Supplier_B,Raw_Materials,Germany,USA,775,1683.0,8,13,Air,1774,1500.91,6,Rain,Low,0.745,5542,114.31,4,Medium,1,19
SHP101381,Supplier_A,Raw_Materials,Germany,UK,992,911.0,6,17,Air,9482,2136.59,7,Clear,Low,0.856,7575,92.04,0,Medium,0,14
SHP101382,Supplier_A,Consumer_Goods,Vietnam,India,1046,4751.0,32,16,Sea,13430,3484.39,4,Clear,High,0.922,8336,91.11,1,Medium,1,16
SHP101383,Supplier_B,Consumer_Goods,Vietnam,India,425,1063.0,34,19,Sea,2492,1625.74,0,Snow,Medium,0.987,5893,70.56,1,High,0,10
SHP101384,Supplier_C,Consumer_Goods,China,Germany,1231,3349.0,7,4,Rail,6978,1546.18,6,Clear,Low,0.956,8426,72.62,0,Medium,0,11
SHP101385,Supplier_E,Automotive,India,Canada,1887,1556.0,37,20,Sea,2021,3063.74,0,Clear,Medium,0.951,3596,103.56,3,Medium,0,9
SHP101386,Supplier_E,Raw_Materials,India,UK,253,3255.0,7,18,Air,12681,2581.16,3,Snow,Medium,0.772,8221,116.88,0,Medium,0,9
SHP101387,Supplier_A,Medical,USA,Canada,1038,4853.0,29,14,Sea,10984,3435.05,2,Clear,High,0.943,9660,81.22,2,High,0,12
SHP101388,Supplier_A,Consumer_Goods,Vietnam,Canada,710,1027.0,23,12,Sea,13873,3219.59,7,Rain,Medium,0.749,7115,74.7,3,Medium,1,24
SHP101389,Supplier_C,Consumer_Goods,Germany,Canada,124,3511.0,40,30,Rail,4533,1348.44,7,Rain,Medium,0.757,2123,80.69,1,Medium,1,21
SHP101390,Supplier_D,Raw_Materials,Germany,Canada,1453,1867.0,40,18,Sea,1927,2192.86,5,Clear,Low,0.732,2620,80.62,0,Low,1,20
SHP101391,Supplier_B,Consumer_Goods,USA,India,790,3734.0,7,5,Road,10791,2576.24,3,Clear,High,0.949,4974,84.66,3,High,0,10
SHP101392,Supplier_A,Automotive,India,UK,353,4108.0,9,10,Road,14779,3050.02,1,Clear,Low,0.731,8943,74.74,2,High,0,13
SHP101393,Supplier_E,Automotive,Germany,Germany,1135,2684.0,29,29,Road,816,2032.45,6,Rain,Medium,0.74,4029,81.78,4,High,1,24
SHP101394,Supplier_C,Consumer_Goods,India,Canada,619,4951.0,22,24,Road,730,1305.84,7,Clear,Low,0.771,2470,116.06,1,Medium,1,18
SHP101395,Supplier_B,Raw_Materials,USA,Germany,835,4865.0,14,24,Air,4960,2203.83,4,Clear,Low,0.866,9284,114.51,3,Medium,0,11
SHP101396,Supplier_C,Raw_Materials,India,India,1181,3716.0,36,27,Rail,8376,2905.07,2,Snow,Low,0.955,2276,85.82,5,Medium,1,17
SHP101397,Supplier_B,Raw_Materials,India,India,1260,998.0,24,26,Road,3868,2570.2,3,Clear,Medium,0.821,4110,119.84,3,High,1,15
SHP101398,Supplier_B,Electronics,India,USA,1036,523.0,5,4,Road,9028,2313.59,3,Clear,Medium,0.858,5641,84.92,5,Low,0,18
SHP101399,Supplier_A,Consumer_Goods,Germany,Canada,278,617.0,28,24,Rail,2807,2093.67,0,Clear,Low,0.748,4429,106.09,3,Medium,0,12
SHP101400,Supplier_C,Raw_Materials,China,USA,1121,3482.0,4,3,Road,13800,3559.47,1,Clear,Medium,0.777,8176,102.2,0,Medium,0,11
SHP101401,Supplier_C,Automotive,Vietnam,Germany,1904,4073.0,19,16,Road,8518,2422.88,3,Snow,High,0.739,9379,73.23,1,Medium,1,14
SHP101402,Supplier_E,Medical,India,UK,317,2308.0,37,27,Rail,3457,1079.49,7,Clear,Low,0.819,7788,87.11,1,Medium,1,15
SHP101403,Supplier_E,Medical,India,USA,776,3194.0,4,6,Air,9599,3088.3,0,Clear,Low,0.871,7282,117.57,0,Medium,0,3
SHP101404,Supplier_A,Raw_Materials,India,India,851,4360.0,14,6,Sea,7960,1657.67,2,Storm,Medium,0.782,6375,72.54,0,Low,0,10
SHP101405,Supplier_A,Medical,China,Canada,303,2032.0,21,11,Sea,4304,1647.04,3,Rain,High,0.945,3226,78.74,5,Low,1,18
SHP101406,Supplier_D,Medical,USA,Germany,1006,,6,5,Sea,4330,3435.18,5,Clear,Medium,0.985,2280,118.55,5,High,1,14
SHP101407,Supplier_E,Electronics,Germany,India,919,3620.0,10,7,Road,5133,2487.18,5,Storm,High,0.735,5313,71.99,5,High,1,24
SHP101408,Supplier_B,Automotive,China,UK,136,3440.0,5,3,Road,4486,1964.01,0,Rain,Medium,0.705,5093,92.33,0,Low,0,6
SHP101409,Supplier_C,Automotive,India,Canada,1254,2722.0,25,24,Road,12250,2530.25,5,Clear,Medium,0.929,2340,115.92,2,Low,1,17
SHP101410,Supplier_A,Electronics,China,UK,1098,3696.0,28,21,Rail,8257,3112.09,7,Rain,Low,0.755,9782,117.18,3,Medium,1,22
SHP101411,Supplier_C,Electronics,China,UK,1461,2469.0,8,3,Sea,14213,4901.36,1,Snow,Medium,0.802,9870,118.97,2,Medium,0,14
SHP101412,Supplier_C,Medical,China,Canada,271,4329.0,14,12,Road,14124,2451.19,7,Clear,Low,0.814,9807,94.07,1,Low,1,16
SHP101413,Supplier_D,Consumer_Goods,USA,Canada,1039,3398.0,48,24,Sea,7775,2718.51,4,Rain,Medium,0.966,8983,74.32,0,Medium,0,10
SHP101414,Supplier_E,Medical,Vietnam,UK,446,723.0,31,14,Sea,9944,3189.76,5,Snow,Low,0.891,3007,108.64,3,Medium,1,20
SHP101415,Supplier_A,Electronics,Germany,Germany,987,2852.0,8,12,Air,1967,1568.31,7,Rain,Medium,0.712,5170,105.45,5,Low,1,25
SHP101416,Supplier_C,Automotive,USA,Canada,560,2419.0,4,4,Rail,7065,1368.29,2,Clear,High,0.704,9527,98.98,4,High,1,17
SHP101417,Supplier_A,Medical,USA,India,610,4580.0,41,18,Sea,7296,1103.77,3,Clear,Medium,0.758,9995,114.41,3,Medium,0,17
SHP101418,Supplier_B,Consumer_Goods,Vietnam,USA,895,1116.0,8,10,Road,14829,3333.04,7,Rain,Low,0.792,9554,115.58,4,Medium,1,24
SHP101419,Supplier_D,Medical,USA,Germany,489,737.0,28,16,Sea,126,1073.54,0,,Medium,0.841,7333,104.16,3,Medium,0,15
SHP101420,Supplier_B,Raw_Materials,China,Canada,1248,118.0,6,17,Air,6256,738.88,3,Snow,Medium,0.943,8639,75.6,0,Medium,0,13
SHP101421,Supplier_A,Medical,China,Canada,1977,2153.0,38,18,Sea,12941,3793.33,4,Clear,Low,0.791,3021,74.78,4,High,1,14
SHP101422,Supplier_A,Electronics,India,Germany,360,469.0,28,13,Sea,9224,2246.59,7,Clear,Medium,0.809,7213,90.43,4,Medium,1,22
SHP101423,Supplier_E,Automotive,USA,USA,1347,4048.0,16,14,Rail,6688,2328.3,3,Rain,Medium,0.796,3569,84.64,1,Low,0,13
SHP101424,Supplier_C,Automotive,India,UK,84,2647.0,2,4,Air,14659,2812.51,3,Clear,Medium,0.703,8381,76.65,3,Low,0,13
SHP101425,Supplier_C,Electronics,Germany,India,266,4388.0,7,6,Rail,14456,3136.49,0,Clear,High,0.977,3075,100.56,2,Low,0,7
SHP101426,Supplier_B,Raw_Materials,China,Canada,770,2174.0,8,5,Rail,11750,2777.54,7,Clear,Low,0.74,7054,104.18,5,Medium,1,23
SHP101427,Supplier_D,Electronics,Germany,USA,1745,3942.0,12,11,Rail,5867,2193.51,4,Rain,Low,0.783,8997,104.9,2,Medium,0,14
SHP101428,Supplier_C,Medical,Vietnam,India,1065,489.0,42,20,Sea,13737,3943.3,2,Storm,Medium,0.737,5458,78.76,1,Medium,1,16
SHP101429,Supplier_E,Electronics,China,Germany,1481,1336.0,28,21,Rail,14144,4288.41,0,,High,0.842,3085,85.29,1,High,0,10
SHP101430,Supplier_B,Electronics,Germany,Canada,568,1258.0,17,9,Sea,566,2219.3,6,Clear,Medium,0.97,3711,79.95,1,Medium,1,17
SHP101431,Supplier_B,Raw_Materials,Vietnam,UK,318,1128.0,2,6,Air,7789,1686.51,4,Clear,Low,0.729,7847,100.07,0,Medium,0,13
SHP101432,Supplier_E,Medical,Germany,Germany,687,2613.0,4,8,Air,13636,2879.88,4,Storm,Medium,0.828,4704,98.35,0,Low,1,13
SHP101433,Supplier_D,Consumer_Goods,Vietnam,Canada,524,3673.0,27,21,Rail,2800,1255.32,3,Snow,Medium,0.706,6802,95.17,0,Medium,1,19
SHP101434,Supplier_E,Consumer_Goods,Vietnam,USA,1953,1303.0,2,3,Air,9790,2479.74,1,Clear,Medium,0.924,6229,84.8,0,Medium,0,5
SHP101435,Supplier_D,Automotive,China,India,1398,3407.0,40,18,Sea,8909,3554.51,1,Rain,Medium,0.886,1143,81.85,1,Medium,0,9
SHP101436,Supplier_E,Electronics,India,India,1429,3259.0,8,13,Air,3877,1522.4,7,Clear,High,0.903,4268,114.52,1,Medium,1,15
SHP101437,Supplier_E,Automotive,Vietnam,Canada,139,3599.0,50,24,Sea,12845,2456.95,2,Clear,Low,0.837,3185,72.44,0,Low,0,9
SHP101438,Supplier_A,Raw_Materials,Vietnam,Germany,1115,664.0,3,6,Air,2787,2391.2,3,Storm,Medium,0.963,3537,102.82,0,Low,0,10
SHP101439,Supplier_B,Consumer_Goods,China,UK,1438,3128.0,27,20,Rail,5432,2179.27,1,Clear,Medium,0.819,7745,70.98,4,High,0,13
SHP101440,Supplier_E,Electronics,India,USA,1744,2773.0,49,25,Sea,6906,2664.26,0,Clear,High,0.849,6697,79.69,3,High,0,13
SHP101441,Supplier_E,Raw_Materials,USA,Canada,1275,3540.0,39,28,Rail,5156,3334.38,7,Clear,Medium,0.902,1301,84.47,4,High,1,19
SHP101442,Supplier_C,Raw_Materials,USA,USA,1439,3593.0,30,30,Road,9796,3252.34,2,Clear,Medium,0.851,3165,114.32,3,High,0,14
SHP101443,Supplier_B,Electronics,India,India,1867,4565.0,8,7,Rail,12259,2744.33,3,Rain,Medium,0.755,2760,76.89,0,Low,0,16
SHP101444,Supplier_C,Raw_Materials,Germany,UK,1031,1950.0,43,24,Sea,279,1999.2,5,Clear,Medium,0.792,6286,116.89,0,Medium,0,15
SHP101445,Supplier_B,Electronics,China,USA,1917,4421.0,6,8,Road,8096,3019.35,0,Rain,High,0.727,3654,110.77,5,High,0,17
SHP101446,Supplier_C,Electronics,India,Canada,337,1762.0,54,27,Sea,10877,3113.76,1,Clear,High,0.825,5867,103.95,0,High,0,12
SHP101447,Supplier_E,Medical,USA,UK,1676,2379.0,60,30,Sea,14962,4549.1,1,Rain,Medium,0.877,6092,90.59,4,Low,0,15
SHP101448,Supplier_E,Automotive,Vietnam,Germany,530,3669.0,2,4,Road,10361,2423.19,1,Clear,Medium,0.734,7580,115.26,1,Medium,0,11
SHP101449,Supplier_A,Raw_Materials,USA,Canada,686,1244.0,10,14,Road,5564,2075.79,1,Rain,High,0.883,1631,96.4,3,Low,0,14
SHP101450,Supplier_C,Raw_Materials,Vietnam,USA,550,4956.0,28,24,Road,6820,2121.0,4,Rain,Low,0.959,9553,88.56,5,High,1,17
SHP101451,Supplier_D,Medical,China,UK,1711,1428.0,11,11,Road,13150,3656.04,5,Snow,Low,0.798,3074,99.28,4,Medium,1,17
SHP101452,Supplier_A,Medical,Vietnam,Canada,101,1362.0,14,30,Air,1021,793.55,2,Storm,Medium,0.764,5400,81.61,5,High,1,18
SHP101453,Supplier_C,Medical,India,UK,1989,2965.0,22,22,Road,3192,1758.33,2,Clear,Medium,0.959,3770,83.64,0,Medium,0,4
SHP101454,Supplier_C,Consumer_Goods,Vietnam,UK,152,799.0,5,14,Air,13132,2188.06,1,Clear,High,0.901,9960,115.97,1,Medium,0,9
SHP101455,Supplier_A,Consumer_Goods,Germany,UK,1434,350.0,32,15,Sea,5627,2645.52,2,Rain,Medium,0.731,9396,109.7,4,Low,1,16
SHP101456,Supplier_E,Consumer_Goods,India,USA,1497,4745.0,28,29,Road,9802,2903.85,5,Rain,Medium,0.818,6110,95.68,3,Medium,1,18
SHP101457,Supplier_C,Electronics,China,Canada,748,4032.0,30,24,Rail,11891,3349.81,0,Clear,Medium,0.895,1661,90.83,5,High,0,11
SHP101458,Supplier_E,Raw_Materials,India,India,1278,4674.0,11,25,Air,13827,3717.58,0,Clear,High,0.867,1678,110.38,5,Low,0,11
SHP101459,Supplier_A,Automotive,Germany,India,1087,3887.0,8,19,Air,13683,3178.37,6,Rain,Medium,0.879,7363,98.53,5,Medium,1,22
SHP101460,Supplier_E,Electronics,China,USA,1689,327.0,2,7,Air,11568,3339.33,2,,Low,0.864,1299,90.75,0,High,0,9
SHP101461,Supplier_B,Raw_Materials,USA,USA,1702,4808.0,45,22,Sea,7565,3257.7,1,Storm,High,0.931,1257,95.77,3,Medium,1,16
SHP101462,Supplier_D,Raw_Materials,Germany,UK,519,2608.0,16,15,Road,2819,1280.94,3,Clear,Medium,0.793,3762,81.64,5,High,1,18
SHP101463,Supplier_C,Medical,China,Canada,1539,3967.0,12,15,Road,8213,3092.13,5,Clear,Low,0.905,1239,80.1,0,Medium,0,8
SHP101464,Supplier_D,Medical,Vietnam,Canada,1377,2211.0,11,12,Road,13024,3791.87,1,Clear,Medium,0.987,8994,119.45,0,High,0,4
SHP101465,Supplier_E,Electronics,India,Germany,1678,4725.0,22,17,Rail,9315,3728.32,4,Clear,Low,0.813,4300,118.48,2,High,1,15
SHP101466,Supplier_C,Medical,China,Germany,476,1439.0,33,17,Sea,251,1209.13,7,Rain,High,0.929,8323,91.04,3,Low,1,19
SHP101467,Supplier_E,Raw_Materials,India,India,1729,740.0,12,20,Air,8304,2707.77,3,Rain,Medium,0.771,3265,95.76,1,Medium,1,15
SHP101468,Supplier_B,Medical,Vietnam,Germany,159,4782.0,13,20,Air,9006,2861.39,5,Clear,High,0.782,5290,111.36,0,Low,1,14
SHP101469,Supplier_A,Consumer_Goods,China,Germany,1748,3518.0,6,4,Rail,11442,2288.41,4,Clear,Medium,0.971,6647,106.29,1,Medium,0,11
SHP101470,Supplier_C,Medical,USA,India,1638,1898.0,25,25,Road,3725,2764.66,2,Clear,High,0.708,8931,74.98,4,Medium,1,17
SHP101471,Supplier_B,Raw_Materials,Germany,India,564,4968.0,11,13,Road,8540,1990.7,4,Snow,Low,0.763,7706,88.73,0,High,0,14
SHP101472,Supplier_B,Electronics,China,Germany,117,3866.0,27,15,Sea,1244,927.7,2,Clear,Low,0.84,7683,82.51,5,Low,0,17
SHP101473,Supplier_C,Automotive,Vietnam,Canada,1319,989.0,24,13,Sea,4582,2532.46,4,Clear,Low,0.817,7771,119.63,0,Low,0,14
SHP101474,Supplier_E,Medical,China,Germany,438,3232.0,9,6,Rail,4634,859.9,3,Rain,Medium,0.882,9600,107.44,5,Low,1,15
SHP101475,Supplier_B,Raw_Materials,India,UK,1723,3359.0,7,17,Air,11635,2780.68,4,Rain,Low,0.756,8608,72.39,0,Medium,0,14
SHP101476,Supplier_D,Automotive,China,UK,357,2100.0,26,24,Road,14735,3452.58,1,Storm,Medium,0.72,1520,115.0,5,High,1,19
SHP101477,Supplier_B,Automotive,USA,UK,1998,1796.0,49,25,Sea,820,2531.89,2,Clear,Medium,0.807,6642,116.4,1,Medium,0,15
SHP101478,Supplier_E,Consumer_Goods,China,USA,1425,2501.0,11,27,Air,4668,2031.41,0,Clear,Medium,0.852,4884,86.66,2,Low,0,10
SHP101479,Supplier_E,Automotive,Germany,UK,1872,74.0,13,13,Road,3329,2046.29,4,Clear,Medium,0.863,2876,102.1,3,Low,0,15
SHP101480,Supplier_D,Raw_Materials,China,Canada,1139,2606.0,38,20,Sea,1106,1993.32,2,Snow,Low,0.874,3741,104.1,0,Low,0,13
SHP101481,Supplier_B,Raw_Materials,India,USA,509,110.0,20,18,Road,4828,508.35,0,Rain,High,0.859,4532,106.48,3,Medium,0,13
SHP101482,Supplier_E,Medical,China,USA,396,172.0,10,12,Road,11590,2054.42,2,Storm,Medium,0.771,1650,104.68,5,Low,1,25
SHP101483,Supplier_C,Medical,USA,UK,374,2152.0,24,14,Sea,10760,2891.05,7,Clear,High,0.922,3158,97.99,3,High,1,22
SHP101484,Supplier_A,Medical,Vietnam,Germany,716,1236.0,14,15,Road,7199,1564.7,6,Rain,Medium,0.725,3651,117.69,5,Low,1,23
SHP101485,Supplier_A,Automotive,China,India,1672,1780.0,19,11,Sea,7216,2611.37,2,Clear,High,0.758,8462,95.62,3,High,0,15
SHP101486,Supplier_A,Automotive,China,Germany,1106,4691.0,60,29,Sea,12411,3191.12,7,Clear,Medium,0.914,8625,75.55,5,Medium,1,21
SHP101487,Supplier_B,Consumer_Goods,Germany,Germany,117,4139.0,25,23,Road,3913,1551.37,0,Clear,High,0.781,9129,74.02,1,High,0,8
SHP101488,Supplier_D,Medical,USA,USA,236,2522.0,29,15,Sea,637,1567.29,0,Rain,Low,0.843,8038,70.92,5,High,0,13
SHP101489,Supplier_E,Electronics,Vietnam,USA,241,3015.0,7,8,Air,11116,2060.79,3,Clear,Medium,0.795,9704,91.4,3,High,0,9
SHP101490,Supplier_C,Consumer_Goods,India,USA,1286,2327.0,9,8,Rail,2785,1902.99,5,Storm,High,0.847,2235,83.66,4,High,1,24
SHP101491,Supplier_C,Electronics,China,Canada,1673,4137.0,25,13,Sea,2080,2791.28,6,Rain,Low,0.801,1118,114.76,5,Low,1,20
SHP101492,Supplier_B,Automotive,Vietnam,Canada,477,3014.0,25,21,Rail,6006,1888.03,4,Clear,Medium,0.988,1259,113.36,1,Low,1,14
SHP101493,Supplier_A,Consumer_Goods,India,India,1424,1360.0,34,29,Rail,639,2380.7,4,Rain,High,0.804,6518,111.89,1,Medium,1,17
SHP101494,Supplier_B,Consumer_Goods,USA,USA,1181,204.0,27,13,Sea,7146,3641.27,6,Clear,Medium,0.882,2198,113.36,4,High,1,19
SHP101495,Supplier_D,Raw_Materials,USA,UK,1313,2262.0,27,12,Sea,12176,3515.7,2,Clear,Low,0.958,8581,84.88,2,Low,0,7
SHP101496,Supplier_D,Automotive,Vietnam,USA,265,3303.0,49,25,Sea,12345,2235.86,6,Rain,Medium,0.885,7277,91.31,2,High,1,19
SHP101497,Supplier_E,Automotive,India,Canada,226,1312.0,34,17,Sea,11491,2602.8,1,Storm,Low,0.864,3432,85.59,5,Medium,0,16
SHP101498,Supplier_E,Consumer_Goods,USA,USA,1638,1412.0,17,15,Rail,7361,3818.85,7,Clear,High,0.865,8229,74.3,0,Low,1,21
SHP101499,Supplier_D,Automotive,Vietnam,Canada,1403,987.0,24,25,Road,14114,3587.71,1,Storm,Low,0.844,1959,116.2,2,Low,0,11
SHP101500,Supplier_D,Consumer_Goods,USA,USA,610,561.0,2,10,Air,12808,1979.67,5,Rain,Low,0.934,3948,100.8,0,Low,0,9
SHP101501,Supplier_D,Raw_Materials,USA,UK,930,236.0,10,7,Road,8775,2394.22,2,Clear,Medium,0.715,1565,76.63,3,Low,0,13
SHP101502,Supplier_B,Consumer_Goods,USA,India,675,1895.0,3,4,Rail,9320,2362.97,3,Clear,Medium,0.957,6936,80.3,0,Medium,0,4
SHP101503,Supplier_D,Automotive,Germany,UK,1523,,36,18,Sea,6400,2569.03,0,Rain,High,0.87,7658,92.54,2,Low,0,11
SHP101504,Supplier_C,Automotive,India,Canada,656,440.0,18,15,Road,151,1864.04,2,Clear,Low,0.946,3379,72.59,0,Medium,0,5
SHP101505,Supplier_A,Consumer_Goods,Vietnam,Germany,1520,704.0,21,21,Road,8534,3070.06,7,Storm,Low,0.703,9636,83.6,1,Medium,1,22
SHP101506,Supplier_D,Consumer_Goods,Vietnam,UK,1610,4321.0,22,11,Sea,1786,3038.51,4,Rain,Medium,0.952,7478,105.17,2,High,1,13
SHP101507,Supplier_A,Consumer_Goods,India,USA,1717,2871.0,35,17,Sea,2921,1200.55,1,Clear,High,0.735,4539,116.02,0,Medium,0,10
SHP101508,Supplier_B,Medical,India,India,228,813.0,5,8,Road,6663,1986.91,7,Snow,Medium,0.909,3708,116.44,2,Medium,1,20
SHP101509,Supplier_A,Automotive,India,USA,444,3450.0,16,10,Sea,8220,2429.11,1,Clear,Medium,0.821,3335,96.0,4,High,1,14
SHP101510,Supplier_B,Automotive,India,USA,1218,4856.0,52,26,Sea,8196,2472.78,1,Storm,Medium,0.898,4044,85.61,2,Low,1,16
SHP101511,Supplier_C,Medical,China,UK,925,3317.0,16,16,Road,10132,,3,Clear,Medium,0.882,8790,116.04,4,Low,1,17
SHP101512,Supplier_B,Consumer_Goods,Vietnam,India,1011,1135.0,8,7,Road,8716,2070.79,4,Rain,Medium,0.747,2286,109.33,0,High,0,12
SHP101513,Supplier_B,Raw_Materials,China,Germany,247,1979.0,33,19,Sea,10419,1750.5,3,,Medium,0.849,2630,99.36,4,Low,1,16
SHP101514,Supplier_E,Consumer_Goods,USA,USA,1018,4426.0,9,24,Air,8986,2749.11,0,Rain,High,0.78,5027,111.73,2,Low,0,14
SHP101515,Supplier_D,Consumer_Goods,USA,India,1910,2013.0,18,9,Sea,8645,3532.57,2,,High,0.863,4116,92.94,1,Medium,0,14
SHP101516,Supplier_D,Medical,Vietnam,Germany,1157,1835.0,22,11,Sea,3790,1439.64,2,Clear,High,0.914,6665,75.61,4,Medium,0,14
SHP101517,Supplier_C,Automotive,USA,USA,718,2324.0,38,18,Sea,1789,2510.82,6,Clear,Medium,0.724,1263,116.91,2,Medium,1,20
SHP101518,Supplier_C,Consumer_Goods,India,India,1158,2736.0,41,20,Sea,8584,3045.07,1,Storm,Medium,0.85,7444,,1,Low,0,13
SHP101519,Supplier_D,Automotive,China,UK,506,3018.0,17,30,Air,816,885.47,6,Clear,Low,0.879,6575,104.76,3,Medium,0,15
SHP101520,Supplier_E,Electronics,India,USA,1549,4622.0,32,15,Sea,7383,2315.17,1,Rain,Medium,0.786,8393,89.61,5,High,1,18
SHP101521,Supplier_D,Automotive,USA,USA,1326,765.0,41,20,Sea,12916,3124.17,0,Storm,Medium,0.976,5199,,4,Medium,0,12
SHP101522,Supplier_E,Raw_Materials,China,India,1960,292.0,24,12,Sea,4675,2239.87,7,Storm,High,0.851,6082,83.59,4,Medium,1,25
SHP101523,Supplier_C,Raw_Materials,India,USA,121,,7,3,Sea,4672,2396.06,3,Clear,Low,0.753,9412,72.18,0,Low,0,15
SHP101524,Supplier_A,Consumer_Goods,Vietnam,Germany,272,1573.0,47,23,Sea,12412,3752.71,5,Storm,High,0.731,1333,74.38,3,Medium,1,24
SHP101525,Supplier_C,Automotive,India,USA,325,887.0,28,20,Rail,10770,2941.67,5,Clear,Medium,0.857,1435,80.25,0,Low,1,15
SHP101526,Supplier_C,Consumer_Goods,USA,Canada,1868,3373.0,10,21,Air,10656,2148.64,5,Rain,Medium,0.809,3441,98.05,0,Medium,0,14
SHP101527,Supplier_B,Medical,China,Germany,1849,3003.0,5,4,Road,737,2531.92,4,Rain,Medium,0.756,7877,119.64,2,Medium,1,13
SHP101528,Supplier_B,Raw_Materials,Vietnam,India,1319,1395.0,35,29,Rail,8079,3993.63,0,Clear,High,0.709,1042,112.19,0,Medium,0,13
SHP101529,Supplier_B,Consumer_Goods,China,Germany,1414,2473.0,11,6,Sea,10697,3024.6,2,Clear,High,0.864,1965,74.29,4,High,0,10
SHP101530,Supplier_B,Medical,Vietnam,Canada,622,2078.0,17,13,Rail,9591,2476.8,2,Clear,Medium,0.874,1215,112.12,0,Low,0,12
SHP101531,Supplier_E,Consumer_Goods,China,Canada,973,1482.0,3,5,Air,4048,2729.04,3,Clear,Low,0.741,5320,96.82,1,Medium,0,7
SHP101532,Supplier_D,Automotive,USA,USA,520,289.0,23,11,Sea,8981,2759.6,6,Storm,High,0.875,3705,103.02,4,Medium,1,22
SHP101533,Supplier_A,Automotive,Vietnam,USA,503,188.0,23,12,Sea,12731,3324.72,0,Clear,Medium,0.976,9964,76.49,5,Medium,0,9
SHP101534,Supplier_C,Automotive,Germany,UK,1844,3243.0,15,30,Air,5650,2113.89,4,Snow,Medium,0.984,2822,89.77,2,Low,1,17
SHP101535,Supplier_E,Automotive,China,Germany,1018,469.0,7,4,Sea,10898,2565.55,0,Clear,Low,0.958,5111,114.21,0,Low,0,3
SHP101536,Supplier_A,Electronics,China,UK,56,353.0,22,9,Sea,9003,2411.14,0,Snow,Low,0.934,7436,91.27,1,High,0,4
SHP101537,Supplier_E,Medical,India,Canada,237,2212.0,14,17,Road,10902,1911.18,3,Rain,Low,0.761,9122,76.36,5,Medium,1,15
SHP101538,Supplier_E,Medical,Vietnam,USA,53,2076.0,42,29,Rail,8730,1590.21,7,Storm,High,0.745,9249,85.55,1,Medium,1,21
SHP101539,Supplier_C,Automotive,Germany,USA,1816,4152.0,12,21,Air,11825,2593.8,4,Clear,Low,0.829,5946,81.08,4,High,0,17
SHP101540,Supplier_D,Electronics,USA,USA,1718,2276.0,19,12,Sea,12170,4408.97,5,Rain,Low,0.88,5743,104.34,0,Low,1,17
SHP101541,Supplier_B,Automotive,India,India,956,1218.0,51,26,Sea,3441,2448.1,2,Clear,Medium,0.947,2843,115.55,1,High,0,12
SHP101542,Supplier_D,Electronics,Germany,Canada,1198,465.0,44,22,Sea,5650,3633.31,7,Clear,Medium,0.767,6450,106.67,0,Low,1,20
SHP101543,Supplier_C,Automotive,Vietnam,USA,1088,2763.0,16,16,Road,11384,3486.62,1,Rain,Low,0.839,1460,112.18,4,Medium,0,13
SHP101544,Supplier_C,Raw_Materials,Germany,Canada,1009,199.0,9,6,Sea,4338,2432.53,6,Rain,Low,0.888,4815,110.29,3,Medium,1,16
SHP101545,Supplier_C,Raw_Materials,China,USA,574,2494.0,11,27,Air,1883,1344.05,5,Clear,Low,0.829,8292,70.73,1,Medium,0,13
SHP101546,Supplier_A,Consumer_Goods,China,Germany,679,888.0,13,13,Road,9159,2783.68,4,Clear,Medium,0.832,8629,76.22,2,Low,0,15
SHP101547,Supplier_D,Automotive,India,Canada,1313,1746.0,4,5,Rail,14788,3611.91,2,Rain,Low,0.765,1289,91.17,0,Medium,0,8
SHP101548,Supplier_D,Medical,Vietnam,UK,824,4389.0,52,25,Sea,1588,2305.7,5,Clear,Medium,0.986,7392,75.6,5,Low,1,19
SHP101549,Supplier_E,Consumer_Goods,Vietnam,India,409,1960.0,37,19,Sea,7260,2360.8,7,Clear,Low,0.838,9924,106.75,4,Low,1,21
SHP101550,Supplier_E,Raw_Materials,Germany,UK,567,,6,9,Air,567,1508.67,7,Rain,Low,0.854,7668,73.51,4,Low,1,20
SHP101551,Supplier_E,Automotive,India,Canada,1393,3051.0,12,28,Air,5683,2957.27,3,Clear,Medium,0.763,4576,90.81,5,Medium,1,19
SHP101552,Supplier_C,Consumer_Goods,Vietnam,USA,1304,1370.0,4,13,Air,13264,2089.63,6,Rain,Low,0.849,8985,89.61,2,Medium,0,14
SHP101553,Supplier_D,Automotive,China,Canada,1103,4085.0,42,20,Sea,12213,4185.57,4,Rain,Low,0.774,7848,97.17,3,Low,1,20
SHP101554,Supplier_C,Raw_Materials,Germany,India,1607,1573.0,39,30,Rail,1517,2940.37,4,Storm,Medium,0.759,4782,101.47,0,Low,1,22
SHP101555,Supplier_A,Consumer_Goods,USA,Canada,970,3928.0,29,16,Sea,13306,,2,Clear,Medium,0.78,7915,117.35,3,Low,0,17
SHP101556,Supplier_E,Raw_Materials,China,USA,1229,602.0,6,16,Air,6005,2172.51,2,Storm,Medium,0.701,5937,83.56,4,Medium,1,17
SHP101557,Supplier_C,Electronics,India,UK,1703,3806.0,16,8,Sea,1876,2387.49,0,Clear,Low,0.865,5058,103.3,1,Medium,0,8
SHP101558,Supplier_C,Raw_Materials,Vietnam,Germany,901,3721.0,19,11,Sea,1181,1397.29,7,Clear,High,0.812,3156,71.75,3,Medium,1,22
SHP101559,Supplier_A,Automotive,China,UK,984,531.0,18,24,Road,13537,3549.17,0,Clear,High,0.961,3877,70.05,1,High,0,4
SHP101560,Supplier_B,Medical,USA,USA,950,649.0,7,5,Sea,13228,2699.75,4,Storm,High,0.712,9134,71.27,2,Medium,1,20
SHP101561,Supplier_D,Raw_Materials,USA,USA,1778,1214.0,40,19,Sea,3025,,1,Rain,Medium,0.713,5437,92.45,4,High,1,18
SHP101562,Supplier_B,Medical,India,India,448,4728.0,57,30,Sea,4184,1197.12,3,Clear,High,0.957,4920,97.75,1,Medium,0,13
SHP101563,Supplier_E,Electronics,China,Canada,1419,4282.0,9,14,Air,12353,2517.72,2,Clear,Low,0.737,2127,70.31,0,Medium,0,11
SHP101564,Supplier_C,Consumer_Goods,Germany,Canada,1268,1053.0,4,6,Air,7728,1771.7,0,Clear,Low,0.701,7601,89.82,4,Medium,0,10
SHP101565,Supplier_A,Consumer_Goods,China,UK,217,2032.0,10,22,Air,6295,1566.39,3,Clear,Low,0.752,5067,72.04,2,Low,0,15
SHP101566,Supplier_A,Medical,USA,Germany,426,1684.0,38,18,Sea,1111,1681.69,6,Rain,High,0.939,4486,102.66,0,Medium,1,18
SHP101567,Supplier_D,Consumer_Goods,India,Germany,1562,3047.0,10,26,Air,8002,3164.39,5,Rain,Medium,0.933,5727,101.56,4,High,1,18
SHP101568,Supplier_B,Raw_Materials,India,India,1824,736.0,23,12,Sea,913,2526.1,5,Snow,High,0.799,6509,109.21,3,Low,1,22
SHP101569,Supplier_D,Medical,Germany,USA,1435,3464.0,28,28,Road,12238,4157.17,7,Snow,Medium,0.894,6481,97.31,5,Medium,1,24
SHP101570,Supplier_C,Automotive,India,India,1555,,8,9,Road,10608,2870.53,4,Rain,High,0.847,4454,101.15,4,Medium,0,17
SHP101571,Supplier_D,Raw_Materials,India,Canada,1317,4987.0,12,12,Road,10435,3234.32,2,Clear,High,0.962,2051,83.97,0,Medium,0,7
SHP101572,Supplier_A,Raw_Materials,India,USA,1654,2530.0,13,9,Rail,372,2690.51,7,Clear,High,0.716,8274,74.27,1,Medium,1,19
SHP101573,Supplier_A,Raw_Materials,India,India,656,1387.0,49,25,Sea,3744,1814.24,5,Clear,Medium,0.936,3587,106.87,1,Low,1,16
SHP101574,Supplier_E,Automotive,India,UK,1060,164.0,42,30,Rail,1816,2154.94,6,Clear,High,0.749,4257,100.59,4,Medium,1,20
SHP101575,Supplier_E,Electronics,USA,Canada,638,,38,20,Sea,6376,1129.02,2,Rain,High,0.814,3242,116.92,4,Medium,1,20
SHP101576,Supplier_C,Consumer_Goods,China,Germany,1244,618.0,21,11,Sea,11267,4126.03,0,Snow,Medium,0.756,5867,119.46,2,Medium,0,12
SHP101577,Supplier_B,Medical,Vietnam,India,1586,1603.0,49,24,Sea,6332,2701.43,5,Storm,Medium,0.904,7832,112.36,3,Medium,1,18
SHP101578,Supplier_D,Electronics,India,Canada,1479,2739.0,10,20,Air,6928,3270.6,1,Clear,Medium,0.897,1127,119.28,2,Medium,0,13
SHP101579,Supplier_C,Medical,Vietnam,Canada,1647,4640.0,22,19,Rail,12392,3516.84,5,Clear,Medium,0.859,7015,102.37,5,Medium,1,19
SHP101580,Supplier_E,Consumer_Goods,Vietnam,Germany,1280,3390.0,6,13,Air,456,2068.35,2,Storm,High,0.902,9297,74.6,2,Low,1,16
SHP101581,Supplier_D,Automotive,USA,Germany,1227,3038.0,4,3,Sea,13754,3413.33,1,Storm,Low,0.885,2406,74.49,1,Low,0,9
SHP101582,Supplier_E,Raw_Materials,India,Germany,1859,3201.0,41,19,Sea,303,4061.4,3,Clear,Medium,0.925,4420,110.36,1,Medium,0,14
SHP101583,Supplier_D,Raw_Materials,Vietnam,India,97,3577.0,6,6,Air,3845,1348.47,5,Rain,Low,0.769,6600,81.84,0,Medium,1,15
SHP101584,Supplier_B,Automotive,India,Germany,1722,3065.0,3,6,Air,1696,3123.21,2,Rain,Medium,0.824,9182,73.05,5,Low,0,14
SHP101585,Supplier_C,Electronics,Germany,UK,1074,871.0,7,16,Air,6714,2137.06,5,Clear,Medium,0.744,8488,93.61,5,Low,1,17
SHP101586,Supplier_D,Electronics,Germany,Canada,1820,3624.0,60,30,Sea,14899,4223.01,5,Clear,High,0.825,6097,85.73,2,High,1,21
SHP101587,Supplier_A,Medical,Germany,Germany,1978,3837.0,17,11,Rail,596,,2,Storm,Low,0.903,5112,99.41,0,Low,0,10
SHP101588,Supplier_A,Automotive,Vietnam,Canada,1841,1658.0,31,15,Sea,13089,4822.18,1,Rain,High,0.901,2393,100.01,4,High,0,16
SHP101589,Supplier_D,Electronics,Germany,USA,1480,609.0,18,30,Air,13224,3489.77,0,Clear,High,0.906,2871,104.08,0,High,0,7
SHP101590,Supplier_D,Automotive,USA,USA,1180,4113.0,31,30,Road,162,1966.39,6,Rain,Medium,0.79,2089,98.82,1,Medium,1,19
SHP101591,Supplier_D,Consumer_Goods,USA,Germany,222,4485.0,24,18,Rail,1679,1240.5,5,Rain,Low,0.892,6535,89.05,2,Medium,1,16
SHP101592,Supplier_A,Raw_Materials,Vietnam,Canada,555,661.0,2,3,Air,12626,2739.34,4,Storm,Low,0.807,5166,71.18,1,Medium,1,18
SHP101593,Supplier_A,Raw_Materials,India,USA,1203,2213.0,9,5,Sea,8831,3374.43,3,Clear,Medium,0.974,5539,115.25,4,Low,0,11
SHP101594,Supplier_D,Raw_Materials,China,Germany,447,1931.0,29,21,Rail,4393,1614.29,2,Snow,Low,0.8,4016,86.35,3,Medium,1,14
SHP101595,Supplier_E,Automotive,India,Canada,343,4219.0,5,10,Air,4976,1478.6,5,Clear,Medium,0.875,4315,95.36,5,High,1,15
SHP101596,Supplier_E,Automotive,India,Germany,601,3913.0,41,20,Sea,7950,3212.79,6,Rain,High,0.918,4892,97.85,2,High,1,17
SHP101597,Supplier_B,Medical,India,Canada,1520,3758.0,3,8,Air,4225,1466.34,0,Rain,Low,0.963,2393,85.74,1,High,0,4
SHP101598,Supplier_C,Raw_Materials,India,USA,899,1759.0,39,29,Rail,2813,2246.35,2,Clear,Medium,0.827,1720,85.42,3,High,0,16
SHP101599,Supplier_E,Medical,China,Germany,1089,1811.0,29,22,Rail,5428,2626.3,7,Clear,High,0.805,5326,83.04,4,Low,1,22
SHP101600,Supplier_A,Raw_Materials,Germany,USA,1712,1742.0,30,28,Road,13474,4546.37,5,Storm,High,0.825,4597,82.17,3,Medium,1,25
SHP101601,Supplier_E,Medical,India,Germany,934,1295.0,15,8,Sea,9372,1260.41,3,Rain,High,0.794,5959,71.52,1,Medium,0,17
SHP101602,Supplier_B,Medical,USA,India,1422,175.0,13,7,Sea,10147,2762.65,4,Clear,High,0.89,8758,117.9,1,High,0,13
SHP101603,Supplier_B,Consumer_Goods,Vietnam,USA,1053,4802.0,8,14,Air,7987,1822.46,2,Clear,Medium,0.97,8636,99.76,4,Low,0,10
SHP101604,Supplier_C,Medical,Vietnam,USA,1276,1249.0,18,11,Rail,11796,2777.7,5,Clear,High,0.737,4880,75.4,4,Medium,1,21
SHP101605,Supplier_E,Automotive,USA,UK,183,2761.0,14,11,Rail,3479,1915.86,1,Clear,High,0.863,5864,99.6,3,Medium,0,14
SHP101606,Supplier_A,Medical,India,USA,820,3496.0,39,19,Sea,1698,1057.65,0,Snow,Medium,0.96,7673,,3,Medium,0,13
SHP101607,Supplier_A,Raw_Materials,China,Canada,1599,1040.0,19,21,Road,7733,2589.75,4,Rain,Medium,0.729,9481,85.53,5,Low,1,20
SHP101608,Supplier_D,Medical,Germany,Germany,557,3115.0,9,19,Air,9920,1860.24,2,Snow,Medium,0.843,7243,110.06,5,High,1,16
SHP101609,Supplier_A,Electronics,Vietnam,India,1139,1571.0,48,24,Sea,3278,2183.8,5,Clear,Medium,0.951,7292,114.29,1,Medium,0,12
SHP101610,Supplier_C,Raw_Materials,Germany,Canada,529,4778.0,19,18,Road,8144,2859.59,4,Rain,Low,0.961,9586,104.99,4,Medium,0,12
SHP101611,Supplier_C,Electronics,China,Canada,912,2548.0,28,14,Sea,10939,3515.37,1,Clear,Medium,0.849,1375,116.63,0,Low,0,11
SHP101612,Supplier_A,Raw_Materials,Vietnam,Canada,508,2615.0,10,5,Sea,5213,1791.64,2,Rain,Medium,0.707,7245,115.25,4,Medium,1,18
SHP101613,Supplier_A,Automotive,Germany,Canada,1415,4840.0,5,16,Air,3472,1343.3,7,Clear,Medium,0.731,6746,97.56,2,High,1,22
SHP101614,Supplier_D,Automotive,China,India,1780,2647.0,16,19,Road,6863,3142.58,4,Clear,Low,0.87,5877,115.39,2,Low,0,11
SHP101615,Supplier_A,Automotive,Germany,UK,675,165.0,34,24,Rail,1169,1170.96,2,Rain,High,0.736,3139,97.25,4,High,1,20
SHP101616,Supplier_D,Electronics,India,USA,208,1081.0,23,18,Rail,14512,2538.58,7,Clear,Low,0.743,2974,75.21,3,Medium,1,23
SHP101617,Supplier_D,Consumer_Goods,China,Canada,210,1291.0,23,23,Road,2876,,2,Rain,Low,0.924,5501,111.47,2,High,0,14
SHP101618,Supplier_A,Raw_Materials,Germany,USA,1327,1792.0,28,14,Sea,1292,2604.45,4,Rain,Medium,0.918,7164,76.56,5,Medium,1,19
SHP101619,Supplier_B,Automotive,India,USA,1970,3688.0,60,30,Sea,913,2373.12,2,Rain,Medium,0.944,7162,85.8,1,Medium,0,7
SHP101620,Supplier_B,Raw_Materials,India,Canada,989,4449.0,33,26,Rail,1252,1487.32,1,Snow,Low,0.731,9604,88.99,1,Medium,0,15
SHP101621,Supplier_D,Electronics,China,UK,1600,4140.0,10,4,Sea,5932,2595.86,4,Clear,Medium,0.757,7345,110.36,1,Low,0,12
SHP101622,Supplier_A,Consumer_Goods,USA,USA,1622,2025.0,8,10,Road,11047,2687.17,5,Clear,High,0.942,7130,74.18,5,Medium,0,13
SHP101623,Supplier_B,Electronics,Vietnam,Germany,204,4233.0,13,14,Road,1983,1678.14,6,Storm,Medium,0.909,7155,92.25,4,Medium,1,21
SHP101624,Supplier_A,Raw_Materials,China,USA,535,4453.0,24,23,Road,367,1259.22,4,Rain,Medium,0.934,7278,91.84,2,Low,1,16
SHP101625,Supplier_A,Consumer_Goods,India,Canada,481,4947.0,10,18,Air,3771,1433.75,1,Clear,Low,0.987,2378,99.11,3,High,0,4
SHP101626,Supplier_A,Consumer_Goods,India,India,1100,213.0,6,10,Air,2912,1097.81,1,Storm,Medium,0.951,2093,87.69,5,High,0,9
SHP101627,Supplier_E,Electronics,China,USA,1053,3360.0,30,30,Road,14161,2620.55,1,Clear,High,0.851,8135,98.86,5,High,1,14
SHP101628,Supplier_A,Automotive,USA,UK,1085,3438.0,23,18,Rail,12972,3542.96,7,Clear,Medium,0.79,1710,,1,Medium,1,19
SHP101629,Supplier_E,Raw_Materials,Vietnam,Germany,116,1045.0,15,12,Road,6662,1494.23,5,Clear,High,0.865,8461,73.58,5,Medium,1,19
SHP101630,Supplier_D,Medical,Germany,Germany,591,1927.0,47,22,Sea,7113,2314.8,5,Clear,Medium,0.885,4486,113.73,5,Low,1,19
SHP101631,Supplier_B,Medical,China,India,145,1873.0,34,17,Sea,14278,3134.98,6,Clear,Medium,0.797,5892,85.43,3,Medium,1,17
SHP101632,Supplier_B,Electronics,Vietnam,India,264,4956.0,6,6,Road,13572,2860.14,6,Clear,High,0.924,4499,93.29,5,Medium,1,18
SHP101633,Supplier_B,Raw_Materials,Vietnam,USA,243,2345.0,27,28,Road,5277,2013.66,2,Clear,High,0.727,4227,107.06,1,High,1,16
SHP101634,Supplier_B,Raw_Materials,India,Canada,1720,3314.0,16,17,Road,4185,2399.3,2,Clear,High,0.926,1730,115.5,5,Medium,0,14
SHP101635,Supplier_B,Electronics,Germany,UK,1363,1398.0,14,6,Sea,483,1880.7,3,Clear,Medium,0.709,7420,70.45,4,Medium,1,18
SHP101636,Supplier_B,Raw_Materials,China,Germany,1617,1853.0,17,13,Rail,12248,3757.35,6,Rain,High,0.844,8432,103.11,1,Medium,1,21
SHP101637,Supplier_B,Automotive,India,India,934,2301.0,16,8,Sea,2950,836.13,6,Clear,Medium,0.95,7192,73.48,4,Medium,1,21
SHP101638,Supplier_D,Electronics,India,UK,88,2950.0,7,6,Road,14945,2668.57,2,Clear,High,0.725,9801,96.28,2,Low,1,18
SHP101639,Supplier_A,Automotive,USA,Canada,1937,1643.0,2,11,Air,12817,3617.35,1,Clear,Low,0.85,8188,107.49,2,Medium,0,13
SHP101640,Supplier_C,Raw_Materials,Vietnam,Germany,988,482.0,21,11,Sea,11703,2896.36,3,Clear,Medium,0.746,2467,78.48,3,High,1,14
SHP101641,Supplier_E,Electronics,China,Germany,988,3867.0,7,5,Rail,6821,1793.27,6,Clear,High,0.959,2558,108.19,5,High,1,15
SHP101642,Supplier_C,Raw_Materials,China,Canada,255,4967.0,14,25,Air,7183,2385.22,1,Clear,Low,0.941,6257,85.48,1,Medium,0,8
SHP101643,Supplier_C,Electronics,China,Germany,1972,1120.0,60,30,Sea,1149,2245.38,0,Rain,Medium,0.971,1229,100.53,2,High,0,9
SHP101644,Supplier_A,Raw_Materials,India,Canada,991,4650.0,14,7,Sea,1933,1954.07,7,Rain,High,0.954,7981,102.9,5,High,1,21
SHP101645,Supplier_A,Automotive,USA,Germany,604,164.0,14,17,Road,9089,2457.7,6,Snow,Medium,0.914,6524,102.45,0,Medium,0,12
SHP101646,Supplier_A,Automotive,Germany,USA,533,1489.0,60,30,Sea,4567,1394.64,5,Clear,Medium,0.754,9732,70.93,0,Medium,1,18
SHP101647,Supplier_B,Raw_Materials,India,Canada,1410,1840.0,5,11,Air,3075,1125.72,4,Clear,Medium,0.788,3874,77.61,3,Medium,0,14
SHP101648,Supplier_D,Electronics,Germany,UK,1569,1044.0,9,4,Rail,5255,2807.65,0,Clear,Medium,0.844,4092,112.81,5,Low,0,11
SHP101649,Supplier_B,Medical,USA,USA,820,4368.0,12,5,Sea,7798,2019.88,5,Rain,Low,0.871,9021,116.99,2,Medium,1,15
SHP101650,Supplier_D,Automotive,Vietnam,UK,298,4781.0,11,28,Air,14201,2750.43,5,Clear,Low,0.927,6730,98.18,4,Medium,0,13
SHP101651,Supplier_D,Automotive,China,Germany,1147,4817.0,10,23,Air,8100,2253.68,7,Clear,Low,0.766,7957,99.85,5,Low,1,21
SHP101652,Supplier_C,Medical,Germany,UK,422,1007.0,21,14,Rail,14236,3992.11,1,Clear,Medium,0.737,3692,,0,High,0,12
SHP101653,Supplier_C,Raw_Materials,India,USA,1904,145.0,9,18,Air,1390,2159.53,2,Rain,Low,0.84,6224,90.31,5,Low,0,15
SHP101654,Supplier_D,Electronics,Germany,Canada,928,2204.0,8,7,Road,8061,1978.26,4,Storm,Medium,0.746,7766,86.4,2,Low,1,21
SHP101655,Supplier_D,Raw_Materials,Vietnam,India,1881,681.0,23,12,Sea,7699,3911.17,2,Snow,Medium,0.901,1003,108.41,4,Medium,0,13
SHP101656,Supplier_B,Consumer_Goods,China,UK,1859,3734.0,43,30,Rail,7286,3482.35,2,Clear,High,0.867,5759,71.41,1,Medium,0,13
SHP101657,Supplier_B,Automotive,Germany,India,884,1751.0,17,17,Road,7606,1695.9,6,Clear,Low,0.915,3934,114.27,5,Low,1,16
SHP101658,Supplier_C,Consumer_Goods,Vietnam,UK,920,747.0,34,16,Sea,2287,2140.38,4,Storm,Medium,0.718,5633,92.05,2,Low,1,25
SHP101659,Supplier_A,Automotive,India,UK,751,81.0,5,16,Air,8358,2279.0,4,Clear,Medium,0.98,8361,95.21,1,Low,0,9
SHP101660,Supplier_D,Automotive,USA,Canada,187,4924.0,30,25,Rail,13402,3115.53,0,Clear,High,0.7,3407,101.71,0,Medium,0,14
SHP101661,Supplier_B,Consumer_Goods,India,Germany,997,598.0,34,15,Sea,13941,3071.61,1,Rain,Medium,0.794,3567,83.72,1,Low,0,12
SHP101662,Supplier_C,Consumer_Goods,China,USA,506,2298.0,21,18,Rail,9684,2764.01,2,Rain,High,0.897,4149,99.87,0,Medium,0,13
SHP101663,Supplier_B,Raw_Materials,India,USA,863,1943.0,21,10,Sea,14696,3872.82,7,Snow,Low,0.713,8827,104.65,3,Low,1,21
SHP101664,Supplier_D,Consumer_Goods,India,USA,872,2884.0,12,10,Road,7891,2117.63,1,Rain,Medium,0.724,7838,75.9,3,Low,0,13
SHP101665,Supplier_D,Raw_Materials,India,Germany,991,1753.0,10,19,Air,12283,3957.13,1,Clear,Medium,0.722,2357,96.02,0,Medium,0,11
SHP101666,Supplier_E,Raw_Materials,India,India,1916,1206.0,21,19,Road,11313,2741.87,7,Clear,High,0.869,7228,86.47,4,Medium,1,21
SHP101667,Supplier_A,Raw_Materials,China,USA,493,393.0,6,5,Sea,6870,2126.45,6,Storm,Medium,0.96,6615,97.87,3,Medium,1,19
SHP101668,Supplier_E,Automotive,Vietnam,India,402,4122.0,8,3,Sea,9993,2057.28,3,Rain,Medium,0.861,9270,71.06,4,Low,1,15
SHP101669,Supplier_C,Automotive,Germany,Germany,1045,3512.0,5,19,Air,8870,2541.23,0,Rain,Low,0.875,8473,107.13,4,Low,0,10
SHP101670,Supplier_B,Consumer_Goods,USA,Germany,843,2298.0,16,28,Air,8034,2914.84,2,Snow,Medium,0.8,2605,78.42,4,High,0,16
SHP101671,Supplier_C,Automotive,Germany,Canada,460,994.0,18,26,Air,1705,2060.59,5,Rain,Medium,0.705,8284,104.47,2,Medium,1,18
SHP101672,Supplier_D,Consumer_Goods,Germany,USA,727,3930.0,39,18,Sea,12335,1928.31,4,Clear,Low,0.706,5975,108.44,5,High,1,23
SHP101673,Supplier_E,Automotive,USA,Canada,1863,2100.0,25,19,Rail,8087,3977.27,4,Rain,Low,0.958,6569,107.63,2,Medium,1,16
SHP101674,Supplier_E,Electronics,China,USA,1611,3335.0,54,27,Sea,7265,2999.49,1,Rain,High,0.73,1027,110.88,5,Medium,1,22
SHP101675,Supplier_E,Electronics,USA,Germany,502,2905.0,4,4,Road,13614,2315.79,7,Clear,Medium,0.99,2352,85.39,5,High,1,18
SHP101676,Supplier_C,Consumer_Goods,China,Germany,468,1380.0,11,27,Air,6154,1901.86,0,Clear,High,0.748,4734,118.36,4,High,0,16
SHP101677,Supplier_D,Automotive,Germany,UK,499,2053.0,32,16,Sea,10270,2478.92,0,Rain,High,0.896,8531,71.19,0,Medium,0,8
SHP101678,Supplier_B,Automotive,China,UK,1044,3665.0,15,9,Sea,4605,2187.43,2,Clear,High,0.975,1418,94.06,5,Low,0,12
SHP101679,Supplier_B,Raw_Materials,Vietnam,Germany,1658,1837.0,33,27,Rail,11172,2948.68,2,Rain,High,0.805,9452,83.51,3,Medium,0,19
SHP101680,Supplier_C,Medical,USA,Germany,1188,2296.0,23,21,Road,7347,2668.81,1,Clear,High,0.913,3107,106.99,1,Medium,0,10
SHP101681,Supplier_E,Consumer_Goods,Vietnam,India,100,3722.0,8,3,Sea,5907,2456.93,1,Snow,Medium,0.802,7306,110.26,2,High,0,15
SHP101682,Supplier_A,Medical,Germany,India,1442,2205.0,20,19,Road,6356,2653.87,1,Clear,Low,0.788,5291,111.12,2,Medium,0,11
SHP101683,Supplier_C,Medical,USA,Canada,1987,3529.0,15,29,Air,10962,2973.69,3,Clear,Medium,0.759,3226,84.85,1,Low,0,13
SHP101684,Supplier_C,Consumer_Goods,Germany,UK,1756,3070.0,21,12,Sea,12008,4230.18,0,Clear,Medium,0.938,8660,83.71,4,Medium,0,8
SHP101685,Supplier_D,Automotive,Vietnam,UK,1853,101.0,3,8,Air,8151,3389.06,1,Clear,Low,0.775,9759,103.85,5,Low,0,14
SHP101686,Supplier_B,Consumer_Goods,Germany,Germany,1588,2209.0,18,9,Sea,13227,4151.73,6,Clear,Medium,0.782,1778,116.41,1,Medium,1,19
SHP101687,Supplier_C,Medical,USA,Germany,259,4440.0,10,27,Air,4384,1316.24,0,Clear,Medium,0.99,7258,82.71,4,Medium,0,10
SHP101688,Supplier_C,Automotive,USA,Canada,937,3701.0,5,8,Road,12664,3280.74,5,Rain,High,0.795,8521,115.53,2,Low,1,16
SHP101689,Supplier_E,Electronics,Germany,UK,1047,3965.0,16,7,Sea,14148,3373.22,4,Clear,Medium,0.823,2615,99.57,1,High,0,14
SHP101690,Supplier_E,Consumer_Goods,USA,India,1976,2162.0,5,4,Road,14538,2784.71,4,Rain,Medium,0.987,2849,106.9,5,Medium,1,15
SHP101691,Supplier_A,Consumer_Goods,USA,USA,1042,2671.0,38,20,Sea,2254,2322.88,0,Rain,Medium,0.807,2943,91.99,0,High,0,8
SHP101692,Supplier_D,Automotive,Germany,Canada,1975,4610.0,16,26,Air,7842,2612.68,5,Rain,Medium,0.806,3370,110.34,3,Medium,1,21
SHP101693,Supplier_A,Electronics,Vietnam,USA,899,4779.0,21,19,Road,14327,2869.99,4,Clear,High,0.94,8708,118.52,3,High,1,14
SHP101694,Supplier_E,Electronics,USA,India,1886,1404.0,26,26,Road,14365,2669.09,4,Rain,Low,0.79,9233,78.53,3,Medium,1,20
SHP101695,Supplier_B,Automotive,USA,India,1968,3804.0,35,29,Rail,2904,2196.71,4,Clear,Medium,0.768,4190,89.28,1,High,0,16
SHP101696,Supplier_E,Raw_Materials,USA,USA,1927,259.0,59,28,Sea,2320,2642.31,2,Storm,Medium,0.823,8834,113.12,5,Medium,1,20
SHP101697,Supplier_D,Consumer_Goods,USA,Canada,676,287.0,32,29,Road,12281,3325.81,5,Storm,Medium,0.903,2820,78.83,4,Low,1,21
SHP101698,Supplier_E,Consumer_Goods,Germany,USA,728,385.0,27,25,Road,9290,3234.37,7,Clear,Medium,0.713,9632,90.65,5,Low,1,21
SHP101699,Supplier_D,Medical,Vietnam,Canada,1508,3888.0,7,9,Air,821,1667.68,2,Clear,Medium,0.808,9295,78.31,5,High,1,14
SHP101700,Supplier_D,Automotive,Vietnam,Canada,826,1626.0,11,23,Air,9506,2561.8,0,Clear,Low,0.8,1568,102.42,2,Medium,0,5
SHP101701,Supplier_D,Medical,China,Germany,1300,549.0,11,21,Air,9985,1950.0,0,Clear,Medium,0.771,9648,81.92,3,Low,0,11
SHP101702,Supplier_D,Medical,USA,UK,712,1614.0,21,9,Sea,7074,2478.54,3,Rain,High,0.89,1310,89.04,1,Medium,0,14
SHP101703,Supplier_D,Electronics,USA,UK,317,840.0,50,25,Sea,14660,2978.88,7,Rain,Medium,0.784,2907,94.56,3,Low,1,23
SHP101704,Supplier_B,Consumer_Goods,China,India,165,3590.0,10,9,Rail,5903,867.33,2,Clear,Low,0.876,4455,84.86,5,High,0,15
SHP101705,Supplier_A,Medical,Vietnam,Germany,1673,3172.0,34,18,Sea,3494,3309.38,0,Rain,Medium,0.846,2691,104.0,4,Medium,0,13
SHP101706,Supplier_C,Electronics,India,UK,1903,1185.0,16,14,Road,4125,2592.42,7,Snow,Low,0.763,8332,75.56,0,Low,1,20
SHP101707,Supplier_A,Automotive,India,Canada,803,3994.0,21,17,Road,11871,3130.33,2,Rain,High,0.777,5502,113.99,0,Low,0,13
SHP101708,Supplier_D,Medical,Vietnam,Canada,1433,2398.0,10,17,Air,8228,2286.52,3,Clear,Medium,0.749,1580,94.07,5,Medium,1,18
SHP101709,Supplier_B,Consumer_Goods,USA,USA,1402,4374.0,11,13,Air,14569,1929.33,0,Rain,High,0.716,3015,98.64,2,High,0,11
SHP101710,Supplier_E,Medical,India,USA,1918,199.0,4,4,Sea,5256,2461.47,0,Clear,Medium,0.88,8643,101.11,0,Medium,0,7
SHP101711,Supplier_B,Automotive,Germany,Canada,1113,3256.0,3,5,Road,14528,3570.14,0,Storm,High,0.895,7862,72.98,0,High,0,11
SHP101712,Supplier_D,Medical,Germany,Canada,231,3578.0,26,21,Rail,14510,2696.14,0,Clear,Medium,0.748,5055,107.85,1,Medium,0,11
SHP101713,Supplier_B,Consumer_Goods,China,USA,1563,1674.0,40,22,Sea,11095,4077.7,1,Clear,Low,0.878,8583,117.3,1,Medium,0,12
SHP101714,Supplier_B,Electronics,Vietnam,UK,1282,2624.0,39,30,Rail,10522,2814.74,5,Rain,Low,0.985,2860,96.0,2,High,0,14
SHP101715,Supplier_D,Consumer_Goods,Vietnam,India,952,4478.0,56,27,Sea,4912,2354.06,5,Clear,Medium,0.722,4875,89.54,5,Medium,1,25
SHP101716,Supplier_B,Electronics,India,USA,1346,4319.0,24,28,Road,8750,2774.64,2,Rain,Medium,0.842,8418,109.24,2,Low,0,16
SHP101717,Supplier_C,Raw_Materials,USA,UK,1192,3334.0,36,17,Sea,9993,2815.33,2,Clear,Medium,0.913,4291,106.02,5,Low,1,15
SHP101718,Supplier_C,Consumer_Goods,Vietnam,UK,1455,2158.0,7,18,Air,8918,2724.26,7,Rain,High,0.713,9378,102.55,1,Medium,1,22
SHP101719,Supplier_B,Consumer_Goods,India,UK,995,3997.0,2,3,Air,2556,2559.66,7,Clear,Low,0.926,3943,118.27,0,Medium,0,13
SHP101720,Supplier_E,Automotive,India,Germany,1609,4964.0,8,17,Air,306,1604.46,2,Clear,Medium,0.984,3511,99.09,5,Medium,0,13
SHP101721,Supplier_D,Medical,Vietnam,Germany,307,2313.0,28,14,Sea,11608,1869.63,3,Rain,High,0.726,7492,82.42,4,Medium,1,16
SHP101722,Supplier_C,Electronics,India,UK,1556,1662.0,11,9,Road,1456,,6,Clear,Medium,0.938,7643,71.24,0,Medium,0,10
SHP101723,Supplier_E,Electronics,China,Canada,558,3865.0,4,9,Air,13060,1746.71,1,Clear,High,0.81,8834,92.67,0,Medium,0,8
SHP101724,Supplier_B,Automotive,China,Germany,141,4769.0,14,13,Road,11888,1817.59,6,Rain,Medium,0.742,2890,102.62,4,Medium,1,22
SHP101725,Supplier_E,Automotive,Vietnam,USA,1234,627.0,46,22,Sea,7561,2723.29,2,Rain,Medium,0.843,9471,78.61,2,High,1,15
SHP101726,Supplier_A,Medical,USA,Germany,198,472.0,13,13,Road,7256,2027.62,7,Clear,Low,0.721,1854,71.29,1,High,1,17
SHP101727,Supplier_C,Medical,China,Canada,166,2813.0,23,19,Road,14365,2892.3,7,Rain,High,0.851,6283,115.45,2,Medium,1,22
SHP101728,Supplier_B,Consumer_Goods,China,India,507,1279.0,4,5,Road,8251,1917.23,2,Clear,High,0.706,1397,85.1,2,Low,0,11
SHP101729,Supplier_D,Raw_Materials,Vietnam,Germany,614,3226.0,34,18,Sea,10231,2137.69,0,Clear,High,0.911,4503,93.3,2,Low,0,8
SHP101730,Supplier_B,Medical,Germany,UK,863,803.0,12,7,Sea,11087,4382.08,7,Clear,Medium,0.842,5470,74.55,1,Low,1,17
SHP101731,Supplier_D,Automotive,India,UK,94,4892.0,34,30,Road,12660,2401.78,6,Clear,High,0.833,8159,89.08,2,Medium,1,23
SHP101732,Supplier_B,Medical,China,UK,1850,737.0,4,4,Air,6622,2967.62,7,Snow,Medium,0.757,4795,91.19,2,Medium,1,22
SHP101733,Supplier_E,Electronics,Germany,India,823,772.0,52,25,Sea,2773,2249.17,0,Clear,Medium,0.805,1631,115.14,3,Medium,0,12
SHP101734,Supplier_E,Raw_Materials,USA,Canada,1892,796.0,15,28,Air,1149,2902.24,7,Rain,High,0.753,4036,113.27,0,Medium,1,23
SHP101735,Supplier_E,Consumer_Goods,Germany,USA,283,4387.0,28,28,Road,6923,1232.56,6,Storm,Low,0.913,1927,79.45,3,Low,1,18
SHP101736,Supplier_A,Electronics,Vietnam,Canada,1448,2762.0,9,9,Road,2691,2310.89,6,Snow,Low,0.758,9269,97.8,1,Medium,0,16
SHP101737,Supplier_D,Electronics,USA,India,1620,757.0,28,30,Road,6976,2586.51,0,Clear,Medium,0.879,5583,106.56,5,Low,0,14
SHP101738,Supplier_E,Raw_Materials,USA,UK,1923,484.0,28,12,Sea,12081,3525.86,2,Storm,High,0.781,2061,84.59,5,Low,1,21
SHP101739,Supplier_A,Consumer_Goods,Germany,Canada,1988,4926.0,3,7,Air,4104,3043.19,0,Snow,Medium,0.891,7710,89.72,4,High,0,11
SHP101740,Supplier_D,Automotive,Vietnam,USA,246,533.0,20,17,Rail,6073,1398.81,2,Clear,Medium,0.857,4361,119.24,5,Low,1,15
SHP101741,Supplier_B,Consumer_Goods,China,UK,74,3568.0,25,14,Sea,8382,2406.08,6,Clear,High,0.823,5737,107.99,4,Medium,1,22
SHP101742,Supplier_A,Medical,Germany,USA,444,1583.0,27,12,Sea,8767,3293.12,3,Clear,Medium,0.895,2699,91.86,5,Medium,1,16
SHP101743,Supplier_C,Electronics,China,Germany,763,219.0,50,24,Sea,8156,3471.39,3,Rain,Low,0.821,6701,96.7,3,Medium,1,18
SHP101744,Supplier_A,Medical,Germany,USA,1858,1070.0,11,19,Air,2146,1716.08,4,Rain,Medium,0.938,1291,101.29,3,Low,1,16
SHP101745,Supplier_A,Automotive,China,UK,1109,,7,22,Air,13113,3250.32,7,Clear,High,0.912,7037,94.94,3,Low,1,18
SHP101746,Supplier_D,Medical,Germany,Germany,1547,745.0,45,22,Sea,5407,3152.16,1,Rain,Low,0.857,1580,90.58,0,Medium,0,7
SHP101747,Supplier_B,Consumer_Goods,USA,UK,272,3396.0,6,13,Air,7836,1162.79,0,Clear,Medium,0.954,5200,87.97,1,High,0,7
SHP101748,Supplier_C,Medical,India,UK,913,4063.0,4,10,Air,3790,770.92,5,Storm,Low,0.94,1879,78.45,5,High,1,15
SHP101749,Supplier_E,Automotive,USA,Germany,1862,81.0,25,17,Rail,12317,3737.68,0,Clear,Medium,0.854,2482,118.68,5,High,0,14
SHP101750,Supplier_E,Automotive,China,USA,579,226.0,5,4,Sea,3366,2337.27,1,Rain,Medium,0.72,8070,74.57,5,Medium,1,16
SHP101751,Supplier_A,Automotive,Vietnam,India,1261,3014.0,35,19,Sea,4729,4026.02,7,Clear,Medium,0.864,7452,100.05,2,Low,1,21
SHP101752,Supplier_D,Consumer_Goods,USA,India,1475,2162.0,22,25,Road,2845,1940.73,7,Clear,Medium,0.803,6980,117.98,3,Low,1,20
SHP101753,Supplier_D,Automotive,India,India,306,3936.0,9,8,Rail,7123,2006.36,6,Rain,High,0.857,1314,88.75,0,Medium,1,17
SHP101754,Supplier_E,Electronics,China,India,703,1552.0,9,23,Air,8376,1510.61,1,Clear,Medium,0.888,9800,82.62,4,Low,0,14
SHP101755,Supplier_C,Automotive,USA,Canada,1209,2365.0,32,30,Road,2739,2851.76,6,Clear,High,0.887,4925,117.78,4,Medium,1,20
SHP101756,Supplier_B,Medical,Germany,India,1892,2694.0,28,15,Sea,5036,3319.76,4,Storm,Medium,0.895,3586,110.09,4,Medium,1,17
SHP101757,Supplier_C,Medical,Vietnam,Germany,640,115.0,5,10,Air,176,1515.64,1,Clear,Low,0.897,3119,102.75,3,Low,0,7
SHP101758,Supplier_B,Medical,China,India,493,4278.0,25,13,Sea,6573,2281.86,2,Storm,Medium,0.732,9569,100.6,4,Medium,1,15
SHP101759,Supplier_E,Consumer_Goods,USA,UK,467,1978.0,36,17,Sea,10722,2308.98,0,Clear,High,0.756,8352,88.01,4,Medium,0,13
SHP101760,Supplier_B,Medical,China,India,1365,634.0,16,15,Road,3604,2647.46,1,Clear,Medium,0.883,9325,102.07,4,Medium,0,14
SHP101761,Supplier_D,Consumer_Goods,Germany,USA,623,1798.0,10,20,Air,2524,2037.2,2,,High,0.818,4245,106.25,2,Medium,0,10
SHP101762,Supplier_A,Consumer_Goods,India,Germany,178,2254.0,43,20,Sea,6584,2491.33,1,Snow,Low,0.921,8777,71.59,4,Low,0,13
SHP101763,Supplier_A,Automotive,USA,Germany,1060,3680.0,26,27,Road,5396,2615.73,5,Clear,Medium,0.736,5488,75.88,0,High,1,16
SHP101764,Supplier_E,Electronics,China,Canada,390,1942.0,37,19,Sea,6667,1611.99,2,Storm,Medium,0.756,4135,85.76,3,High,1,18
SHP101765,Supplier_D,Automotive,China,UK,859,2479.0,32,24,Rail,6186,2080.04,3,Snow,Medium,0.862,5510,86.16,5,Medium,1,17
SHP101766,Supplier_C,Automotive,China,Germany,1330,3143.0,21,15,Rail,2321,2376.76,7,Clear,Medium,0.845,7546,115.03,2,Medium,1,21
SHP101767,Supplier_D,Consumer_Goods,India,USA,1041,1023.0,6,5,Sea,505,1506.1,2,Rain,Medium,0.777,2136,104.23,2,Medium,0,15
SHP101768,Supplier_A,Consumer_Goods,China,India,1797,4074.0,32,23,Rail,2229,1797.44,4,Rain,Medium,0.818,7208,88.68,3,High,1,15
SHP101769,Supplier_A,Medical,Vietnam,Germany,1639,2692.0,12,26,Air,12408,2922.61,6,Clear,Medium,0.71,2751,110.46,4,Low,1,22
SHP101770,Supplier_D,Medical,Vietnam,USA,1760,1492.0,6,9,Air,6934,2591.86,2,Clear,Low,0.711,5961,86.16,5,High,0,13
SHP101771,Supplier_D,Automotive,China,India,149,4379.0,26,14,Sea,497,2838.47,1,Clear,Medium,0.728,7544,119.54,5,Medium,1,17
SHP101772,Supplier_A,Raw_Materials,Vietnam,Canada,88,1527.0,9,6,Road,14765,3265.6,3,Rain,Medium,0.867,9481,109.08,4,High,1,17
SHP101773,Supplier_C,Raw_Materials,USA,Germany,1999,820.0,28,26,Road,14660,3495.7,7,Rain,Medium,0.95,8587,110.42,1,High,1,18
SHP101774,Supplier_E,Medical,Vietnam,Germany,312,355.0,60,29,Sea,10092,2129.76,7,Clear,Medium,0.775,7500,83.05,4,Medium,1,26
SHP101775,Supplier_E,Raw_Materials,China,USA,199,51.0,15,29,Air,3573,728.52,3,Clear,High,0.71,5973,77.25,5,Low,1,20
SHP101776,Supplier_D,Medical,Germany,UK,1706,320.0,14,28,Air,10100,3175.76,2,Snow,Medium,0.906,8141,89.48,0,High,0,8
SHP101777,Supplier_E,Consumer_Goods,USA,Canada,739,4566.0,13,13,Rail,5089,1775.18,1,Clear,High,0.948,1751,86.71,4,High,0,10
SHP101778,Supplier_A,Automotive,India,UK,862,3264.0,21,16,Rail,4026,1944.78,7,Rain,Medium,0.74,4589,108.49,3,Medium,1,23
SHP101779,Supplier_A,Electronics,China,Germany,1403,913.0,22,20,Road,2044,1712.3,3,Clear,Medium,0.812,1748,78.71,4,High,0,15
SHP101780,Supplier_D,Automotive,India,UK,1193,2789.0,11,9,Road,8729,3768.37,5,Storm,Medium,0.746,1364,96.37,3,Medium,1,21
SHP101781,Supplier_D,Medical,Germany,India,1657,2964.0,13,7,Sea,5491,3651.35,2,Storm,Medium,0.731,1266,101.41,2,High,1,15
SHP101782,Supplier_D,Medical,India,Canada,268,156.0,15,18,Air,5499,1035.8,2,Clear,Medium,0.888,4821,89.26,1,Medium,0,8
SHP101783,Supplier_C,Automotive,China,UK,955,3218.0,28,13,Sea,322,1058.33,6,Clear,Medium,0.981,5234,80.03,2,Medium,1,17
SHP101784,Supplier_E,Medical,China,India,1983,4694.0,22,24,Road,1710,3040.31,7,Clear,Low,0.897,6913,114.78,3,Medium,1,21
SHP101785,Supplier_D,Raw_Materials,Germany,USA,1887,2649.0,9,5,Sea,7930,2951.06,7,Clear,Medium,0.986,7809,76.94,1,Low,1,14
SHP101786,Supplier_B,Raw_Materials,China,UK,1196,2285.0,7,18,Air,10252,3159.77,7,Clear,High,0.826,4177,85.19,2,Medium,1,18
SHP101787,Supplier_B,Medical,Germany,Canada,293,2849.0,17,13,Rail,4704,2058.6,2,Rain,Medium,0.96,4220,107.83,4,High,0,13
SHP101788,Supplier_A,Medical,Germany,India,935,,15,12,Road,4100,1499.68,3,Clear,Medium,0.759,6529,100.27,5,Low,1,20
SHP101789,Supplier_E,Raw_Materials,China,UK,636,68.0,51,25,Sea,2764,2148.83,0,Clear,High,0.734,1702,106.53,5,Medium,0,19
SHP101790,Supplier_D,Medical,Vietnam,USA,567,908.0,28,25,Road,1165,1642.29,1,Rain,Medium,0.904,1200,110.44,4,Medium,0,17
SHP101791,Supplier_B,Medical,Germany,UK,1094,1466.0,8,4,Rail,13587,2545.68,4,Rain,Low,0.808,3013,114.77,1,Medium,0,15
SHP101792,Supplier_E,Automotive,China,India,239,3082.0,12,18,Air,5464,1500.21,4,Clear,High,0.792,4541,85.23,2,Medium,1,17
SHP101793,Supplier_A,Electronics,Vietnam,UK,1298,4555.0,41,19,Sea,9568,3075.13,7,Rain,Low,0.895,8155,93.72,0,Medium,1,19
SHP101794,Supplier_C,Raw_Materials,Germany,Canada,964,1476.0,24,12,Sea,5493,2641.88,1,Rain,Medium,0.797,4505,104.42,0,High,0,11
SHP101795,Supplier_E,Automotive,Vietnam,Germany,664,2581.0,40,20,Sea,7202,2395.58,0,Rain,Low,0.866,5159,109.74,0,Low,0,9
SHP101796,Supplier_E,Electronics,USA,India,905,4769.0,11,14,Road,7601,2507.9,6,Clear,Low,0.787,8080,98.89,2,Medium,1,18
SHP101797,Supplier_C,Medical,USA,India,515,4801.0,21,10,Sea,703,1084.25,6,Clear,Low,0.927,7683,95.69,5,Low,1,19
SHP101798,Supplier_E,Medical,Vietnam,India,148,4913.0,15,29,Air,5230,1441.13,6,Storm,Medium,0.791,7653,104.59,2,Low,1,21
SHP101799,Supplier_A,Automotive,Germany,India,879,4088.0,18,28,Air,6395,1309.25,6,Storm,Low,0.855,1068,89.1,2,High,1,20
SHP101800,Supplier_A,Medical,China,UK,1436,4163.0,2,5,Air,8480,2389.05,1,Rain,Low,0.707,5372,114.69,3,Low,0,13
SHP101801,Supplier_C,Consumer_Goods,India,Canada,1046,2281.0,56,29,Sea,7203,2456.87,2,Clear,High,0.93,7320,80.61,5,Low,1,18
SHP101802,Supplier_D,Automotive,China,USA,1156,2502.0,19,22,Road,8967,1975.59,5,Rain,High,0.88,4018,114.2,0,Medium,0,15
SHP101803,Supplier_B,Electronics,India,Canada,1766,2896.0,16,26,Air,737,2024.75,1,Storm,High,0.756,3653,102.18,0,High,0,15
SHP101804,Supplier_D,Automotive,India,India,1737,3252.0,5,5,Road,14646,4450.21,1,Clear,High,0.762,9532,100.03,0,Medium,0,10
SHP101805,Supplier_E,Raw_Materials,Germany,UK,105,1866.0,7,8,Road,10288,1718.93,5,Clear,Medium,0.776,9612,93.5,5,High,0,16
SHP101806,Supplier_B,Automotive,Vietnam,UK,1775,1830.0,8,4,Sea,1944,3085.8,3,Rain,High,0.867,3275,77.74,3,Low,1,14
SHP101807,Supplier_C,Medical,China,India,1095,4153.0,2,5,Road,14774,3432.17,4,Storm,Medium,0.859,2918,113.25,3,Medium,1,14
SHP101808,Supplier_C,Medical,Vietnam,UK,629,754.0,16,19,Road,146,300.0,7,Clear,Medium,0.779,1472,72.63,2,Medium,1,22
SHP101809,Supplier_B,Consumer_Goods,USA,India,234,1391.0,25,11,Sea,919,2383.36,4,Rain,Medium,0.901,4421,83.5,5,High,1,17
SHP101810,Supplier_A,Consumer_Goods,Germany,Canada,571,3512.0,12,6,Sea,3907,1348.69,7,Rain,Low,0.958,6929,75.49,5,Medium,1,20
SHP101811,Supplier_B,Consumer_Goods,Germany,Germany,1651,3640.0,25,24,Road,3122,2229.25,2,Rain,High,0.713,6765,75.34,0,Medium,1,15
SHP101812,Supplier_E,Electronics,USA,UK,313,1209.0,33,25,Rail,1180,1407.9,5,Rain,Medium,0.821,3087,89.52,0,Medium,0,14
SHP101813,Supplier_A,Consumer_Goods,China,India,1298,4676.0,7,4,Sea,3246,2287.93,6,Rain,Low,0.872,8817,78.02,5,Medium,1,19
SHP101814,Supplier_C,Electronics,USA,India,1708,3772.0,51,26,Sea,1377,2864.55,6,Clear,Low,0.87,9185,99.07,4,Medium,1,19
SHP101815,Supplier_B,Consumer_Goods,China,UK,1111,3488.0,58,30,Sea,12026,4091.07,2,Clear,Low,0.706,9447,101.36,5,Medium,0,15
SHP101816,Supplier_D,Electronics,India,USA,1052,3610.0,8,11,Air,6841,1759.68,3,Rain,High,0.761,4869,114.1,4,Low,1,19
SHP101817,Supplier_D,Automotive,Germany,India,172,3132.0,33,16,Sea,2317,1190.57,2,Clear,High,0.718,6716,84.98,4,Medium,1,18
SHP101818,Supplier_E,Automotive,China,UK,1903,1765.0,55,28,Sea,5365,2778.69,5,Rain,Medium,0.865,8996,85.46,3,Low,1,19
SHP101819,Supplier_D,Medical,Vietnam,India,1229,2293.0,8,13,Air,2986,1479.87,5,Rain,Medium,0.887,9730,82.32,2,High,1,17
SHP101820,Supplier_B,Electronics,Vietnam,USA,1979,1810.0,6,4,Sea,13444,4457.54,0,Clear,Low,0.746,4387,109.09,1,High,0,9
SHP101821,Supplier_B,Raw_Materials,Germany,Germany,350,4057.0,14,23,Air,5734,2109.23,3,Rain,High,0.797,1857,91.4,0,Medium,0,15
SHP101822,Supplier_D,Medical,USA,USA,882,1846.0,6,4,Sea,9087,2059.67,5,Clear,Low,0.796,1131,97.62,4,Low,1,18
SHP101823,Supplier_B,Automotive,USA,Canada,1140,2725.0,15,29,Air,3428,1760.37,5,Clear,High,0.938,6722,88.73,0,Low,0,15
SHP101824,Supplier_E,Electronics,China,UK,1978,3286.0,2,7,Air,7393,2227.92,3,Clear,Medium,0.756,3915,77.84,0,Medium,0,7
SHP101825,Supplier_A,Consumer_Goods,USA,USA,694,93.0,12,9,Road,3106,1907.98,6,Storm,High,0.859,3586,75.13,0,Medium,1,17
SHP101826,Supplier_E,Raw_Materials,Germany,Germany,923,538.0,34,24,Rail,11476,3228.46,1,Clear,Medium,0.927,4374,113.41,5,Low,0,13
SHP101827,Supplier_E,Automotive,China,India,443,4326.0,4,6,Air,7058,2248.82,6,Rain,Medium,0.941,3031,83.27,2,High,0,12
SHP101828,Supplier_B,Medical,India,UK,1725,3198.0,32,16,Sea,8072,2851.31,1,Clear,Medium,0.893,2925,117.08,0,Medium,0,8
SHP101829,Supplier_A,Electronics,USA,USA,1667,4773.0,7,4,Sea,10681,3971.2,0,Clear,High,0.787,3001,117.36,2,Low,0,13
SHP101830,Supplier_B,Raw_Materials,USA,Germany,1643,1006.0,50,25,Sea,4243,2744.98,6,Clear,High,0.939,5377,93.95,1,Low,1,17
SHP101831,Supplier_C,Electronics,China,USA,710,,27,14,Sea,14799,2780.59,5,Rain,Medium,0.915,7635,117.93,1,Medium,0,13
SHP101832,Supplier_B,Consumer_Goods,Vietnam,Canada,1478,1165.0,26,12,Sea,12150,2910.39,3,Clear,Medium,0.904,8366,71.42,3,Low,1,15
SHP101833,Supplier_B,Medical,USA,UK,1522,1831.0,27,27,Road,5617,2176.7,3,Clear,High,0.72,6494,74.58,0,Medium,0,12
SHP101834,Supplier_B,Electronics,Germany,India,1204,2876.0,2,3,Air,1318,1646.95,7,Rain,High,0.713,1665,82.17,4,Medium,1,24
SHP101835,Supplier_A,Automotive,USA,Germany,118,700.0,11,21,Air,8118,2266.18,1,Clear,Medium,0.902,7698,80.46,3,High,0,9
SHP101836,Supplier_B,Medical,India,USA,1418,1926.0,28,25,Road,10052,2706.81,6,Clear,Low,0.974,6441,82.63,5,Medium,1,21
SHP101837,Supplier_A,Automotive,USA,UK,811,390.0,18,18,Road,9016,2572.32,4,Clear,Low,0.924,2646,92.61,3,Medium,0,10
SHP101838,Supplier_D,Electronics,Vietnam,USA,369,3000.0,38,17,Sea,1444,1333.65,4,Clear,High,0.941,5507,73.15,1,High,0,13
SHP101839,Supplier_C,Medical,USA,UK,226,3425.0,34,16,Sea,14205,2596.57,5,Rain,Low,0.858,6599,97.77,4,Medium,1,16
SHP101840,Supplier_A,Automotive,China,Canada,633,2495.0,24,11,Sea,237,1142.41,1,Clear,Low,0.788,2163,85.47,0,Medium,0,8
SHP101841,Supplier_D,Consumer_Goods,USA,USA,1602,2800.0,45,23,Sea,4550,2725.57,5,Clear,Low,0.897,3925,73.58,0,Low,0,18
SHP101842,Supplier_A,Consumer_Goods,Vietnam,Canada,1914,2194.0,48,25,Sea,14256,3838.01,2,Storm,Medium,0.906,7833,107.66,1,Medium,0,14
SHP101843,Supplier_A,Electronics,China,Germany,1233,1404.0,34,17,Sea,13481,4072.31,3,Storm,Medium,0.896,8671,102.67,5,Medium,1,17
SHP101844,Supplier_C,Medical,Germany,Canada,631,3326.0,54,28,Sea,5006,2867.23,6,Storm,Medium,0.975,6052,109.67,2,Medium,1,21
SHP101845,Supplier_E,Raw_Materials,China,UK,1698,498.0,5,9,Road,13993,4411.73,6,Storm,Low,0.806,6913,116.96,1,Low,1,18
SHP101846,Supplier_E,Medical,India,Germany,1817,4222.0,5,6,Road,11846,3726.34,5,Rain,High,0.712,9924,99.29,4,Medium,1,20
SHP101847,Supplier_A,Consumer_Goods,China,USA,1606,4694.0,43,23,Sea,14131,4369.81,0,Rain,High,0.963,5486,109.34,2,High,0,9
SHP101848,Supplier_B,Automotive,Germany,USA,1208,847.0,42,20,Sea,2859,1257.54,6,Rain,Low,0.747,8311,79.96,4,High,1,21
SHP101849,Supplier_D,Raw_Materials,USA,UK,1848,3546.0,18,10,Sea,158,1855.22,4,Rain,Low,0.902,7879,90.52,0,Low,0,14
SHP101850,Supplier_B,Electronics,China,India,160,4960.0,25,14,Sea,870,447.44,5,Rain,Medium,0.953,1026,96.5,2,Medium,1,12
SHP101851,Supplier_B,Raw_Materials,China,India,1048,2232.0,33,17,Sea,488,1556.67,2,Clear,High,0.79,8911,97.06,4,Low,0,17
SHP101852,Supplier_A,Electronics,China,USA,807,3376.0,23,17,Rail,12216,3321.56,3,Storm,High,0.941,3670,105.92,0,Low,0,14
SHP101853,Supplier_A,Raw_Materials,China,UK,332,695.0,18,19,Road,3522,1674.28,7,Rain,Medium,0.796,6627,109.8,4,Medium,1,22
SHP101854,Supplier_A,Electronics,Germany,India,1593,769.0,7,4,Rail,7112,3053.52,6,Storm,High,0.93,1883,103.34,2,Medium,1,16
SHP101855,Supplier_A,Electronics,Vietnam,Canada,1869,1572.0,15,14,Road,12726,3640.31,7,Clear,Low,0.72,6910,72.36,0,Low,1,16
SHP101856,Supplier_E,Raw_Materials,Vietnam,USA,1792,1119.0,7,5,Rail,4952,2311.39,2,Clear,Low,0.89,1126,87.56,4,Low,0,11
SHP101857,Supplier_A,Raw_Materials,China,Canada,243,4793.0,8,9,Road,695,1015.92,7,Clear,Medium,0.896,2479,98.62,3,Medium,1,16
SHP101858,Supplier_E,Electronics,Germany,UK,1016,4937.0,11,8,Rail,8727,2732.38,5,Clear,High,0.843,9510,95.39,2,Medium,1,16
SHP101859,Supplier_E,Consumer_Goods,Germany,Canada,1120,4724.0,3,16,Air,9765,2917.48,3,Clear,Medium,0.899,3488,72.24,2,Medium,0,13
SHP101860,Supplier_A,Raw_Materials,China,India,1027,3125.0,12,25,Air,12764,2713.73,3,Clear,High,0.968,1340,119.03,2,Medium,0,12
SHP101861,Supplier_C,Medical,India,India,391,3857.0,60,29,Sea,2082,1458.64,1,Clear,High,0.913,5873,117.81,5,Medium,0,15
SHP101862,Supplier_D,Automotive,China,Germany,1315,3411.0,8,7,Rail,10730,2433.74,1,Clear,Medium,0.979,7856,108.69,0,High,0,1
SHP101863,Supplier_B,Electronics,India,USA,571,2206.0,13,6,Sea,14916,2929.21,7,Rain,Low,0.83,7101,72.77,2,Medium,1,19
SHP101864,Supplier_E,Electronics,China,UK,1443,4605.0,5,17,Air,11160,2869.9,0,Storm,Low,0.853,2605,91.51,4,Medium,0,11
SHP101865,Supplier_D,Automotive,India,USA,850,2363.0,19,9,Sea,12501,3207.35,0,Clear,High,0.776,6277,90.49,3,Medium,0,12
SHP101866,Supplier_C,Consumer_Goods,India,Canada,952,3555.0,4,5,Road,12109,2108.89,6,Rain,Low,0.986,6836,97.9,4,Low,0,14
SHP101867,Supplier_B,Automotive,China,UK,180,4189.0,29,15,Sea,9065,1461.15,7,Clear,Low,0.716,3408,72.8,4,Medium,1,22
SHP101868,Supplier_B,Raw_Materials,India,UK,1343,682.0,11,12,Road,10218,2325.91,2,Clear,High,0.804,3839,91.18,2,High,0,13
SHP101869,Supplier_E,Automotive,USA,India,863,2249.0,33,25,Rail,10511,2641.32,1,Rain,High,0.786,2108,107.89,3,Medium,1,16
SHP101870,Supplier_A,Electronics,Vietnam,Canada,110,3113.0,4,4,Rail,8309,2531.95,3,Rain,Low,0.812,5454,119.9,3,Medium,0,15
SHP101871,Supplier_C,Automotive,Germany,India,213,2960.0,28,14,Sea,4430,1819.69,1,Storm,High,0.966,7870,99.77,3,Medium,0,13
SHP101872,Supplier_E,Medical,India,India,1598,672.0,58,30,Sea,5529,2540.39,7,Clear,Low,0.807,8554,117.03,3,Medium,1,21
SHP101873,Supplier_C,Raw_Materials,India,Germany,321,410.0,51,26,Sea,12258,2597.32,3,Storm,Medium,0.966,8414,119.93,1,High,1,16
SHP101874,Supplier_A,Automotive,Germany,India,1793,2417.0,60,30,Sea,1792,2794.15,1,Clear,Medium,0.823,2925,91.74,3,Low,0,16
SHP101875,Supplier_A,Electronics,India,USA,1831,259.0,12,24,Air,2870,2408.67,3,Clear,High,0.948,7094,103.43,2,High,0,14
SHP101876,Supplier_E,Raw_Materials,Germany,UK,182,3517.0,15,14,Road,4476,1089.87,7,Clear,Low,0.851,8633,80.66,5,Medium,1,21
SHP101877,Supplier_A,Electronics,China,India,1317,980.0,43,21,Sea,5026,1479.49,2,Rain,Medium,0.79,5400,93.78,3,Low,1,21
SHP101878,Supplier_D,Consumer_Goods,USA,USA,1879,4634.0,29,21,Rail,3367,2655.38,1,Clear,Low,0.83,2976,73.92,4,Medium,0,14
SHP101879,Supplier_B,Medical,USA,Canada,1047,3993.0,31,23,Rail,9430,2465.01,4,Clear,High,0.823,5629,71.46,1,Medium,1,14
SHP101880,Supplier_E,Consumer_Goods,Vietnam,UK,1507,4746.0,2,5,Air,7664,3419.48,4,Rain,Medium,0.775,3082,114.65,4,Low,1,19
SHP101881,Supplier_C,Medical,India,Canada,87,4919.0,8,8,Rail,1795,1054.72,3,Clear,Medium,0.784,4444,112.92,2,Medium,0,14
SHP101882,Supplier_D,Automotive,Vietnam,USA,1944,927.0,8,4,Road,14078,3642.26,2,Clear,Low,0.754,1758,85.6,2,Low,0,11
SHP101883,Supplier_E,Raw_Materials,China,Canada,1641,4845.0,54,26,Sea,1686,2313.9,3,Clear,Medium,0.797,4094,92.85,5,Medium,1,18
SHP101884,Supplier_A,Automotive,USA,Canada,1392,2549.0,29,15,Sea,12805,4003.75,2,Clear,Medium,0.881,5379,94.68,5,Medium,1,14
SHP101885,Supplier_A,Medical,China,Canada,1583,2573.0,59,29,Sea,10623,3835.93,7,Rain,High,0.812,1112,96.04,3,Medium,1,20
SHP101886,Supplier_A,Medical,China,India,1449,4401.0,59,30,Sea,4780,2076.22,0,Rain,Medium,0.907,3420,76.73,5,High,0,9
SHP101887,Supplier_A,Medical,India,India,1633,441.0,30,29,Road,5547,1941.32,1,Clear,High,0.986,6283,108.75,2,High,0,10
SHP101888,Supplier_C,Electronics,China,India,666,3952.0,4,11,Air,5560,2312.1,2,Clear,Medium,0.809,1821,87.39,1,High,0,9
SHP101889,Supplier_D,Raw_Materials,USA,UK,523,2371.0,16,15,Road,10961,2097.34,7,Storm,Medium,0.834,4639,71.58,5,Medium,1,23
SHP101890,Supplier_B,Automotive,Vietnam,USA,108,4990.0,50,25,Sea,8065,2404.25,3,Clear,Medium,0.748,6764,103.83,4,Medium,1,18
SHP101891,Supplier_C,Automotive,USA,India,638,4031.0,9,16,Air,2368,1365.78,6,Rain,Medium,0.814,2819,111.49,2,Medium,1,15
SHP101892,Supplier_C,Consumer_Goods,India,Canada,548,188.0,47,21,Sea,10348,1916.86,6,Clear,High,0.911,1276,115.91,5,Medium,1,22
SHP101893,Supplier_B,Medical,USA,Canada,1291,152.0,26,13,Sea,14320,4650.64,0,Clear,Medium,0.763,7631,103.72,5,Low,0,14
SHP101894,Supplier_B,Medical,Germany,Canada,1968,533.0,28,16,Sea,7349,3816.4,6,Snow,Medium,0.753,9011,79.56,2,Medium,1,21
SHP101895,Supplier_A,Medical,Vietnam,Canada,616,4369.0,9,18,Air,13219,2780.29,3,Rain,Low,0.809,1275,99.49,1,Medium,0,14
SHP101896,Supplier_C,Automotive,Germany,Germany,616,4123.0,15,12,Rail,7561,1814.49,4,Clear,Low,0.937,7333,115.59,0,High,0,8
SHP101897,Supplier_E,Consumer_Goods,Germany,UK,1202,1898.0,17,22,Road,10714,3166.6,4,Clear,Medium,0.881,2893,87.53,0,Low,0,14
SHP101898,Supplier_B,Electronics,India,USA,953,1934.0,7,18,Air,12921,2883.34,1,Clear,Medium,0.978,1592,117.67,1,Low,0,8
SHP101899,Supplier_B,Raw_Materials,China,USA,432,3255.0,60,30,Sea,3586,1290.3,5,Clear,High,0.962,2387,74.88,2,Low,1,19
SHP101900,Supplier_D,Electronics,Germany,India,1461,2211.0,58,28,Sea,13510,3850.74,1,Snow,Low,0.744,4995,106.4,1,High,1,15
SHP101901,Supplier_E,Automotive,USA,Germany,134,1514.0,4,4,Air,5901,1405.84,6,Storm,Low,0.712,8093,76.0,1,Low,1,20
SHP101902,Supplier_E,Medical,China,USA,1583,693.0,30,27,Road,2849,1988.1,0,Clear,Medium,0.816,6072,109.94,0,High,0,8
SHP101903,Supplier_B,Raw_Materials,USA,UK,1799,3486.0,17,18,Road,7885,2993.2,6,Clear,High,0.851,6133,74.88,3,High,1,19
SHP101904,Supplier_A,Automotive,USA,Canada,676,4603.0,14,16,Road,7075,2494.31,4,Rain,Medium,0.85,7699,86.29,5,High,1,16
SHP101905,Supplier_D,Automotive,China,India,1510,660.0,8,23,Air,12333,2744.87,7,Clear,Medium,0.739,4105,108.84,2,High,1,20
SHP101906,Supplier_E,Automotive,China,UK,875,,39,30,Rail,11116,2749.31,2,Rain,Medium,0.736,7890,93.01,4,High,0,19
SHP101907,Supplier_B,Raw_Materials,USA,USA,342,1593.0,39,20,Sea,1505,1385.11,4,Rain,Low,0.714,6905,114.13,1,Low,0,16
SHP101908,Supplier_E,Raw_Materials,India,Germany,1122,3589.0,35,28,Rail,10178,,5,Rain,Medium,0.947,2903,90.09,0,Low,1,17
SHP101909,Supplier_D,Consumer_Goods,Vietnam,India,1140,1516.0,2,8,Air,11279,2797.88,1,Rain,High,0.975,4361,119.75,3,High,0,9
SHP101910,Supplier_D,Consumer_Goods,Vietnam,USA,836,966.0,17,9,Sea,3675,2482.27,3,Rain,High,0.734,3998,70.93,2,Low,1,18
SHP101911,Supplier_C,Electronics,India,India,178,1231.0,28,15,Sea,12834,2530.39,6,Snow,Medium,0.762,2341,104.8,1,Low,1,18
SHP101912,Supplier_B,Raw_Materials,China,USA,78,2196.0,2,4,Air,2827,1271.16,0,Clear,Low,0.726,2861,115.79,0,Low,0,3
SHP101913,Supplier_D,Raw_Materials,USA,Canada,1416,2322.0,20,17,Road,6587,2820.21,5,Storm,Medium,0.954,3455,96.8,1,Medium,1,18
SHP101914,Supplier_C,Raw_Materials,Vietnam,Germany,1618,901.0,19,19,Road,14860,4015.73,4,Clear,High,0.978,4792,119.43,4,Medium,0,15
SHP101915,Supplier_C,Consumer_Goods,USA,Canada,1192,4586.0,7,15,Air,13012,2654.75,2,Clear,Low,0.776,6864,105.4,2,Low,0,13
SHP101916,Supplier_E,Automotive,India,USA,741,769.0,11,9,Road,10155,2447.87,5,Clear,High,0.788,7991,91.48,5,Medium,1,19
SHP101917,Supplier_E,Medical,USA,UK,1736,4730.0,5,3,Sea,10645,3351.82,7,Rain,High,0.805,6896,95.77,2,Medium,1,19
SHP101918,Supplier_C,Consumer_Goods,India,Canada,182,2064.0,3,5,Air,6391,701.69,7,Clear,Medium,0.846,2308,113.87,2,High,1,19
SHP101919,Supplier_E,Raw_Materials,China,UK,1400,3522.0,30,22,Rail,11188,3119.55,2,Storm,Medium,0.898,9131,117.88,2,Low,1,15
SHP101920,Supplier_D,Consumer_Goods,India,USA,1258,3692.0,24,20,Rail,13119,3172.32,2,Rain,Medium,0.846,9089,97.79,0,Low,0,12
SHP101921,Supplier_A,Electronics,India,Germany,1579,3920.0,17,9,Sea,2601,2258.78,0,Clear,Medium,0.976,8797,85.36,4,Medium,0,9
SHP101922,Supplier_D,Raw_Materials,Vietnam,UK,695,113.0,43,23,Sea,1037,988.71,7,Rain,Low,0.729,4213,81.97,1,High,1,18
SHP101923,Supplier_C,Electronics,USA,USA,738,4913.0,36,19,Sea,10372,3199.68,2,Storm,Low,0.932,9438,93.85,0,Medium,0,12
SHP101924,Supplier_C,Raw_Materials,Vietnam,UK,583,609.0,29,30,Road,1855,1767.3,2,Rain,Low,0.797,3224,84.82,3,Low,0,16
SHP101925,Supplier_D,Consumer_Goods,Germany,Canada,1314,1783.0,19,14,Rail,13912,3400.8,7,Clear,High,0.809,3858,91.04,2,Low,1,22
SHP101926,Supplier_E,Automotive,India,USA,1662,719.0,34,18,Sea,3490,2359.21,4,Storm,Medium,0.906,2367,111.72,2,Medium,0,16
SHP101927,Supplier_E,Medical,Germany,Canada,1789,3944.0,26,26,Road,5916,2399.01,0,Rain,Medium,0.97,6144,93.6,1,Medium,0,5
SHP101928,Supplier_C,Electronics,Vietnam,India,565,1592.0,23,12,Sea,1316,1529.8,7,Clear,High,0.908,1702,102.04,2,High,1,19
SHP101929,Supplier_B,Consumer_Goods,USA,USA,1913,1321.0,49,25,Sea,1303,2936.26,7,Clear,Medium,0.925,2550,74.51,2,Medium,1,21
SHP101930,Supplier_E,Automotive,Vietnam,UK,1009,2465.0,25,18,Rail,1990,1207.14,3,Clear,Medium,0.918,7671,108.11,1,Medium,0,8
SHP101931,Supplier_D,Consumer_Goods,USA,India,214,2841.0,47,22,Sea,11323,2355.5,7,Storm,Medium,0.793,2333,94.15,4,Medium,1,23
SHP101932,Supplier_E,Electronics,USA,Canada,976,4763.0,37,20,Sea,13929,3657.08,3,Clear,Medium,0.92,2798,88.05,0,Medium,0,10
SHP101933,Supplier_D,Medical,China,Canada,982,3104.0,18,17,Road,8682,2873.41,2,Clear,Medium,0.928,4455,100.55,4,Medium,0,9
SHP101934,Supplier_C,Consumer_Goods,India,UK,1713,2508.0,54,25,Sea,7788,2601.12,5,Storm,High,0.855,4365,75.1,1,Low,1,20
SHP101935,Supplier_E,Raw_Materials,Vietnam,India,606,3115.0,28,13,Sea,6600,1902.95,7,Clear,High,0.856,9855,90.7,5,Medium,1,23
SHP101936,Supplier_D,Automotive,USA,Germany,1291,1213.0,27,20,Rail,6816,1488.26,1,Storm,Low,0.92,3627,110.55,5,Medium,1,16
SHP101937,Supplier_C,Consumer_Goods,Vietnam,UK,1820,4609.0,4,8,Road,10803,3858.4,0,Clear,High,0.937,3084,83.1,5,Medium,0,11
SHP101938,Supplier_B,Automotive,Vietnam,Canada,1721,2799.0,5,3,Road,11269,2767.22,6,Clear,High,0.798,5973,115.7,2,Low,1,17
SHP101939,Supplier_D,Raw_Materials,USA,USA,729,1998.0,53,25,Sea,3846,2270.45,1,Clear,Low,0.932,3149,100.18,2,Medium,0,12
SHP101940,Supplier_B,Medical,Germany,India,1042,109.0,19,9,Sea,8390,3610.98,0,Storm,Low,0.936,4426,97.04,4,Low,0,9
SHP101941,Supplier_B,Medical,India,Germany,1822,,20,14,Rail,2295,3101.51,0,Rain,Medium,0.768,7608,89.98,3,Low,0,11
SHP101942,Supplier_A,Raw_Materials,India,USA,1678,382.0,46,22,Sea,4765,2035.84,4,,Medium,0.908,7837,107.1,0,High,0,14
SHP101943,Supplier_E,Automotive,China,India,1078,4221.0,4,6,Air,13114,3265.95,7,Rain,Medium,0.754,1479,98.22,2,Medium,1,18
SHP101944,Supplier_D,Consumer_Goods,China,UK,1741,239.0,26,12,Sea,9293,4040.59,2,Clear,Medium,0.727,4730,109.83,1,Medium,0,13
SHP101945,Supplier_B,Raw_Materials,China,UK,806,3610.0,43,23,Sea,7449,3014.37,4,Clear,Medium,0.867,7359,86.58,4,High,0,18
SHP101946,Supplier_A,Electronics,India,India,1945,345.0,7,4,Air,9862,1872.43,7,Clear,Low,0.964,8142,105.1,0,Medium,0,10
SHP101947,Supplier_C,Automotive,Germany,Germany,1154,2598.0,16,11,Rail,4498,2009.29,5,Rain,Low,0.71,2350,117.17,5,Medium,1,20
SHP101948,Supplier_D,Medical,India,India,1320,226.0,17,12,Rail,3729,1347.52,6,Snow,Medium,0.94,9891,84.0,3,Low,1,18
SHP101949,Supplier_B,Raw_Materials,India,USA,904,849.0,45,22,Sea,7866,2561.56,1,Clear,Medium,0.847,3647,119.05,5,Low,1,17
SHP101950,Supplier_E,Medical,India,USA,542,855.0,9,13,Road,6247,2305.55,1,Rain,Medium,0.95,6366,90.53,5,Medium,0,13
SHP101951,Supplier_A,Automotive,India,UK,698,1792.0,30,27,Rail,14542,3980.41,3,Snow,High,0.945,6108,71.93,2,High,1,16
SHP101952,Supplier_B,Medical,Germany,India,1459,264.0,17,16,Road,14510,3822.38,5,Clear,Low,0.954,2721,87.89,4,Medium,1,15
SHP101953,Supplier_E,Raw_Materials,China,UK,1648,1929.0,2,5,Air,1163,2069.23,6,Storm,Low,0.923,4159,77.48,2,Low,1,17
SHP101954,Supplier_B,Automotive,Vietnam,Germany,1041,2750.0,15,27,Air,8930,2031.66,5,Clear,Low,0.944,1333,85.21,4,Medium,1,17
SHP101955,Supplier_D,Electronics,China,USA,1380,646.0,2,3,Air,11034,2364.02,7,Rain,Medium,0.751,9855,74.8,3,Low,1,19
SHP101956,Supplier_D,Raw_Materials,China,Canada,677,1767.0,4,9,Air,9434,2311.33,4,Clear,Medium,0.788,9970,78.91,1,High,1,15
SHP101957,Supplier_D,Consumer_Goods,Vietnam,Canada,674,1405.0,11,6,Sea,10412,2745.45,7,Clear,Medium,0.77,2223,76.33,1,Medium,0,19
SHP101958,Supplier_A,Raw_Materials,India,India,592,4273.0,17,9,Sea,8843,2787.36,4,Clear,Medium,0.915,4454,72.17,0,High,0,11
SHP101959,Supplier_D,Automotive,Germany,India,56,1342.0,7,18,Air,3375,1125.29,5,Snow,Medium,0.745,6877,84.81,2,Low,1,18
SHP101960,Supplier_E,Raw_Materials,Germany,Canada,1999,2648.0,4,12,Air,1076,2949.72,4,Storm,Medium,0.753,7359,117.05,2,Low,1,21
SHP101961,Supplier_B,Electronics,China,India,1003,3487.0,35,17,Sea,12483,4019.82,3,Clear,Medium,0.955,3633,117.47,2,Medium,0,13
SHP101962,Supplier_C,Electronics,Vietnam,USA,564,4764.0,37,18,Sea,11642,2605.87,7,Snow,Medium,0.905,7815,,1,High,1,16
SHP101963,Supplier_E,Consumer_Goods,USA,Germany,1892,191.0,2,8,Road,11506,3660.04,6,Rain,Low,0.954,6374,70.61,0,Medium,1,13
SHP101964,Supplier_E,Medical,India,Germany,804,3266.0,3,6,Air,11839,2501.0,6,Storm,High,0.74,2016,71.41,1,High,1,18
SHP101965,Supplier_D,Automotive,China,UK,1641,2889.0,6,6,Road,11223,2721.63,4,Clear,Medium,0.816,5533,70.52,5,Low,0,17
SHP101966,Supplier_A,Automotive,Germany,USA,122,4390.0,35,26,Rail,4169,2469.28,4,Clear,Medium,0.782,1005,88.33,4,Medium,1,16
SHP101967,Supplier_B,Medical,Vietnam,India,59,3563.0,26,25,Road,13579,2660.34,6,Rain,Medium,0.703,4987,119.01,2,Medium,1,21
SHP101968,Supplier_A,Electronics,Vietnam,India,1646,2800.0,7,6,Road,12277,3555.99,5,Clear,High,0.783,7719,114.84,4,Medium,1,19
SHP101969,Supplier_B,Electronics,China,UK,611,1764.0,37,29,Rail,14712,3400.54,6,Clear,Low,0.81,4792,82.53,5,Medium,1,21
SHP101970,Supplier_B,Raw_Materials,USA,UK,171,1185.0,11,24,Air,6502,1862.4,5,Clear,Low,0.727,9704,90.51,3,Medium,1,17
SHP101971,Supplier_A,Consumer_Goods,Germany,India,736,3771.0,28,24,Rail,12433,3426.48,4,Clear,Medium,0.864,5964,111.22,4,Medium,1,16
SHP101972,Supplier_E,Consumer_Goods,China,India,562,1959.0,19,19,Road,445,733.6,4,Clear,Medium,0.811,1974,107.93,4,Low,0,14
SHP101973,Supplier_B,Consumer_Goods,USA,USA,1039,2297.0,12,15,Road,5042,2738.64,7,Snow,Low,0.713,3733,76.63,4,Low,1,25
SHP101974,Supplier_A,Raw_Materials,Vietnam,UK,490,4566.0,7,4,Sea,3042,1816.15,7,Clear,High,0.904,1620,75.39,1,Medium,1,14
SHP101975,Supplier_B,Consumer_Goods,India,USA,1111,4152.0,41,22,Sea,7504,2951.03,5,Clear,Medium,0.911,8595,97.19,4,Medium,1,19
SHP101976,Supplier_C,Medical,Germany,India,751,1598.0,11,8,Road,1176,1045.09,1,Clear,High,0.942,9785,75.11,5,Medium,0,11
SHP101977,Supplier_E,Raw_Materials,Germany,Canada,640,2689.0,21,24,Road,9463,1950.88,2,Rain,Medium,0.841,6852,111.25,2,Medium,0,14
SHP101978,Supplier_D,Medical,USA,Canada,1418,4816.0,2,3,Road,3870,1715.12,1,Rain,High,0.981,9814,82.67,0,Medium,0,7
SHP101979,Supplier_B,Raw_Materials,China,India,1411,4561.0,6,10,Air,5752,1934.28,4,Rain,Medium,0.965,8303,79.42,3,Medium,0,11
SHP101980,Supplier_C,Consumer_Goods,Vietnam,UK,1775,2881.0,42,20,Sea,11453,3870.18,0,Clear,Medium,0.86,5529,79.28,2,Low,0,12
SHP101981,Supplier_D,Medical,USA,Canada,1257,1056.0,45,23,Sea,8524,2312.22,0,Clear,High,0.829,4919,72.26,0,Medium,0,10
SHP101982,Supplier_D,Medical,India,UK,116,3271.0,15,6,Sea,12090,3576.6,3,Rain,Low,0.701,9509,102.09,2,High,0,14
SHP101983,Supplier_B,Medical,India,Canada,66,3112.0,3,7,Air,8148,1875.96,1,Storm,High,0.906,3582,78.22,4,High,1,14
SHP101984,Supplier_A,Raw_Materials,India,UK,1456,4573.0,6,7,Air,12438,2319.49,5,Rain,Medium,0.864,2524,81.67,3,High,0,17
SHP101985,Supplier_B,Automotive,USA,Canada,417,3102.0,34,17,Sea,13052,3579.87,7,Clear,High,0.972,8226,107.57,2,Low,1,18
SHP101986,Supplier_C,Consumer_Goods,Vietnam,UK,953,4479.0,21,12,Sea,12199,3007.56,3,Clear,Medium,0.872,1892,72.87,3,Low,0,15
SHP101987,Supplier_D,Medical,Germany,USA,1389,2369.0,3,10,Air,11991,2371.95,3,Clear,High,0.988,9819,80.14,1,Medium,0,9
SHP101988,Supplier_B,Automotive,China,UK,1570,3589.0,36,28,Rail,550,2614.74,0,Rain,Low,0.948,6323,77.47,1,Medium,0,7
SHP101989,Supplier_A,Consumer_Goods,Germany,USA,1881,2416.0,11,9,Road,9654,2737.36,1,Clear,Medium,0.977,4021,70.24,4,Low,0,9
SHP101990,Supplier_B,Consumer_Goods,Vietnam,USA,770,576.0,15,14,Road,450,1463.27,2,Clear,Medium,0.795,2454,96.97,4,Medium,0,12
SHP101991,Supplier_E,Medical,Germany,India,1418,2857.0,16,27,Air,10988,3131.88,6,Clear,High,0.743,1552,79.5,1,Medium,1,20
SHP101992,Supplier_A,Medical,USA,USA,1007,1245.0,29,30,Road,9600,3207.66,5,Clear,Low,0.931,1675,101.65,2,High,0,13
SHP101993,Supplier_C,Raw_Materials,India,Germany,1626,1803.0,23,13,Sea,4104,2883.6,1,Clear,Medium,0.928,8760,95.09,0,High,0,5
SHP101994,Supplier_D,Automotive,Vietnam,USA,957,1722.0,21,15,Rail,11217,2049.48,7,Clear,Medium,0.761,5397,103.39,0,Low,1,18
SHP101995,Supplier_B,Automotive,Vietnam,UK,1038,2078.0,18,17,Road,4778,1643.21,3,Rain,Low,0.922,4264,119.08,1,Low,0,13
SHP101996,Supplier_A,Medical,Germany,USA,522,1704.0,38,19,Sea,344,2013.72,4,Clear,Medium,0.869,5993,80.99,0,Medium,0,15
SHP101997,Supplier_E,Consumer_Goods,USA,UK,164,4599.0,30,24,Rail,4745,2023.21,3,Clear,High,0.732,9807,103.29,2,Low,0,12
SHP101998,Supplier_A,Medical,Germany,UK,149,4891.0,11,24,Air,13115,2606.35,1,Clear,Medium,0.846,5227,111.68,0,Low,0,9
SHP101999,Supplier_E,Consumer_Goods,Germany,Germany,1958,4091.0,8,20,Air,4834,2194.74,0,Clear,Medium,0.97,6289,117.87,5,High,0,10
SHP102000,Supplier_C,Consumer_Goods,Vietnam,USA,487,897.0,30,29,Road,12971,2144.54,6,Rain,High,0.847,5980,101.12,0,High,1,18
SHP102001,Supplier_D,Medical,Germany,USA,1418,917.0,6,10,Air,10565,1916.12,1,Clear,Low,0.929,8814,76.54,5,Medium,0,9
SHP102002,Supplier_C,Electronics,India,Canada,398,823.0,7,8,Air,540,806.85,2,Rain,Medium,0.708,6666,72.69,1,High,1,15
SHP102003,Supplier_B,Automotive,Germany,Canada,188,592.0,13,13,Road,11837,2449.21,5,Rain,Medium,0.911,8647,83.93,3,Low,0,19
SHP102004,Supplier_A,Consumer_Goods,India,India,877,4467.0,57,28,Sea,9759,3759.42,5,Storm,High,0.975,8371,116.41,3,Medium,1,20
SHP102005,Supplier_E,Consumer_Goods,Vietnam,UK,373,835.0,8,11,Road,6015,1739.54,4,Clear,Medium,0.845,9662,96.85,2,Medium,0,13
SHP102006,Supplier_E,Electronics,USA,Germany,895,3355.0,37,28,Rail,511,1565.84,4,Clear,Medium,0.798,2955,98.97,3,High,1,18
SHP102007,Supplier_A,Raw_Materials,India,Canada,1375,4685.0,15,7,Sea,913,2597.69,3,Rain,Low,0.888,3396,100.53,4,Low,0,15
SHP102008,Supplier_A,Electronics,USA,USA,343,2933.0,3,9,Air,12633,2001.76,1,Clear,Medium,0.966,3090,86.61,1,High,0,5
SHP102009,Supplier_B,Electronics,USA,India,1602,498.0,15,24,Air,4778,2117.78,5,Clear,High,0.751,3823,79.08,5,High,1,21
SHP102010,Supplier_C,Consumer_Goods,India,Germany,1907,3360.0,13,29,Air,1830,2282.64,0,Rain,Low,0.817,3529,117.71,5,Medium,0,16
SHP102011,Supplier_E,Automotive,Vietnam,USA,1017,4635.0,9,17,Air,6743,1896.55,2,Clear,Low,0.745,8544,107.77,3,Medium,0,16
SHP102012,Supplier_B,Electronics,China,USA,1365,1955.0,12,23,Air,13369,3181.23,3,Clear,High,0.844,5173,95.55,0,High,0,13
SHP102013,Supplier_C,Raw_Materials,USA,UK,123,4609.0,46,24,Sea,2074,1307.35,1,Rain,Medium,0.857,7959,88.84,3,Low,0,16
SHP102014,Supplier_B,Medical,USA,UK,1848,4459.0,12,6,Sea,649,2542.8,0,Snow,Medium,0.974,9838,94.14,1,Low,0,10
SHP102015,Supplier_E,Electronics,Vietnam,Canada,533,3301.0,21,21,Road,14552,2238.9,1,Storm,High,0.82,9955,71.68,0,Low,0,13
SHP102016,Supplier_A,Electronics,Vietnam,Canada,65,434.0,20,15,Rail,13775,2922.12,0,Clear,High,0.864,3326,82.37,0,Medium,0,9
SHP102017,Supplier_A,Raw_Materials,Germany,USA,1599,344.0,2,3,Road,2037,2935.46,7,Clear,High,0.957,1458,82.54,5,High,1,19
SHP102018,Supplier_C,Automotive,Vietnam,USA,1409,1288.0,7,3,Sea,303,2409.01,6,Clear,High,0.793,9883,92.27,1,Medium,1,20
SHP102019,Supplier_D,Electronics,USA,Canada,842,4907.0,14,24,Air,12738,2145.62,1,Clear,Medium,0.896,3572,81.81,2,Medium,0,10
SHP102020,Supplier_C,Electronics,India,Canada,1946,2866.0,18,16,Road,12706,,1,Rain,High,0.92,6940,79.27,2,High,0,12
SHP102021,Supplier_D,Automotive,China,USA,565,1148.0,24,11,Sea,3688,1840.55,7,Clear,Medium,0.796,3539,108.28,1,Medium,1,18
SHP102022,Supplier_B,Raw_Materials,Germany,Germany,974,1787.0,11,26,Air,7183,2496.91,6,Clear,High,0.748,5169,114.68,5,High,1,24
SHP102023,Supplier_B,Electronics,India,USA,1200,2239.0,15,14,Road,2636,1522.92,5,Snow,High,0.846,7073,73.36,1,High,1,17
SHP102024,Supplier_E,Automotive,China,Germany,873,2815.0,37,20,Sea,5888,2184.61,3,Storm,Low,0.803,9710,80.48,1,Medium,0,15
SHP102025,Supplier_D,Electronics,China,Germany,567,1272.0,5,11,Air,8398,2619.73,1,Rain,Low,0.777,5470,108.68,0,Low,0,10
SHP102026,Supplier_E,Medical,China,USA,178,3292.0,11,10,Rail,3911,738.34,1,Storm,Medium,0.982,8473,110.79,0,Low,0,11
SHP102027,Supplier_A,Consumer_Goods,India,India,560,3949.0,23,16,Rail,2801,1761.34,3,Rain,High,0.846,4991,95.01,1,Medium,0,11
SHP102028,Supplier_D,Medical,Germany,Canada,472,4373.0,60,30,Sea,12189,2471.77,3,Clear,High,0.948,9534,104.74,5,High,1,14
SHP102029,Supplier_C,Electronics,Germany,UK,434,460.0,18,11,Sea,10511,3039.13,4,Clear,Medium,0.757,7808,73.88,0,Low,1,15
SHP102030,Supplier_A,Raw_Materials,China,USA,1956,3049.0,43,22,Sea,7925,4006.25,4,Clear,Medium,0.972,7187,112.48,4,Medium,1,16
SHP102031,Supplier_A,Consumer_Goods,India,Germany,281,2995.0,24,27,Road,14954,2754.39,5,Clear,High,0.93,8608,111.64,1,Medium,0,13
SHP102032,Supplier_C,Medical,China,USA,1008,4836.0,2,4,Air,6074,2221.72,3,Storm,Medium,0.935,7308,104.67,0,Medium,0,11
SHP102033,Supplier_A,Automotive,Vietnam,Canada,874,927.0,5,3,Sea,4036,1772.25,6,Clear,Low,0.813,5531,115.82,2,Medium,0,16
SHP102034,Supplier_D,Raw_Materials,Germany,Germany,1268,836.0,21,15,Rail,4190,2590.36,2,Clear,Medium,0.841,6126,72.38,1,Medium,0,7
SHP102035,Supplier_E,Medical,USA,UK,114,2159.0,56,27,Sea,9249,2411.65,5,Clear,High,0.872,1443,81.55,1,Medium,1,17
SHP102036,Supplier_A,Automotive,China,UK,882,2036.0,13,12,Rail,7056,2280.25,0,Clear,High,0.929,4704,88.13,1,High,0,5
SHP102037,Supplier_D,Electronics,Vietnam,UK,664,928.0,12,10,Rail,10867,2176.45,7,Storm,Medium,0.946,2900,77.93,3,Medium,1,21
SHP102038,Supplier_B,Automotive,Germany,India,1350,1657.0,17,9,Sea,10659,3562.64,3,Rain,Low,0.723,2556,110.74,1,Medium,0,13
SHP102039,Supplier_D,Medical,India,Germany,1743,2453.0,23,26,Road,9352,2905.94,4,Rain,Medium,0.962,9289,107.86,2,Low,1,15
SHP102040,Supplier_E,Medical,Germany,Germany,1297,120.0,6,14,Air,2646,2327.84,7,Clear,High,0.972,2044,108.66,0,Medium,1,16
SHP102041,Supplier_D,Electronics,India,India,850,2360.0,21,19,Road,3836,2633.86,1,Rain,Medium,0.872,9659,84.56,1,Medium,0,9
SHP102042,Supplier_C,Automotive,India,Germany,327,4451.0,25,27,Road,14700,3093.03,3,Rain,Medium,0.754,9545,108.13,5,Low,1,20
SHP102043,Supplier_E,Automotive,China,India,1767,3345.0,9,14,Air,12058,2789.26,3,Rain,Low,0.937,1071,76.15,4,High,0,14
SHP102044,Supplier_B,Electronics,China,USA,415,811.0,15,18,Road,14079,3346.93,4,Snow,High,0.859,2075,75.34,5,Low,1,22
SHP102045,Supplier_C,Automotive,Germany,Canada,565,4733.0,15,12,Road,1772,,4,Snow,Medium,0.937,5555,99.2,5,Low,1,17
SHP102046,Supplier_D,Electronics,Vietnam,UK,1288,2171.0,58,29,Sea,501,2033.46,2,Snow,Low,0.936,6286,72.43,0,Medium,0,14
SHP102047,Supplier_E,Raw_Materials,Germany,India,488,3632.0,12,27,Air,8893,1885.32,5,Rain,High,0.725,5462,116.93,2,Low,1,20
SHP102048,Supplier_B,Medical,USA,India,477,4247.0,8,14,Air,11291,2203.84,4,Snow,High,0.876,4721,86.44,3,Low,1,17
SHP102049,Supplier_C,Raw_Materials,India,India,778,1679.0,31,13,Sea,4413,1249.14,4,Clear,Medium,0.84,4107,93.85,2,Medium,0,13
SHP102050,Supplier_B,Consumer_Goods,India,USA,445,4338.0,38,27,Rail,14765,2408.4,4,Storm,Medium,0.974,5702,110.66,5,Medium,1,20
SHP102051,Supplier_D,Consumer_Goods,China,India,1282,1135.0,16,16,Road,12573,3045.06,7,Storm,Medium,0.786,3575,90.0,3,Medium,1,21
SHP102052,Supplier_B,Consumer_Goods,Vietnam,Canada,1574,2507.0,51,24,Sea,11744,3915.85,5,Storm,Low,0.76,4046,91.53,0,Low,1,22
SHP102053,Supplier_A,Electronics,China,Canada,1536,4445.0,49,22,Sea,6452,2912.71,1,Storm,Low,0.96,1748,87.4,3,Low,1,12
SHP102054,Supplier_C,Automotive,USA,UK,635,3316.0,29,15,Sea,11926,3461.98,3,Clear,Medium,0.743,2699,87.59,0,Medium,0,14
SHP102055,Supplier_B,Raw_Materials,Germany,USA,1300,503.0,2,4,Air,8579,1374.06,3,Clear,Low,0.899,9793,93.4,2,Medium,0,9
SHP102056,Supplier_D,Raw_Materials,Germany,Canada,424,2671.0,56,29,Sea,187,1572.11,4,Clear,High,0.787,5715,117.3,5,High,1,22
SHP102057,Supplier_D,Raw_Materials,Vietnam,Germany,1573,668.0,43,22,Sea,7246,3903.02,6,Rain,Low,0.865,9446,116.8,2,Medium,1,19
SHP102058,Supplier_B,Raw_Materials,China,Germany,997,686.0,17,9,Sea,6379,2967.9,6,Clear,Medium,0.879,3724,97.26,3,Medium,1,18
SHP102059,Supplier_D,Consumer_Goods,China,Germany,142,2398.0,3,3,Rail,2305,1575.67,5,Clear,Medium,0.821,6319,92.8,4,High,0,16
SHP102060,Supplier_E,Raw_Materials,USA,India,1533,4924.0,29,27,Road,3067,2772.95,2,Rain,Medium,0.983,1835,110.41,5,Low,0,15
SHP102061,Supplier_E,Automotive,Germany,India,1650,3086.0,2,5,Road,4350,1862.62,4,Rain,Medium,0.738,2850,104.05,5,Low,1,22
SHP102062,Supplier_E,Consumer_Goods,China,Germany,370,2299.0,11,22,Air,3634,907.41,7,Snow,High,0.814,5764,114.08,2,Medium,1,21
SHP102063,Supplier_A,Raw_Materials,Vietnam,UK,1083,2771.0,18,14,Rail,8511,2534.76,5,Rain,Medium,0.825,4102,106.53,3,Medium,1,16
SHP102064,Supplier_B,Electronics,Germany,UK,963,2399.0,6,7,Road,9774,2619.95,5,Rain,Medium,0.883,4649,117.62,1,Low,0,15
SHP102065,Supplier_A,Medical,USA,India,1376,4482.0,20,14,Rail,3338,2403.35,7,Rain,Medium,0.818,7744,114.31,0,Medium,1,18
SHP102066,Supplier_D,Medical,Vietnam,Germany,1395,2044.0,12,5,Sea,8613,2670.28,2,Storm,Low,0.728,3533,112.76,1,Low,0,17
SHP102067,Supplier_A,Medical,India,UK,1890,2870.0,44,22,Sea,2838,2636.86,5,Clear,Medium,0.975,3306,89.58,1,Medium,0,15
SHP102068,Supplier_D,Consumer_Goods,USA,India,1529,1121.0,15,7,Sea,5036,3266.92,7,Clear,Medium,0.821,1493,89.31,1,Low,1,20
SHP102069,Supplier_D,Raw_Materials,Vietnam,Germany,1351,2081.0,15,30,Air,13973,2854.14,3,Snow,High,0.799,6700,107.06,3,High,1,21
SHP102070,Supplier_C,Consumer_Goods,China,USA,1671,1299.0,4,3,Road,1936,1296.97,2,Rain,High,0.83,7933,74.19,2,Low,0,12
SHP102071,Supplier_E,Automotive,India,Germany,1611,1345.0,27,18,Rail,2659,1492.12,2,Rain,Low,0.763,5040,86.11,5,High,0,16
SHP102072,Supplier_D,Electronics,USA,Germany,1803,3606.0,8,11,Air,14522,3879.71,0,Clear,Low,0.729,2776,116.61,1,Medium,0,10
SHP102073,Supplier_C,Electronics,China,Canada,1466,377.0,10,12,Air,1668,2610.28,2,Clear,Medium,0.743,2867,92.51,3,High,0,13
SHP102074,Supplier_E,Medical,India,Canada,966,846.0,14,12,Road,10614,2241.9,2,Rain,High,0.748,3734,83.49,2,High,0,14
SHP102075,Supplier_D,Medical,Germany,USA,144,2911.0,26,15,Sea,14576,3459.92,7,Clear,Low,0.757,4331,93.82,0,Low,1,17
SHP102076,Supplier_D,Medical,China,USA,1829,4810.0,19,18,Road,14147,3897.72,1,Clear,Medium,0.822,4440,84.43,2,Low,0,10
SHP102077,Supplier_A,Raw_Materials,Vietnam,Germany,1008,2843.0,21,22,Road,4820,1406.16,3,Clear,Medium,0.881,1209,108.41,2,Medium,0,9
SHP102078,Supplier_A,Automotive,USA,UK,1180,3144.0,57,27,Sea,8057,3272.77,4,Clear,Medium,0.882,9106,112.53,1,Low,1,16
SHP102079,Supplier_E,Automotive,India,USA,1463,3027.0,5,6,Road,11255,3472.65,7,Rain,Low,0.7,6108,109.13,3,High,1,19
SHP102080,Supplier_D,Automotive,China,Germany,1833,1012.0,29,16,Sea,8644,3341.79,0,Snow,Low,0.967,3729,77.45,5,Low,0,10
SHP102081,Supplier_B,Automotive,Germany,India,1599,1318.0,25,19,Rail,9320,2865.23,2,Rain,Medium,0.939,9122,86.8,4,Medium,0,15
SHP102082,Supplier_A,Medical,USA,Canada,1746,422.0,29,30,Road,6625,2801.25,1,Storm,Low,0.98,5770,80.7,0,Low,0,7
SHP102083,Supplier_E,Electronics,USA,UK,120,4430.0,10,7,Rail,8035,1437.66,1,Rain,Low,0.804,5200,72.14,3,Medium,0,13
SHP102084,Supplier_D,Medical,China,Germany,713,2618.0,8,15,Air,13745,3228.38,7,Rain,Low,0.893,4761,106.96,5,Medium,1,21
SHP102085,Supplier_D,Automotive,Germany,India,1018,4952.0,14,27,Air,12862,2665.53,5,Clear,Medium,0.749,7943,91.42,1,Medium,1,18
SHP102086,Supplier_B,Medical,India,Canada,636,4792.0,3,5,Air,10301,1962.98,4,Clear,Medium,0.937,4114,83.83,3,Medium,0,10
SHP102087,Supplier_E,Automotive,China,India,1449,3743.0,16,7,Sea,9219,3218.83,4,Rain,Medium,0.747,3700,85.38,5,High,1,16
SHP102088,Supplier_D,Consumer_Goods,India,Germany,776,1654.0,24,18,Rail,8321,2836.37,6,Clear,Medium,0.795,7694,76.75,4,Low,1,19
SHP102089,Supplier_A,Electronics,USA,USA,417,145.0,42,21,Sea,7614,2271.83,3,Rain,Low,0.842,9865,111.34,0,High,0,7
SHP102090,Supplier_B,Consumer_Goods,India,Canada,100,4419.0,29,30,Road,7165,1436.35,6,Clear,Medium,0.872,7759,77.2,2,Low,1,14
SHP102091,Supplier_E,Raw_Materials,Germany,India,1971,3991.0,41,21,Sea,6837,2588.14,5,Storm,Low,0.862,9948,86.92,5,Low,1,24
SHP102092,Supplier_B,Medical,Vietnam,USA,1216,1250.0,37,19,Sea,2640,2209.56,2,Snow,Medium,0.73,6184,70.37,0,Low,1,19
SHP102093,Supplier_A,Raw_Materials,Germany,UK,1492,3994.0,28,20,Rail,3919,2228.45,1,Clear,Low,0.822,5296,91.82,4,High,0,12
SHP102094,Supplier_E,Medical,India,Germany,1621,4929.0,43,20,Sea,8786,2780.19,0,Clear,High,0.968,9048,87.74,0,Medium,0,7
SHP102095,Supplier_B,Consumer_Goods,China,Germany,1573,181.0,29,27,Road,8123,3056.53,3,Rain,Low,0.953,5337,105.96,5,Medium,0,14
SHP102096,Supplier_C,Automotive,USA,Canada,1959,3165.0,13,25,Air,12775,2717.91,7,Clear,High,0.871,4012,105.77,0,Medium,1,19
SHP102097,Supplier_A,Automotive,Vietnam,India,1037,1440.0,13,10,Rail,9164,2277.14,2,Clear,High,0.866,3352,71.93,1,Medium,0,8
SHP102098,Supplier_A,Medical,China,UK,1240,1199.0,40,20,Sea,934,2160.15,5,Storm,Medium,0.732,5409,75.79,2,Medium,1,22
SHP102099,Supplier_A,Automotive,China,Canada,1821,3560.0,12,11,Road,3424,2752.62,4,Snow,High,0.758,7621,115.23,4,Low,1,24
SHP102100,Supplier_C,Consumer_Goods,Germany,Canada,309,3697.0,9,21,Air,729,1224.69,5,Rain,Low,0.773,3843,109.59,1,Medium,1,16
SHP102101,Supplier_C,Automotive,India,India,1265,857.0,23,12,Sea,3086,2166.4,2,Clear,Low,0.842,1882,89.47,0,Medium,0,9
SHP102102,Supplier_D,Consumer_Goods,Germany,UK,1275,4889.0,5,4,Rail,8321,2450.97,5,Clear,Medium,0.912,1497,78.32,0,Medium,0,14
SHP102103,Supplier_B,Raw_Materials,India,India,1847,100.0,37,30,Rail,8179,2651.61,4,Clear,Low,0.834,7214,83.04,3,Low,1,20
SHP102104,Supplier_D,Consumer_Goods,Germany,Germany,1258,3258.0,8,19,Air,8033,2254.78,2,Clear,Medium,0.737,2905,102.9,1,Medium,0,15
SHP102105,Supplier_B,Electronics,China,USA,207,105.0,53,27,Sea,3882,2208.15,0,Clear,Medium,0.827,2540,117.27,4,Medium,0,13
SHP102106,Supplier_C,Electronics,USA,Germany,1831,3714.0,54,26,Sea,9098,3088.46,6,Clear,Low,0.747,8189,100.79,4,Medium,1,23
SHP102107,Supplier_C,Electronics,India,Germany,1695,793.0,10,15,Air,6585,1094.17,3,Storm,Medium,0.918,2998,71.32,4,Medium,1,19
SHP102108,Supplier_D,Medical,Vietnam,Canada,148,4588.0,30,30,Road,14220,2198.16,5,Rain,Low,0.748,2332,102.54,5,Medium,1,21
SHP102109,Supplier_E,Medical,Vietnam,Germany,290,2926.0,7,13,Air,5506,2421.7,4,Rain,Medium,0.84,4366,117.24,5,Medium,1,16
SHP102110,Supplier_D,Medical,China,UK,1564,129.0,37,18,Sea,10260,3339.34,0,Snow,High,0.901,8229,87.93,5,Low,0,16
SHP102111,Supplier_B,Consumer_Goods,Germany,Germany,251,4522.0,20,22,Road,3568,1529.39,1,Clear,Medium,0.766,6340,116.68,4,High,0,12
SHP102112,Supplier_D,Medical,Germany,UK,683,3990.0,18,9,Sea,7244,2513.7,0,Clear,Medium,0.722,8526,103.53,0,High,0,7
SHP102113,Supplier_A,Raw_Materials,China,India,1582,3016.0,34,30,Road,11872,2810.16,0,Storm,Medium,0.863,4454,79.49,5,Low,1,15
SHP102114,Supplier_B,Electronics,Vietnam,Canada,1702,3778.0,6,5,Rail,10252,3887.06,0,Snow,High,0.716,4816,77.27,0,Medium,0,10
SHP102115,Supplier_B,Consumer_Goods,Vietnam,UK,1169,4586.0,9,18,Air,12631,2568.63,7,Rain,Low,0.87,6637,78.81,1,High,1,14
SHP102116,Supplier_E,Electronics,Germany,Germany,795,175.0,21,21,Road,8512,2910.32,4,Clear,High,0.919,2360,104.96,2,Medium,1,15
SHP102117,Supplier_C,Medical,India,Canada,539,268.0,11,22,Air,5375,1744.1,7,Rain,Medium,0.796,7305,99.48,4,High,1,22
SHP102118,Supplier_B,Consumer_Goods,USA,Canada,628,997.0,37,18,Sea,13794,3350.48,1,Clear,Medium,0.842,6974,92.78,0,Low,0,7
SHP102119,Supplier_C,Automotive,India,UK,1961,4423.0,3,4,Air,5967,2010.66,3,Clear,High,0.969,1563,83.17,1,Medium,0,10
SHP102120,Supplier_D,Raw_Materials,Vietnam,UK,1291,644.0,4,16,Air,9635,3129.59,0,Clear,High,0.837,7301,115.36,4,Low,0,12
SHP102121,Supplier_A,Medical,India,USA,576,190.0,57,28,Sea,6616,2118.0,4,Storm,Medium,0.989,7156,80.69,2,Low,1,15
SHP102122,Supplier_E,Medical,USA,USA,322,2943.0,42,22,Sea,4726,1824.84,4,Clear,Low,0.746,1733,84.18,4,High,1,18
SHP102123,Supplier_C,Raw_Materials,India,Canada,1292,3105.0,17,12,Rail,2362,2819.55,3,Storm,Medium,0.906,9944,72.75,5,Medium,1,18
SHP102124,Supplier_B,Raw_Materials,India,USA,835,1680.0,21,21,Road,2514,1791.61,6,Clear,Medium,0.889,6174,83.77,3,Low,1,19
SHP102125,Supplier_C,Automotive,India,Germany,1956,926.0,34,26,Rail,10453,3657.0,2,Clear,Medium,0.953,3974,116.14,4,Medium,0,14
SHP102126,Supplier_B,Medical,India,India,1732,4255.0,26,13,Sea,12412,4431.58,1,Snow,Low,0.727,7714,79.38,3,High,1,16
SHP102127,Supplier_C,Medical,China,Canada,1405,2710.0,9,20,Air,11273,3032.44,1,Clear,Medium,0.781,4986,80.2,2,Low,0,12
SHP102128,Supplier_B,Electronics,Vietnam,India,1929,3440.0,25,13,Sea,5340,2960.23,5,Rain,Medium,0.738,6829,100.0,3,Low,1,19
SHP102129,Supplier_D,Consumer_Goods,USA,USA,502,4941.0,23,11,Sea,14153,2988.58,0,Clear,Medium,0.971,2785,98.35,2,Medium,0,6
SHP102130,Supplier_B,Consumer_Goods,Vietnam,UK,1225,2079.0,41,21,Sea,9149,3298.71,2,Rain,High,0.824,3633,78.8,1,High,0,14
SHP102131,Supplier_B,Electronics,China,Canada,396,4874.0,20,22,Road,5222,1366.99,6,Clear,Low,0.964,8080,77.71,3,Low,0,18
SHP102132,Supplier_A,Consumer_Goods,China,USA,865,2602.0,25,12,Sea,5093,2230.95,1,Clear,Low,0.785,3092,75.85,5,Medium,0,10
SHP102133,Supplier_B,Raw_Materials,China,Germany,463,3661.0,57,28,Sea,9064,1964.48,6,Rain,Medium,0.737,8814,113.05,4,Medium,1,24
SHP102134,Supplier_A,Consumer_Goods,China,Canada,1600,1090.0,2,5,Air,2592,2919.54,5,Clear,High,0.786,8435,102.72,4,Medium,1,18
SHP102135,Supplier_E,Consumer_Goods,India,Canada,480,364.0,3,5,Air,8311,1720.59,0,Clear,High,0.873,2248,117.67,1,Low,0,8
SHP102136,Supplier_A,Electronics,Vietnam,UK,428,3509.0,13,26,Air,13615,2651.3,2,Rain,High,0.945,9407,78.29,0,High,0,7
SHP102137,Supplier_D,Automotive,Germany,Canada,1047,4222.0,6,10,Air,9097,2653.93,4,Clear,Low,0.812,4945,93.03,5,High,1,17
SHP102138,Supplier_A,Consumer_Goods,USA,UK,944,3075.0,10,8,Road,9672,3477.39,0,Clear,High,0.965,2725,107.15,5,High,0,9
SHP102139,Supplier_E,Consumer_Goods,China,USA,477,2996.0,12,22,Air,2275,1472.56,2,Rain,High,0.771,3701,80.68,2,Medium,1,14
SHP102140,Supplier_D,Automotive,Vietnam,Germany,1939,3286.0,5,3,Road,2505,2255.52,3,Storm,Low,0.901,2540,104.23,5,Low,1,17
SHP102141,Supplier_C,Electronics,China,Germany,1996,3730.0,47,22,Sea,3463,2937.07,1,Clear,Medium,0.913,6842,93.69,0,Low,0,10
SHP102142,Supplier_C,Automotive,China,Canada,1157,4857.0,14,26,Air,7441,1804.18,6,Rain,Medium,0.779,5802,91.54,0,Medium,1,17
SHP102143,Supplier_A,Electronics,China,Canada,241,3156.0,8,8,Road,8000,2606.91,0,Rain,Medium,0.708,1512,102.25,1,High,0,9
SHP102144,Supplier_A,Raw_Materials,China,USA,90,1587.0,5,4,Sea,11718,2427.45,5,Clear,High,0.806,8271,93.38,1,High,1,15
SHP102145,Supplier_E,Electronics,China,UK,1937,3922.0,8,21,Air,9172,3808.16,4,Clear,Low,0.713,9173,111.0,3,High,0,16
SHP102146,Supplier_E,Raw_Materials,USA,Germany,1909,1917.0,40,30,Rail,11400,3321.8,5,Clear,Medium,0.961,7088,116.53,5,Low,1,22
SHP102147,Supplier_B,Raw_Materials,Vietnam,UK,1846,4999.0,4,9,Air,9625,4160.93,6,Rain,Low,0.977,1802,99.44,3,Medium,1,14
SHP102148,Supplier_E,Electronics,China,USA,1382,1211.0,6,13,Air,9976,2241.28,0,Clear,Medium,0.913,6388,85.03,3,Medium,0,9
SHP102149,Supplier_B,Medical,China,Germany,1451,3970.0,14,13,Road,11256,2749.44,1,Storm,High,0.911,8539,108.86,3,High,1,15
SHP102150,Supplier_D,Electronics,China,Germany,185,3932.0,7,6,Road,1705,802.21,1,Rain,Low,0.77,8076,78.52,3,Medium,0,12
SHP102151,Supplier_A,Consumer_Goods,China,India,1863,2806.0,45,22,Sea,13495,3844.74,2,Clear,Medium,0.721,1901,74.75,4,Medium,1,20
SHP102152,Supplier_D,Consumer_Goods,India,USA,155,1962.0,8,18,Air,2657,1410.92,5,Clear,High,0.933,7876,95.94,1,Low,0,11
SHP102153,Supplier_E,Medical,India,USA,568,314.0,13,7,Rail,8735,1932.03,5,Snow,High,0.862,5158,102.34,2,High,1,18
SHP102154,Supplier_D,Raw_Materials,Germany,India,1991,4478.0,52,26,Sea,2142,2265.16,4,Clear,Medium,0.898,2788,111.75,2,Medium,0,17
SHP102155,Supplier_D,Medical,China,UK,863,4965.0,6,9,Air,13616,2307.25,6,Clear,Low,0.926,5600,117.76,2,Medium,0,14
SHP102156,Supplier_D,Consumer_Goods,Germany,India,1615,1352.0,54,27,Sea,13899,5205.32,2,Rain,Medium,0.819,2699,113.67,2,High,1,11
SHP102157,Supplier_E,Medical,USA,USA,175,1244.0,21,18,Rail,878,639.06,4,Clear,High,0.742,7678,119.43,2,Medium,0,18
SHP102158,Supplier_D,Electronics,Germany,UK,1430,1576.0,9,17,Air,3259,2100.73,7,Clear,High,0.931,6749,93.78,4,Medium,1,19
SHP102159,Supplier_B,Medical,Vietnam,Germany,449,3654.0,12,7,Road,6495,1391.06,0,Clear,Low,0.832,3993,85.83,1,Medium,0,6
SHP102160,Supplier_E,Raw_Materials,India,India,128,4444.0,8,3,Sea,1846,1463.01,0,Clear,Medium,0.94,2594,92.99,5,Low,0,10
SHP102161,Supplier_D,Electronics,India,UK,438,2298.0,44,22,Sea,6074,2188.88,7,Clear,Low,0.827,4441,102.21,3,Low,1,22
SHP102162,Supplier_E,Automotive,China,UK,1652,1208.0,25,24,Road,5250,3364.29,5,Storm,Low,0.763,2838,95.36,3,Low,1,21
SHP102163,Supplier_C,Consumer_Goods,China,UK,1608,4417.0,31,24,Rail,12232,3259.39,6,Snow,Medium,0.75,8908,101.71,3,Low,1,25
SHP102164,Supplier_B,Consumer_Goods,USA,India,1774,4680.0,7,11,Air,520,2239.93,2,Clear,Low,0.916,3902,114.34,1,Low,0,8
SHP102165,Supplier_D,Medical,USA,Germany,123,3563.0,18,28,Air,10143,2369.96,7,Clear,Low,0.867,8405,78.29,1,Medium,1,15
SHP102166,Supplier_C,Electronics,Vietnam,UK,1078,2128.0,29,23,Rail,2208,1631.52,6,Clear,Medium,0.817,8047,76.01,5,Low,1,25
SHP102167,Supplier_C,Automotive,China,India,1992,1194.0,8,7,Road,4774,2805.26,3,Clear,Medium,0.843,3339,94.93,4,High,0,12
SHP102168,Supplier_E,Electronics,China,USA,1536,118.0,49,24,Sea,5445,2215.17,1,Clear,High,0.859,5521,119.09,4,High,0,14
SHP102169,Supplier_C,Consumer_Goods,USA,India,131,3767.0,57,29,Sea,4096,1692.92,7,Clear,Medium,0.769,5928,72.95,5,Medium,1,25
SHP102170,Supplier_B,Electronics,USA,India,1610,3058.0,7,8,Road,6182,2794.83,6,Snow,Medium,0.81,1499,119.33,3,High,1,16
SHP102171,Supplier_B,Automotive,USA,India,825,876.0,5,5,Road,9650,2191.49,2,Clear,Medium,0.785,4627,118.39,5,Medium,0,15
SHP102172,Supplier_A,Medical,India,UK,1040,1219.0,9,8,Rail,4010,1420.91,7,Clear,Medium,0.813,6645,84.63,1,High,0,15
SHP102173,Supplier_B,Raw_Materials,Germany,India,1478,1033.0,22,10,Sea,2726,2384.77,6,Clear,Medium,0.845,3681,114.55,3,Medium,1,22
SHP102174,Supplier_C,Electronics,Germany,USA,1587,4626.0,60,30,Sea,10979,2993.43,7,Clear,Low,0.75,9941,70.39,4,Medium,1,23
SHP102175,Supplier_B,Raw_Materials,China,UK,327,4027.0,8,8,Road,12498,2507.41,2,Storm,High,0.814,5590,92.7,5,High,1,16
SHP102176,Supplier_E,Consumer_Goods,India,USA,889,3384.0,34,18,Sea,590,1964.11,0,Clear,Medium,0.812,4474,90.11,3,Medium,0,12
SHP102177,Supplier_A,Medical,USA,Canada,1928,2390.0,58,30,Sea,9587,2967.97,1,Snow,Low,0.783,2226,115.13,4,Medium,0,17
SHP102178,Supplier_C,Medical,China,India,273,2065.0,35,18,Sea,6032,1517.25,6,Clear,Medium,0.99,3973,93.61,0,Medium,0,15
SHP102179,Supplier_A,Electronics,India,UK,1657,1502.0,14,29,Air,10373,3605.53,6,Rain,High,0.721,6045,90.9,2,High,1,20
SHP102180,Supplier_C,Medical,Vietnam,UK,1141,2183.0,44,23,Sea,14647,4176.5,6,Snow,Low,0.886,2038,101.98,0,Medium,1,19
SHP102181,Supplier_E,Electronics,India,India,1393,1089.0,7,5,Road,3471,1433.5,7,Clear,Low,0.751,2787,88.79,5,Medium,1,21
SHP102182,Supplier_A,Electronics,China,Germany,655,4773.0,22,19,Road,13784,2583.75,2,Clear,High,0.943,5715,96.83,3,Medium,0,11
SHP102183,Supplier_D,Raw_Materials,Germany,Germany,68,4263.0,46,23,Sea,10464,1585.92,7,Rain,Low,0.965,5722,117.78,3,High,1,18
SHP102184,Supplier_C,Medical,USA,USA,689,3516.0,2,8,Air,11466,2877.91,6,Clear,Low,0.816,9611,80.13,1,Medium,0,15
SHP102185,Supplier_D,Electronics,Vietnam,India,1416,3076.0,14,8,Sea,4164,2579.75,0,Rain,Medium,0.939,3897,92.95,2,Medium,0,9
SHP102186,Supplier_A,Raw_Materials,India,India,1667,4307.0,24,24,Road,5937,2585.22,0,Clear,Medium,0.772,5584,70.77,4,Medium,0,11
SHP102187,Supplier_D,Automotive,China,Canada,1839,2797.0,42,21,Sea,12045,4702.35,5,Clear,Medium,0.741,7319,112.11,3,Low,1,17
SHP102188,Supplier_D,Raw_Materials,China,Germany,1806,4312.0,19,22,Road,5089,2416.99,7,Clear,Medium,0.792,4302,74.6,4,Medium,1,19
SHP102189,Supplier_A,Raw_Materials,USA,Germany,1416,4445.0,30,17,Sea,14766,4136.0,5,Storm,High,0.799,1795,74.74,4,Medium,1,24
SHP102190,Supplier_E,Electronics,China,India,146,3545.0,11,21,Air,12121,2736.39,2,Clear,High,0.815,6437,114.14,4,Medium,0,16
SHP102191,Supplier_D,Consumer_Goods,China,USA,1125,3905.0,5,4,Road,6071,1852.13,2,Clear,High,0.808,3809,90.46,0,Medium,0,5
SHP102192,Supplier_D,Consumer_Goods,USA,India,224,611.0,7,10,Air,10241,1395.63,0,Rain,Medium,0.819,1466,104.36,4,Medium,0,12
SHP102193,Supplier_E,Consumer_Goods,Vietnam,USA,1411,2253.0,17,9,Sea,3480,3464.44,5,Clear,Low,0.906,1272,,1,High,0,11
SHP102194,Supplier_D,Raw_Materials,Germany,Germany,1767,3469.0,17,29,Air,5789,2051.2,6,Clear,High,0.771,7308,88.72,0,Medium,1,16
SHP102195,Supplier_D,Electronics,Germany,Canada,1426,1194.0,5,10,Air,8703,,6,Clear,Low,0.705,4489,83.08,0,Low,0,14
SHP102196,Supplier_D,Medical,India,UK,1464,2749.0,28,15,Sea,9714,2984.5,7,Rain,High,0.842,4651,78.48,3,Low,1,23
SHP102197,Supplier_B,Raw_Materials,Vietnam,Germany,1188,1601.0,52,24,Sea,11273,3091.92,2,Rain,Low,0.83,8135,100.36,2,Medium,0,13
SHP102198,Supplier_E,Raw_Materials,India,USA,397,4071.0,26,29,Road,7573,2931.34,1,Clear,High,0.717,1955,82.61,2,High,0,10
SHP102199,Supplier_D,Electronics,Germany,India,50,610.0,17,17,Road,1776,1409.77,0,Clear,High,0.739,6386,101.71,5,High,1,17
SHP102200,Supplier_E,Automotive,USA,Germany,112,1237.0,13,14,Road,7890,1677.9,0,Rain,Medium,0.848,8897,85.86,3,Low,0,12
SHP102201,Supplier_C,Raw_Materials,China,Canada,1833,3183.0,35,17,Sea,5382,2724.49,2,Rain,Low,0.768,4409,87.39,2,High,1,14
SHP102202,Supplier_C,Automotive,Germany,USA,1816,3461.0,18,16,Road,9938,3444.91,2,Clear,Low,0.955,2919,82.46,4,Medium,0,7
SHP102203,Supplier_D,Automotive,Vietnam,India,275,1739.0,14,9,Sea,2811,2003.1,2,Clear,Medium,0.75,3932,90.92,1,Medium,0,11
SHP102204,Supplier_E,Consumer_Goods,Germany,UK,472,4457.0,37,19,Sea,12251,3153.75,7,Clear,Low,0.706,8775,78.11,4,High,1,22
SHP102205,Supplier_E,Electronics,Vietnam,USA,1092,2473.0,58,28,Sea,13476,4064.69,6,Rain,Medium,0.83,9379,85.99,2,Medium,1,22
SHP102206,Supplier_E,Automotive,Vietnam,India,80,1419.0,7,7,Rail,9531,2900.43,6,Snow,Medium,0.986,1207,108.89,2,Low,1,18
SHP102207,Supplier_B,Electronics,Vietnam,UK,894,630.0,8,22,Air,702,1450.78,7,Clear,Medium,0.884,1073,80.78,1,High,1,20
SHP102208,Supplier_C,Consumer_Goods,India,India,682,1026.0,15,12,Rail,2037,1432.11,1,Clear,Medium,0.803,9043,117.36,0,Low,0,10
SHP102209,Supplier_E,Electronics,USA,UK,73,4322.0,9,21,Air,8221,1486.8,7,Clear,Medium,0.705,5768,94.65,0,High,0,17
SHP102210,Supplier_E,Raw_Materials,Germany,UK,886,4659.0,42,20,Sea,8317,3301.04,0,Clear,Low,0.841,8561,75.35,1,Medium,0,10
SHP102211,Supplier_B,Automotive,USA,UK,1032,2406.0,54,27,Sea,6912,3126.72,3,Clear,Medium,0.76,5969,117.15,0,Low,0,13
SHP102212,Supplier_B,Electronics,China,India,1284,168.0,25,26,Road,12971,3207.14,7,Snow,High,0.888,8704,92.83,2,Low,1,22
SHP102213,Supplier_E,Medical,Germany,UK,210,1592.0,8,12,Air,1167,852.45,1,Clear,Medium,0.869,6889,97.85,0,Low,0,11
SHP102214,Supplier_A,Electronics,USA,USA,1328,4912.0,5,4,Rail,13501,2942.4,1,Rain,Low,0.777,9019,79.26,2,Medium,0,10
SHP102215,Supplier_E,Automotive,USA,Canada,1644,3093.0,5,8,Road,5352,2504.31,6,Clear,High,0.72,9706,86.67,3,Low,1,20
SHP102216,Supplier_E,Consumer_Goods,China,Canada,163,1022.0,4,5,Road,13572,2020.31,7,Storm,Low,0.919,6919,105.18,4,Medium,1,17
SHP102217,Supplier_B,Consumer_Goods,Vietnam,UK,553,965.0,41,21,Sea,5963,1968.24,5,Clear,Low,0.87,1279,76.2,0,Low,1,14
SHP102218,Supplier_B,Automotive,Germany,Canada,1745,1487.0,13,7,Rail,479,2760.41,0,Clear,Medium,0.944,5855,98.52,3,High,0,4
SHP102219,Supplier_E,Raw_Materials,Germany,Canada,1004,636.0,9,9,Road,9576,2559.28,6,Snow,Low,0.775,9747,104.68,5,High,1,19
SHP102220,Supplier_E,Raw_Materials,China,UK,1293,400.0,15,9,Sea,5602,2480.07,3,Clear,Low,0.889,6152,70.09,0,Medium,0,7
SHP102221,Supplier_E,Consumer_Goods,Vietnam,UK,406,4641.0,29,29,Road,12756,2685.88,0,Rain,High,0.734,8461,111.88,3,High,0,17
SHP102222,Supplier_B,Consumer_Goods,Germany,USA,218,2612.0,25,12,Sea,3282,1908.23,1,Storm,Medium,0.785,8791,72.82,1,Medium,0,14
SHP102223,Supplier_E,Automotive,Germany,Germany,1597,1920.0,6,3,Sea,3847,3547.18,2,Clear,High,0.89,1290,82.35,3,Low,0,15
SHP102224,Supplier_E,Raw_Materials,Germany,India,1018,322.0,28,13,Sea,5296,1949.92,0,Rain,Low,0.939,5880,118.18,2,Low,0,9
SHP102225,Supplier_D,Consumer_Goods,Vietnam,UK,291,2977.0,52,25,Sea,10548,3107.21,7,Storm,High,0.793,8983,74.05,1,Medium,1,23
SHP102226,Supplier_A,Raw_Materials,China,UK,1448,4408.0,6,9,Air,5232,2675.57,0,Snow,Medium,0.932,8723,,1,Low,0,9
SHP102227,Supplier_C,Consumer_Goods,Germany,Canada,188,3489.0,17,8,Sea,6140,1303.29,2,Rain,Low,0.897,8968,102.6,2,High,0,11
SHP102228,Supplier_A,Electronics,USA,USA,146,3091.0,11,8,Road,13981,2043.99,3,Clear,Medium,0.801,2622,99.92,0,High,0,12
SHP102229,Supplier_D,Medical,Vietnam,Canada,196,3998.0,22,15,Rail,14309,3213.69,3,Rain,High,0.954,4551,99.08,1,Medium,0,10
SHP102230,Supplier_C,Electronics,India,UK,1255,1814.0,21,18,Rail,12219,3416.59,0,Rain,Low,0.848,5178,78.32,0,Medium,0,7
SHP102231,Supplier_E,Consumer_Goods,China,UK,1130,4340.0,28,15,Sea,4220,1541.61,6,Rain,Medium,0.888,4275,103.44,4,Low,1,18
SHP102232,Supplier_D,Medical,USA,Canada,1115,1820.0,5,4,Road,8837,2251.65,7,Storm,Medium,0.844,6257,117.58,3,Low,1,22
SHP102233,Supplier_E,Medical,Germany,UK,915,1572.0,9,21,Air,5359,2097.25,2,Clear,High,0.831,9274,73.85,3,Medium,0,9
SHP102234,Supplier_B,Consumer_Goods,India,Germany,1784,881.0,19,21,Road,8566,3412.6,5,Clear,Medium,0.946,4995,86.62,2,Medium,0,12
SHP102235,Supplier_D,Consumer_Goods,China,India,592,611.0,12,21,Air,11733,2528.76,0,Rain,Low,0.785,6806,93.61,2,Medium,0,9
SHP102236,Supplier_B,Raw_Materials,Vietnam,India,741,3590.0,39,20,Sea,10561,1846.83,2,Snow,Low,0.711,9839,81.61,5,Low,1,20
SHP102237,Supplier_D,Consumer_Goods,India,India,1075,4186.0,28,27,Road,11400,2520.64,1,Clear,Medium,0.955,7762,107.04,3,Medium,0,12
SHP102238,Supplier_D,Automotive,India,Germany,1361,1529.0,17,8,Sea,3022,1940.37,5,Snow,High,0.939,4692,104.43,4,High,1,15
SHP102239,Supplier_B,Consumer_Goods,USA,UK,1211,4516.0,2,4,Air,13540,3132.25,2,Snow,Medium,0.806,2757,75.89,2,Medium,1,14
SHP102240,Supplier_C,Automotive,China,Canada,1690,1255.0,23,21,Road,3487,2142.71,6,Storm,Medium,0.754,5955,98.47,4,Medium,1,24
SHP102241,Supplier_A,Consumer_Goods,USA,USA,1585,706.0,57,28,Sea,5542,3164.69,0,Storm,Low,0.896,7462,88.44,5,Low,1,16
SHP102242,Supplier_E,Raw_Materials,USA,UK,953,3990.0,6,8,Air,5652,1996.43,4,Storm,Medium,0.723,6964,81.42,2,Low,1,18
SHP102243,Supplier_D,Automotive,Germany,Germany,779,639.0,8,22,Air,14653,2205.09,3,Storm,Medium,0.823,8414,112.41,1,Medium,1,17
SHP102244,Supplier_E,Electronics,Vietnam,Germany,1295,4376.0,50,25,Sea,10162,3690.91,0,Rain,Medium,0.725,8204,72.73,5,Low,1,17
SHP102245,Supplier_B,Automotive,India,India,380,4954.0,9,24,Air,4113,2065.06,2,Clear,High,0.873,7848,93.37,0,High,0,8
SHP102246,Supplier_E,Raw_Materials,China,UK,666,1421.0,16,17,Road,5467,2376.25,7,Clear,Low,0.708,1725,93.77,3,Low,1,21
SHP102247,Supplier_B,Automotive,Vietnam,India,453,4624.0,14,8,Sea,8402,2541.03,5,Clear,Medium,0.882,2107,98.51,0,Medium,0,13
SHP102248,Supplier_E,Consumer_Goods,Vietnam,USA,557,,28,30,Road,7059,1911.28,5,Clear,High,0.895,5348,79.88,5,Medium,1,18
SHP102249,Supplier_A,Consumer_Goods,China,India,1989,3809.0,3,5,Air,10047,2746.79,2,Clear,Low,0.841,9086,113.56,3,Low,0,6
SHP102250,Supplier_A,Raw_Materials,Vietnam,USA,1200,2150.0,29,13,Sea,13095,4399.33,7,Storm,Medium,0.751,8073,118.27,5,High,1,27
SHP102251,Supplier_A,Medical,Germany,Germany,1338,1934.0,11,10,Road,6390,3271.56,3,Rain,Medium,0.729,1824,97.45,2,High,1,13
SHP102252,Supplier_A,Consumer_Goods,Vietnam,India,1785,797.0,28,27,Road,9659,2724.57,0,Clear,Medium,0.791,5602,82.81,0,Medium,0,4
SHP102253,Supplier_A,Electronics,Germany,India,1837,513.0,21,24,Road,9820,2685.29,5,Rain,Low,0.835,8492,113.84,5,Medium,1,20
SHP102254,Supplier_A,Raw_Materials,India,Canada,1088,803.0,29,20,Rail,651,1289.99,5,Clear,Low,0.886,1350,119.41,5,Medium,1,17
SHP102255,Supplier_B,Automotive,India,Germany,275,632.0,10,19,Air,233,627.24,4,Clear,Medium,0.7,6202,107.09,4,Medium,1,16
SHP102256,Supplier_D,Automotive,USA,Canada,1033,2255.0,44,21,Sea,6707,2776.78,1,Storm,Low,0.906,3173,86.69,5,Medium,1,14
SHP102257,Supplier_E,Electronics,Germany,USA,914,4164.0,26,21,Rail,11203,2137.12,4,Clear,Medium,0.907,8894,81.8,2,High,1,15
SHP102258,Supplier_A,Consumer_Goods,India,USA,1178,4200.0,14,26,Air,10305,2187.56,1,Rain,Medium,0.829,5991,77.83,5,High,0,12
SHP102259,Supplier_B,Raw_Materials,Vietnam,Germany,794,4077.0,9,23,Air,11554,2115.18,5,Clear,Medium,0.8,4002,81.75,1,Medium,0,14
SHP102260,Supplier_B,Electronics,China,USA,542,4866.0,10,19,Air,13574,2513.51,1,Clear,Medium,0.944,3509,81.37,0,Low,0,7
SHP102261,Supplier_B,Consumer_Goods,China,Germany,368,3403.0,30,29,Road,6699,1846.99,0,Storm,High,0.928,3672,118.37,0,Low,0,8
SHP102262,Supplier_D,Raw_Materials,Germany,USA,1292,2858.0,15,6,Sea,13472,4052.21,5,Clear,Medium,0.985,4442,102.16,1,Medium,1,15
SHP102263,Supplier_E,Automotive,USA,UK,1350,3653.0,9,9,Air,5224,2028.12,5,Snow,Medium,0.808,5158,78.35,3,High,1,19
SHP102264,Supplier_D,Raw_Materials,Vietnam,India,822,3963.0,16,7,Sea,1160,1797.85,7,Clear,High,0.963,5121,94.4,2,Medium,1,20
SHP102265,Supplier_C,Medical,Germany,UK,1966,1469.0,26,28,Road,10799,4248.93,1,Clear,Medium,0.725,8807,79.23,1,Medium,0,13
SHP102266,Supplier_B,Raw_Materials,China,Germany,1414,2217.0,8,18,Air,7484,2493.49,2,Storm,High,0.819,7237,100.3,5,Low,1,22
SHP102267,Supplier_C,Medical,Germany,Germany,501,2194.0,15,8,Sea,14148,3364.12,1,Snow,Low,0.835,8026,87.07,4,Medium,0,14
SHP102268,Supplier_A,Raw_Materials,Vietnam,UK,1442,2217.0,18,16,Road,10314,4101.9,1,Clear,High,0.828,9141,79.78,2,Medium,0,11
SHP102269,Supplier_A,Medical,India,India,993,1610.0,36,28,Rail,14139,3126.16,3,Clear,Medium,0.881,8179,82.14,1,Medium,0,11
SHP102270,Supplier_D,Automotive,Vietnam,India,897,1226.0,23,22,Road,2286,2483.65,3,Rain,High,0.749,6797,103.75,1,High,1,16
SHP102271,Supplier_E,Consumer_Goods,India,Canada,1066,,8,4,Road,2765,2473.34,0,Clear,High,0.951,1297,90.4,0,High,0,3
SHP102272,Supplier_C,Medical,India,USA,1547,3637.0,54,27,Sea,3270,2108.92,0,Clear,Medium,0.86,7080,95.66,0,High,0,7
SHP102273,Supplier_E,Medical,India,Canada,1263,1216.0,38,20,Sea,11019,3571.52,2,Rain,Medium,0.962,8746,111.07,0,Medium,0,10
SHP102274,Supplier_D,Automotive,Germany,India,933,3625.0,41,20,Sea,11627,3605.21,3,Rain,Medium,0.701,8334,102.77,2,High,1,20
SHP102275,Supplier_A,Medical,China,UK,468,2891.0,13,15,Road,2746,1949.36,4,Clear,Low,0.883,4938,93.12,5,Medium,1,18
SHP102276,Supplier_E,Electronics,Germany,USA,1783,1920.0,58,30,Sea,695,2100.02,0,Clear,High,0.82,8932,117.7,3,High,0,15
SHP102277,Supplier_E,Automotive,China,UK,914,3979.0,20,20,Road,4206,1483.65,0,Snow,Low,0.846,8925,80.73,2,Medium,0,10
SHP102278,Supplier_A,Electronics,Vietnam,Canada,838,2317.0,29,19,Rail,10666,3134.4,3,Rain,High,0.916,2594,84.45,0,High,0,12
SHP102279,Supplier_C,Automotive,USA,Germany,1921,2936.0,7,15,Air,5917,2123.39,3,Rain,Medium,0.766,4215,115.57,0,Low,0,16
SHP102280,Supplier_A,Medical,Vietnam,UK,544,209.0,16,30,Air,3521,1435.48,2,Clear,Medium,0.759,5379,112.66,2,High,0,14
SHP102281,Supplier_E,Electronics,Germany,Canada,1112,2708.0,7,14,Air,14814,2139.81,7,Clear,Low,0.904,4182,76.5,5,Low,1,14
SHP102282,Supplier_C,Medical,Germany,Canada,211,3813.0,10,5,Sea,2378,1052.32,3,Clear,Medium,0.851,5445,116.5,5,Low,1,20
SHP102283,Supplier_C,Automotive,China,Canada,170,4784.0,15,24,Air,1264,877.74,7,Clear,Medium,0.768,8571,70.51,1,Medium,1,19
SHP102284,Supplier_A,Medical,Germany,Germany,1965,1105.0,13,9,Rail,717,2325.42,6,Clear,Medium,0.84,2351,111.12,1,Medium,0,15
SHP102285,Supplier_E,Electronics,India,Germany,448,383.0,2,3,Air,13152,2414.21,1,Clear,Low,0.833,6613,83.94,0,Medium,0,6
SHP102286,Supplier_D,Electronics,Germany,Germany,1335,3646.0,13,7,Sea,12436,3560.92,5,Rain,High,0.901,1211,79.43,0,Medium,1,15
SHP102287,Supplier_E,Medical,China,USA,777,941.0,15,23,Air,550,1822.69,4,Rain,Low,0.701,2274,92.44,3,Low,1,18
SHP102288,Supplier_B,Raw_Materials,China,Germany,1897,3037.0,7,3,Rail,10090,4101.29,5,Clear,High,0.87,5262,114.85,5,Medium,0,15
SHP102289,Supplier_D,Automotive,India,Germany,610,4497.0,6,6,Road,12878,2401.29,1,Rain,Medium,0.876,6967,109.29,1,High,0,6
SHP102290,Supplier_C,Automotive,China,Germany,653,1412.0,38,28,Rail,7472,1479.4,6,Rain,Medium,0.916,4734,118.35,3,High,1,21
SHP102291,Supplier_D,Medical,USA,UK,1202,975.0,6,3,Rail,1992,2170.11,6,Clear,Low,0.958,8775,97.05,0,Low,0,10
SHP102292,Supplier_C,Raw_Materials,Vietnam,Germany,1906,2493.0,29,15,Sea,5628,3705.57,1,Clear,Medium,0.828,6538,95.53,5,Medium,1,16
SHP102293,Supplier_C,Electronics,Germany,USA,589,2627.0,8,16,Air,2554,975.82,5,Rain,Medium,0.799,5502,70.65,0,Low,0,16
SHP102294,Supplier_D,Consumer_Goods,USA,Canada,405,4030.0,10,17,Air,13462,2174.58,1,Clear,Low,0.73,3485,79.03,3,Medium,0,8
SHP102295,Supplier_C,Consumer_Goods,Germany,UK,709,2455.0,10,19,Air,10514,2770.9,0,Clear,Low,0.798,8254,94.88,3,Medium,0,7
SHP102296,Supplier_C,Medical,USA,India,481,1469.0,13,14,Road,3908,2227.34,6,Clear,Low,0.72,5370,107.63,0,High,0,14
SHP102297,Supplier_B,Raw_Materials,Germany,Germany,1913,2925.0,3,9,Air,9576,3189.0,5,Clear,Low,0.933,6534,111.13,4,Medium,0,15
SHP102298,Supplier_E,Raw_Materials,India,Canada,1138,109.0,14,25,Air,10819,2537.57,7,Snow,Low,0.934,7705,84.16,0,Medium,1,15
SHP102299,Supplier_E,Automotive,China,Canada,1291,2574.0,19,21,Road,1857,1723.48,1,Rain,Low,0.821,4398,105.62,1,Medium,0,11
SHP102300,Supplier_B,Electronics,China,UK,612,3847.0,24,25,Road,322,1490.14,7,Clear,Medium,0.775,7255,111.43,5,Medium,1,23
SHP102301,Supplier_D,Raw_Materials,India,India,1500,2709.0,3,5,Road,12656,3265.41,0,Snow,Medium,0.734,5887,88.74,5,High,1,15
SHP102302,Supplier_A,Consumer_Goods,USA,USA,866,4146.0,41,20,Sea,7053,2931.14,3,Rain,Medium,0.947,7445,104.78,0,Low,0,10
SHP102303,Supplier_A,Electronics,Vietnam,Canada,1994,1628.0,30,28,Road,7136,3150.34,6,Rain,Low,0.954,9327,91.86,2,Medium,1,15
SHP102304,Supplier_A,Electronics,USA,Canada,1147,4456.0,7,6,Sea,9192,2490.64,4,Clear,Medium,0.777,1332,119.28,0,Low,0,14
SHP102305,Supplier_B,Medical,China,Canada,1533,3155.0,12,28,Air,13306,2855.64,4,Rain,Medium,0.88,4233,70.33,4,Medium,1,17
SHP102306,Supplier_B,Raw_Materials,Vietnam,Canada,1498,757.0,4,5,Road,2465,2760.84,1,,Medium,0.775,2535,90.72,1,Medium,0,9
SHP102307,Supplier_C,Medical,Germany,UK,760,1830.0,20,14,Rail,12772,1680.78,4,Clear,Medium,0.765,3124,83.19,0,Medium,1,14
SHP102308,Supplier_A,Raw_Materials,Vietnam,India,1265,2463.0,10,25,Air,1709,1166.79,0,Clear,Medium,0.706,3232,112.49,3,High,0,14
SHP102309,Supplier_D,Automotive,USA,Canada,1262,3456.0,60,30,Sea,13013,3166.82,3,Clear,Medium,0.867,4957,84.36,1,Medium,1,14
SHP102310,Supplier_D,Medical,India,USA,61,2211.0,31,14,Sea,11582,2890.54,1,Clear,Medium,0.743,8647,97.19,1,Medium,0,12
SHP102311,Supplier_A,Medical,Germany,USA,288,3589.0,10,19,Air,7321,1539.59,2,Clear,Medium,0.704,6282,107.01,4,Medium,1,16
SHP102312,Supplier_A,Consumer_Goods,USA,Germany,1945,658.0,11,8,Rail,1323,2447.03,5,Storm,High,0.73,6140,94.86,5,High,1,24
SHP102313,Supplier_A,Medical,Germany,Canada,1666,358.0,34,17,Sea,2007,2722.96,6,Clear,High,0.791,8744,90.52,3,High,1,20
SHP102314,Supplier_B,Raw_Materials,Vietnam,Canada,502,4357.0,2,4,Road,9654,2420.65,7,Storm,Medium,0.894,6697,72.13,2,Low,1,17
SHP102315,Supplier_B,Consumer_Goods,China,Canada,432,2414.0,9,10,Road,11043,1949.24,4,Rain,High,0.759,1952,71.15,0,Low,0,17
SHP102316,Supplier_B,Medical,USA,Canada,831,234.0,34,16,Sea,5910,2305.92,4,Clear,Medium,0.957,4369,117.87,2,High,0,14
SHP102317,Supplier_E,Medical,India,Canada,1875,295.0,5,7,Air,12261,3052.05,1,Clear,Medium,0.784,7442,102.16,5,Medium,0,12
SHP102318,Supplier_D,Automotive,Vietnam,USA,97,288.0,4,5,Air,6548,2450.59,5,,Low,0.796,7553,111.26,3,Low,1,18
SHP102319,Supplier_D,Medical,USA,India,366,569.0,6,12,Air,8066,,5,Clear,Medium,0.763,7830,94.02,1,Medium,1,18
SHP102320,Supplier_C,Electronics,India,India,258,3957.0,6,9,Air,14163,2634.59,4,Rain,High,0.774,1164,83.08,4,High,1,17
SHP102321,Supplier_B,Consumer_Goods,USA,Germany,1620,326.0,26,13,Sea,9560,3831.23,4,Rain,High,0.721,8249,84.73,4,High,1,20
SHP102322,Supplier_E,Electronics,Vietnam,USA,1192,4078.0,14,17,Road,5037,2665.29,7,Clear,Medium,0.785,3705,72.17,1,Medium,1,19
SHP102323,Supplier_E,Consumer_Goods,USA,Canada,626,4359.0,6,4,Sea,5848,2698.78,2,Clear,Medium,0.949,1103,109.54,4,High,1,16
SHP102324,Supplier_D,Automotive,Germany,India,364,655.0,6,7,Road,1331,1307.56,5,Clear,Medium,0.9,8297,99.08,2,Medium,0,14
SHP102325,Supplier_B,Medical,Vietnam,UK,803,4623.0,23,13,Sea,12360,3495.98,0,Storm,High,0.954,5691,94.04,5,Medium,0,13
SHP102326,Supplier_C,Medical,USA,UK,1109,4653.0,10,10,Road,10039,4021.11,6,Storm,Medium,0.73,5215,112.61,1,Medium,1,18
SHP102327,Supplier_B,Medical,China,UK,1536,4103.0,21,15,Rail,10850,2858.42,1,Snow,Medium,0.832,7402,92.24,0,High,0,10
SHP102328,Supplier_A,Consumer_Goods,USA,Canada,1837,2762.0,10,13,Air,13670,3072.11,1,Clear,Medium,0.766,2127,117.4,0,Medium,0,9
SHP102329,Supplier_B,Medical,Germany,Canada,964,191.0,23,19,Rail,14598,2614.76,2,Clear,High,0.909,1363,,3,Medium,0,14
SHP102330,Supplier_A,Electronics,India,Germany,804,3711.0,16,17,Road,837,1684.99,6,Clear,High,0.981,9061,119.23,5,Medium,1,18
SHP102331,Supplier_A,Medical,India,Germany,603,2419.0,5,3,Road,4536,1602.48,2,Snow,Low,0.936,1368,110.79,5,Medium,1,13
SHP102332,Supplier_C,Automotive,India,Germany,1654,1767.0,20,21,Road,3079,1734.73,0,Clear,Low,0.71,4949,87.75,1,Medium,0,10
SHP102333,Supplier_D,Electronics,China,UK,452,4606.0,38,18,Sea,10243,2698.47,3,Clear,High,0.792,6053,99.77,5,Medium,1,19
SHP102334,Supplier_B,Medical,Germany,Canada,1180,4815.0,11,21,Air,10073,1904.57,1,Storm,High,0.708,6863,113.23,2,Medium,1,19
SHP102335,Supplier_A,Medical,Vietnam,UK,88,3477.0,7,15,Air,629,1615.46,5,Clear,Medium,0.712,6304,94.08,5,Low,1,19
SHP102336,Supplier_B,Raw_Materials,India,Germany,630,2374.0,50,25,Sea,12421,3553.42,6,Rain,Medium,0.723,7537,72.55,1,High,1,24
SHP102337,Supplier_D,Consumer_Goods,Germany,Canada,229,1894.0,35,24,Rail,7241,2864.42,4,Clear,High,0.78,8511,115.18,1,Medium,1,19
SHP102338,Supplier_D,Electronics,USA,USA,61,449.0,25,25,Road,4518,2747.54,6,Clear,High,0.788,6350,95.85,2,High,1,21
SHP102339,Supplier_E,Raw_Materials,China,India,1412,4813.0,9,6,Sea,9496,2533.81,0,Storm,High,0.816,3092,97.26,4,Medium,1,14
SHP102340,Supplier_D,Automotive,Germany,India,992,2613.0,17,13,Road,2086,1576.5,7,Rain,Low,0.817,1594,70.69,2,Medium,1,18
SHP102341,Supplier_C,Consumer_Goods,Germany,Germany,1789,1572.0,22,20,Road,446,2658.12,1,Clear,Medium,0.924,2445,75.0,1,Low,0,7
SHP102342,Supplier_A,Electronics,Vietnam,UK,597,1384.0,40,20,Sea,5925,2877.32,5,Clear,Low,0.741,4622,108.87,1,Medium,0,15
SHP102343,Supplier_E,Medical,Germany,USA,1199,2673.0,2,12,Air,1315,2111.29,0,Clear,High,0.746,1765,91.75,1,High,0,9
SHP102344,Supplier_C,Electronics,Vietnam,Canada,112,288.0,8,19,Air,13990,1849.6,7,Rain,Low,0.882,7040,119.9,1,Low,1,16
SHP102345,Supplier_B,Medical,China,UK,893,3265.0,19,15,Rail,11060,2996.03,3,Clear,Medium,0.866,7436,104.78,3,Low,0,13
SHP102346,Supplier_A,Consumer_Goods,China,Germany,1155,3697.0,24,27,Road,8145,3146.34,5,Rain,Medium,0.745,5631,117.48,4,High,1,21
SHP102347,Supplier_D,Medical,USA,UK,1058,1666.0,31,16,Sea,5898,2335.73,1,Clear,High,0.947,9825,83.97,1,High,0,10
SHP102348,Supplier_A,Automotive,Vietnam,Germany,1892,2479.0,16,9,Sea,344,1995.58,6,Rain,Medium,0.795,7609,78.81,3,Medium,1,21
SHP102349,Supplier_B,Medical,Vietnam,India,1372,3702.0,13,12,Road,11017,2821.29,4,Clear,Low,0.806,7192,88.83,5,Medium,1,17
SHP102350,Supplier_E,Automotive,India,India,83,1771.0,8,5,Rail,14219,2299.46,5,Rain,Medium,0.822,9153,83.24,1,Medium,1,15
SHP102351,Supplier_E,Consumer_Goods,India,UK,801,1322.0,6,4,Road,7158,2346.84,7,Clear,Medium,0.794,5756,100.67,4,Medium,1,19
SHP102352,Supplier_E,Consumer_Goods,USA,USA,1682,3189.0,23,21,Road,11343,2552.1,7,Clear,Medium,0.862,9650,107.22,4,Medium,1,21
SHP102353,Supplier_D,Electronics,China,Canada,98,2928.0,3,9,Air,232,1759.59,1,Snow,High,0.813,7840,90.1,2,Medium,0,14
SHP102354,Supplier_C,Automotive,India,Germany,707,1585.0,17,7,Sea,1470,1287.55,7,Clear,Medium,0.775,7905,74.49,3,Medium,1,23
SHP102355,Supplier_C,Automotive,Germany,Canada,1710,585.0,16,30,Air,10388,2248.64,0,Clear,Medium,0.962,5850,71.32,5,Medium,0,8
SHP102356,Supplier_A,Raw_Materials,China,India,750,998.0,2,5,Road,1187,1240.67,3,Clear,Medium,0.789,2893,80.9,4,Low,1,15
SHP102357,Supplier_D,Raw_Materials,Germany,USA,1130,2692.0,55,27,Sea,9939,3356.92,7,Clear,High,0.903,1508,106.62,0,Medium,1,16
SHP102358,Supplier_E,Raw_Materials,Vietnam,USA,1934,3991.0,2,4,Road,10183,2423.27,5,Rain,High,0.801,1735,81.08,1,Low,1,14
SHP102359,Supplier_E,Medical,China,Canada,158,1071.0,50,25,Sea,10012,2203.74,0,Clear,Medium,0.826,7353,115.55,4,Medium,1,15
SHP102360,Supplier_B,Raw_Materials,USA,India,1590,483.0,29,28,Road,13515,3399.06,0,Rain,High,0.768,3751,102.58,5,Low,1,19
SHP102361,Supplier_B,Automotive,Vietnam,Canada,1034,1453.0,49,24,Sea,4102,2016.9,2,Rain,Medium,0.918,3843,113.1,5,Low,0,16
SHP102362,Supplier_E,Medical,Vietnam,UK,73,3561.0,18,8,Sea,10552,1911.97,0,Rain,Medium,0.914,9483,89.29,3,Medium,0,9
SHP102363,Supplier_E,Consumer_Goods,Germany,USA,270,2985.0,16,16,Road,13928,3158.04,6,Clear,High,0.706,1811,119.18,3,Low,1,21
SHP102364,Supplier_D,Electronics,Vietnam,USA,364,4928.0,7,9,Air,8410,2387.45,5,Clear,Medium,0.717,3097,103.97,3,Medium,1,14
SHP102365,Supplier_C,Raw_Materials,India,UK,343,4314.0,30,24,Rail,3003,1902.67,3,Rain,Medium,0.967,1649,87.85,2,Low,0,15
SHP102366,Supplier_B,Consumer_Goods,China,India,1083,4854.0,10,4,Sea,11100,3526.12,4,Clear,High,0.958,3597,80.63,5,Medium,1,15
SHP102367,Supplier_C,Automotive,India,USA,1750,3383.0,23,13,Sea,6922,2727.95,2,Rain,Low,0.847,1560,113.33,1,Low,0,11
SHP102368,Supplier_D,Electronics,Germany,Germany,1069,1652.0,20,23,Road,994,1636.03,0,Clear,Medium,0.843,9961,85.9,0,Low,0,9
SHP102369,Supplier_E,Consumer_Goods,Germany,Germany,1554,278.0,7,5,Rail,1365,2708.75,5,Clear,Medium,0.936,5651,72.22,3,Medium,0,10
SHP102370,Supplier_C,Electronics,China,India,1800,4572.0,20,11,Sea,6523,2583.17,6,Storm,Low,0.74,1503,83.93,1,Medium,1,20
SHP102371,Supplier_E,Raw_Materials,Vietnam,UK,1067,4267.0,15,10,Rail,14859,2832.81,6,Rain,High,0.89,9819,78.97,3,Low,1,19
SHP102372,Supplier_E,Automotive,USA,Canada,687,2246.0,15,28,Air,462,1417.76,6,Rain,Medium,0.838,4862,85.99,3,Medium,1,19
SHP102373,Supplier_A,Electronics,Germany,India,316,2949.0,9,13,Air,7264,2154.63,1,Storm,Medium,0.916,7651,100.66,5,Low,1,18
SHP102374,Supplier_C,Consumer_Goods,China,Canada,1865,160.0,41,20,Sea,10065,4121.74,2,Rain,High,0.709,3174,95.02,0,Medium,1,13
SHP102375,Supplier_C,Raw_Materials,USA,India,137,1294.0,8,3,Sea,14128,3170.43,3,Clear,Medium,0.872,4527,105.54,1,Medium,0,12
SHP102376,Supplier_E,Raw_Materials,Vietnam,Germany,504,4209.0,36,17,Sea,8605,1953.17,1,Snow,Medium,0.861,6423,86.69,3,Low,1,13
SHP102377,Supplier_D,Consumer_Goods,Germany,UK,1699,2735.0,12,6,Sea,5732,3210.81,7,Rain,High,0.944,7502,75.99,5,High,1,21
SHP102378,Supplier_A,Consumer_Goods,China,Germany,1606,3851.0,12,6,Sea,1806,2040.0,3,Rain,High,0.896,8723,78.01,2,High,0,11
SHP102379,Supplier_E,Electronics,China,UK,1221,3917.0,32,30,Road,7434,2721.27,1,Clear,High,0.955,9825,109.86,3,Medium,0,13
SHP102380,Supplier_B,Medical,China,Canada,806,1427.0,28,12,Sea,11757,3029.37,4,Storm,Low,0.957,7102,74.9,5,Low,1,19
SHP102381,Supplier_B,Raw_Materials,Germany,India,1851,1821.0,16,13,Rail,7013,2903.24,3,Clear,Low,0.818,8988,109.91,1,Low,0,9
SHP102382,Supplier_A,Electronics,USA,USA,1802,62.0,22,20,Road,13474,4641.12,1,Clear,Medium,0.74,6152,80.63,4,High,0,14
SHP102383,Supplier_D,Consumer_Goods,China,USA,480,4384.0,50,25,Sea,12659,2479.49,7,Clear,Low,0.883,1500,,3,Medium,1,18
SHP102384,Supplier_E,Electronics,Vietnam,UK,1825,3311.0,33,17,Sea,13448,3878.65,6,Clear,Medium,0.953,2563,101.15,2,Low,1,16
SHP102385,Supplier_C,Consumer_Goods,China,UK,960,712.0,11,5,Sea,10081,3513.29,7,Clear,Medium,0.722,5075,,2,High,1,17
SHP102386,Supplier_A,Automotive,USA,Germany,1817,3142.0,11,9,Road,14778,4590.79,3,Storm,Medium,0.862,2174,103.29,3,Medium,1,18
SHP102387,Supplier_D,Consumer_Goods,Germany,USA,1817,743.0,6,9,Air,2493,2485.76,7,Rain,Medium,0.733,8686,92.38,1,Medium,1,17
SHP102388,Supplier_C,Consumer_Goods,China,Germany,291,3440.0,10,19,Air,11902,2105.64,2,Clear,Medium,0.708,3158,105.36,3,High,0,14
SHP102389,Supplier_B,Consumer_Goods,China,Canada,751,1231.0,32,24,Rail,8226,2052.71,3,Rain,Medium,0.897,2984,111.77,2,High,0,12
SHP102390,Supplier_B,Medical,Vietnam,USA,951,3068.0,19,22,Road,3794,2254.61,5,Clear,Low,0.898,8299,71.97,3,Low,1,15
SHP102391,Supplier_C,Consumer_Goods,Vietnam,Canada,790,1554.0,15,29,Air,10572,2364.23,3,Clear,Medium,0.874,1519,102.4,2,Medium,1,13
SHP102392,Supplier_A,Raw_Materials,China,India,115,1952.0,16,26,Air,1089,709.54,1,Clear,Medium,0.949,2328,75.25,4,Medium,0,11
SHP102393,Supplier_B,Raw_Materials,China,Germany,1021,4221.0,26,18,Rail,3780,2550.22,7,Storm,High,0.723,8196,88.94,3,Low,1,29
SHP102394,Supplier_E,Electronics,Vietnam,UK,427,378.0,22,18,Rail,10755,2284.12,7,Clear,High,0.731,7993,70.63,0,Low,1,20
SHP102395,Supplier_C,Medical,USA,USA,437,1489.0,21,10,Sea,9196,1826.2,3,Clear,Medium,0.951,8518,86.43,3,Medium,1,15
SHP102396,Supplier_C,Electronics,India,Germany,1864,3896.0,11,5,Sea,6510,3276.04,4,Clear,Medium,0.846,8659,78.47,2,High,0,11
SHP102397,Supplier_B,Raw_Materials,India,UK,830,4217.0,25,22,Road,11336,2504.65,0,Rain,Low,0.779,1407,97.81,1,High,0,11
SHP102398,Supplier_A,Raw_Materials,China,India,258,274.0,19,17,Road,3497,936.38,2,Rain,Low,0.914,2531,95.61,2,High,1,12
SHP102399,Supplier_E,Automotive,Vietnam,USA,1488,2570.0,4,3,Road,4097,2509.93,5,Clear,High,0.959,1623,109.66,4,High,1,17
SHP102400,Supplier_A,Consumer_Goods,Germany,Canada,65,3764.0,25,12,Sea,13131,3024.41,6,Clear,Low,0.9,3766,102.0,1,Low,1,19
SHP102401,Supplier_D,Raw_Materials,Germany,India,1370,2457.0,4,4,Rail,1010,735.37,1,Rain,Medium,0.93,5647,105.73,0,Medium,0,2
SHP102402,Supplier_D,Electronics,India,UK,1035,860.0,19,9,Sea,6686,3108.19,6,Rain,Low,0.782,3827,74.62,0,Medium,0,12
SHP102403,Supplier_B,Electronics,USA,USA,1293,3167.0,12,16,Air,10899,3066.83,6,Clear,Low,0.784,5415,71.39,4,Medium,1,18
SHP102404,Supplier_B,Consumer_Goods,India,USA,1842,4823.0,18,18,Road,6081,2782.4,7,Storm,High,0.951,1666,118.48,4,High,1,18
SHP102405,Supplier_B,Consumer_Goods,China,India,416,3340.0,57,29,Sea,10037,2208.28,3,Snow,Medium,0.878,9819,91.35,4,Medium,1,15
SHP102406,Supplier_D,Automotive,USA,USA,829,4436.0,42,30,Rail,2223,1970.29,3,Clear,Medium,0.768,4276,89.75,5,Medium,1,18
SHP102407,Supplier_A,Medical,Germany,UK,1302,2301.0,8,17,Air,12634,2737.17,3,Rain,Low,0.852,6605,71.75,4,Medium,0,13
SHP102408,Supplier_A,Electronics,Vietnam,India,1704,4711.0,7,9,Road,1951,1860.03,7,Clear,Medium,0.899,2133,75.95,3,Medium,1,14
SHP102409,Supplier_B,Consumer_Goods,Vietnam,Canada,489,2579.0,33,15,Sea,6556,2022.08,2,Rain,Medium,0.763,2509,117.02,2,Low,0,14
SHP102410,Supplier_E,Electronics,China,India,739,4656.0,26,27,Road,12963,2914.0,5,Clear,Medium,0.89,2858,104.74,5,High,1,20
SHP102411,Supplier_A,Consumer_Goods,India,India,1605,973.0,6,12,Air,12057,3594.0,0,Clear,High,0.712,7219,90.46,3,Low,0,14
SHP102412,Supplier_D,Raw_Materials,China,Canada,1523,3102.0,11,11,Road,1715,1481.71,4,Rain,Low,0.788,5705,115.22,1,Low,0,15
SHP102413,Supplier_C,Electronics,Vietnam,UK,1109,65.0,15,11,Road,10682,2949.09,5,Storm,Medium,0.895,6617,99.49,0,Medium,1,14
SHP102414,Supplier_C,Raw_Materials,Germany,Germany,896,3646.0,12,8,Sea,11054,2749.94,4,Clear,Medium,0.743,5574,107.32,0,Medium,1,16
SHP102415,Supplier_C,Electronics,Vietnam,Germany,471,2453.0,14,26,Air,9497,2198.41,6,Clear,High,0.764,8556,91.58,1,High,1,21
SHP102416,Supplier_E,Medical,USA,Canada,1991,4501.0,51,27,Sea,4126,3324.76,5,Clear,Low,0.955,5683,91.58,0,High,0,12
SHP102417,Supplier_B,Automotive,Vietnam,UK,1693,4975.0,16,14,Road,13371,2747.79,1,Rain,Low,0.896,3411,73.42,4,Medium,0,10
SHP102418,Supplier_D,Raw_Materials,Vietnam,USA,1262,4060.0,49,25,Sea,6969,3198.18,0,Rain,Medium,0.845,1308,106.7,4,Medium,0,14
SHP102419,Supplier_E,Consumer_Goods,USA,Canada,1251,2696.0,43,22,Sea,10971,3465.81,0,Clear,Low,0.761,8230,74.96,5,Medium,0,12
SHP102420,Supplier_D,Medical,India,Germany,657,1151.0,44,22,Sea,2546,2466.9,2,Rain,Low,0.799,5362,108.21,4,High,1,15
SHP102421,Supplier_D,Electronics,Vietnam,UK,1388,3025.0,31,24,Rail,3412,2199.87,7,Rain,Medium,0.867,7176,79.54,1,Low,1,20
SHP102422,Supplier_B,Raw_Materials,China,India,69,,30,16,Sea,8114,2163.49,5,Clear,Medium,0.745,2832,82.37,2,Medium,1,19
SHP102423,Supplier_C,Electronics,Vietnam,UK,725,2956.0,17,29,Air,6957,2255.13,3,Rain,High,0.84,7183,115.89,1,Medium,1,16
SHP102424,Supplier_B,Electronics,China,UK,431,1796.0,21,22,Road,5119,2427.01,0,Clear,Low,0.819,7879,93.58,2,Low,0,7
SHP102425,Supplier_E,Electronics,USA,Germany,658,4359.0,28,29,Road,12679,1718.89,5,Storm,High,0.838,7410,76.26,0,Medium,1,20
SHP102426,Supplier_E,Automotive,Vietnam,Germany,192,1770.0,2,9,Air,10393,1281.12,3,Clear,High,0.731,3000,115.25,5,Medium,0,17
SHP102427,Supplier_E,Automotive,USA,USA,111,498.0,15,10,Rail,3316,1290.9,2,Clear,High,0.731,9858,92.62,0,High,0,11
SHP102428,Supplier_B,Consumer_Goods,USA,USA,1315,3062.0,10,10,Road,5575,2455.77,6,Clear,High,0.98,2684,76.53,0,High,0,11
SHP102429,Supplier_D,Raw_Materials,India,Canada,287,3554.0,23,10,Sea,3769,787.52,6,Storm,High,0.984,6617,89.54,2,Medium,1,21
SHP102430,Supplier_D,Medical,Vietnam,India,1204,1618.0,2,4,Sea,11322,3414.74,5,Clear,High,0.824,7782,99.47,0,High,0,12
SHP102431,Supplier_A,Medical,China,USA,1678,3236.0,22,16,Rail,2624,1954.11,5,Clear,Medium,0.929,4076,88.12,1,Low,1,13
SHP102432,Supplier_E,Medical,China,Germany,1676,3541.0,4,12,Air,12409,2460.77,1,Snow,Medium,0.89,6116,116.22,2,Medium,0,8
SHP102433,Supplier_D,Electronics,Vietnam,UK,1718,2596.0,39,20,Sea,7598,3185.34,5,Snow,High,0.734,9637,83.48,4,Medium,1,26
SHP102434,Supplier_A,Automotive,India,Canada,1196,4855.0,10,20,Air,13703,3160.61,1,Snow,Medium,0.786,5383,78.79,2,High,0,13
SHP102435,Supplier_D,Raw_Materials,India,USA,1513,4525.0,21,20,Road,11599,4008.63,3,Clear,Low,0.791,9024,81.05,1,High,0,10
SHP102436,Supplier_E,Electronics,India,UK,976,1097.0,42,18,Sea,13440,4516.4,7,Storm,High,0.873,6786,74.19,5,Low,1,26
SHP102437,Supplier_C,Automotive,China,UK,391,4684.0,21,22,Road,11034,2960.7,6,Clear,Medium,0.868,4751,92.61,1,High,1,14
SHP102438,Supplier_E,Automotive,USA,USA,1492,4898.0,2,7,Air,2061,2171.07,7,Clear,High,0.968,8785,113.92,1,Low,1,16
SHP102439,Supplier_B,Raw_Materials,India,India,1703,4680.0,21,22,Road,6403,2598.23,3,Clear,Low,0.929,7095,,0,High,0,12
SHP102440,Supplier_D,Raw_Materials,China,India,504,4818.0,6,7,Road,13297,2696.51,6,Clear,Medium,0.948,9031,82.92,5,Low,1,15
SHP102441,Supplier_D,Raw_Materials,China,Canada,1271,1114.0,46,22,Sea,4725,2699.84,6,Clear,Low,0.958,2545,111.87,4,High,1,19
SHP102442,Supplier_B,Electronics,USA,India,331,3871.0,25,25,Road,11913,2926.33,0,Clear,High,0.932,5831,85.3,5,Low,0,15
SHP102443,Supplier_B,Consumer_Goods,Vietnam,Canada,935,617.0,27,12,Sea,8392,3598.12,2,Storm,Low,0.797,9305,93.84,4,Medium,1,16
SHP102444,Supplier_C,Raw_Materials,Vietnam,Germany,1074,1486.0,22,19,Road,9605,1958.57,7,Clear,High,0.762,9963,71.56,3,High,1,23
SHP102445,Supplier_D,Consumer_Goods,India,USA,772,4560.0,9,15,Air,3548,1469.74,1,Clear,Low,0.866,6515,84.35,5,High,0,11
SHP102446,Supplier_D,Electronics,India,UK,1848,4594.0,37,19,Sea,3344,3231.44,6,Clear,Low,0.9,2012,76.53,5,High,1,18
SHP102447,Supplier_C,Consumer_Goods,USA,Canada,1405,4755.0,22,20,Rail,14778,3472.8,0,Snow,Low,0.812,8396,75.29,1,High,0,9
SHP102448,Supplier_A,Medical,India,India,1285,2755.0,19,15,Rail,6147,2284.48,7,Clear,Medium,0.946,8954,91.57,5,Medium,1,21
SHP102449,Supplier_C,Consumer_Goods,USA,Canada,136,2533.0,36,19,Sea,10193,2950.85,4,Clear,Medium,0.979,8534,83.87,0,High,0,10
SHP102450,Supplier_E,Raw_Materials,China,Canada,714,4850.0,60,30,Sea,4774,1798.54,0,Clear,Low,0.865,5203,78.32,2,High,0,11
SHP102451,Supplier_D,Electronics,India,India,911,4879.0,8,17,Air,1314,,3,Storm,Medium,0.832,5377,95.57,0,Medium,0,12
SHP102452,Supplier_B,Raw_Materials,China,India,1772,3829.0,36,28,Rail,7706,2926.46,4,Clear,Low,0.944,3668,109.2,1,Medium,0,16
SHP102453,Supplier_E,Medical,Germany,USA,110,4945.0,28,14,Sea,3726,2644.99,7,Clear,High,0.707,7533,106.74,0,High,1,18
SHP102454,Supplier_D,Raw_Materials,USA,UK,846,2844.0,57,30,Sea,9081,3404.08,0,Clear,Low,0.737,4241,82.54,5,High,0,20
SHP102455,Supplier_C,Raw_Materials,Germany,USA,144,1910.0,5,12,Air,9658,1667.81,5,Storm,Medium,0.945,1877,83.16,1,Low,1,15
SHP102456,Supplier_E,Raw_Materials,India,USA,835,3386.0,22,15,Rail,7975,2594.49,2,Clear,Medium,0.912,2198,106.6,5,Medium,0,15
SHP102457,Supplier_D,Automotive,China,India,1626,1940.0,28,13,Sea,6368,3377.18,1,Rain,High,0.821,1453,97.86,2,High,0,15
SHP102458,Supplier_A,Medical,India,India,1220,4876.0,10,5,Sea,14019,3657.78,5,Clear,High,0.958,5604,107.12,2,Medium,1,15
SHP102459,Supplier_A,Raw_Materials,Germany,UK,1319,4341.0,45,24,Sea,6912,2645.49,4,Snow,High,0.802,3143,70.07,4,High,1,23
SHP102460,Supplier_B,Raw_Materials,India,Canada,1717,1147.0,23,12,Sea,11915,4258.62,6,Rain,Low,0.884,7345,74.36,5,Medium,1,19
SHP102461,Supplier_D,Raw_Materials,Vietnam,USA,1010,1688.0,12,13,Road,5579,2207.85,2,Rain,High,0.884,8204,110.1,3,Medium,0,11
SHP102462,Supplier_A,Electronics,Germany,UK,346,1708.0,11,8,Rail,8794,1534.55,6,Clear,High,0.753,4058,112.56,0,Low,1,17
SHP102463,Supplier_C,Automotive,India,USA,1196,1175.0,4,3,Rail,272,1994.53,0,Clear,High,0.783,3856,87.17,3,Low,0,13
SHP102464,Supplier_D,Electronics,China,Canada,1728,313.0,17,8,Sea,986,2974.24,5,Clear,Medium,0.966,1440,117.92,0,Medium,0,10
SHP102465,Supplier_C,Automotive,India,USA,743,3042.0,4,7,Road,9709,2227.9,3,Rain,High,0.753,1995,85.08,4,Medium,1,18
SHP102466,Supplier_C,Raw_Materials,China,Germany,1777,210.0,14,9,Sea,11824,3648.48,7,Snow,Medium,0.75,3111,114.51,4,Medium,1,22
SHP102467,Supplier_A,Medical,Vietnam,UK,1529,1306.0,47,24,Sea,6363,3642.62,3,Clear,Medium,0.839,5100,91.09,2,Medium,0,15
SHP102468,Supplier_D,Consumer_Goods,India,India,448,4915.0,16,14,Rail,4468,1812.55,2,Storm,Medium,0.727,7215,98.09,2,Medium,1,16
SHP102469,Supplier_E,Consumer_Goods,Vietnam,USA,1792,360.0,28,14,Sea,11721,3943.27,3,Clear,Medium,0.959,4468,102.16,5,High,0,14
SHP102470,Supplier_A,Raw_Materials,Germany,UK,995,276.0,18,9,Sea,9701,2919.76,1,Snow,Medium,0.729,7473,76.66,2,High,0,14
SHP102471,Supplier_A,Electronics,China,UK,1304,322.0,3,4,Rail,7156,3272.88,7,Clear,Medium,0.879,6266,71.86,5,Medium,1,18
SHP102472,Supplier_D,Medical,Germany,USA,583,4462.0,16,30,Air,11215,2397.0,6,Clear,High,0.799,7492,91.34,0,High,1,17
SHP102473,Supplier_D,Automotive,China,India,451,1972.0,4,3,Road,5053,1882.47,2,Clear,Medium,0.933,5460,78.02,5,High,0,10
SHP102474,Supplier_C,Raw_Materials,Vietnam,India,1665,3207.0,36,25,Rail,10202,3182.96,7,Rain,Medium,0.871,9714,97.45,3,Medium,1,22
SHP102475,Supplier_D,Medical,USA,USA,179,2388.0,52,27,Sea,14345,3029.8,2,Rain,Low,0.813,9897,92.68,3,Low,1,17
SHP102476,Supplier_C,Medical,India,UK,341,1651.0,10,20,Air,360,876.23,3,Clear,High,0.985,2759,76.1,2,Low,0,12
SHP102477,Supplier_A,Automotive,Vietnam,India,325,3768.0,27,14,Sea,3452,1901.17,2,Clear,Medium,0.719,1249,103.29,4,High,0,16
SHP102478,Supplier_B,Medical,China,USA,961,2472.0,8,9,Air,1452,919.17,0,Clear,Low,0.868,5996,71.02,3,Low,0,9
SHP102479,Supplier_E,Electronics,China,USA,1908,1975.0,38,21,Sea,5343,3196.56,4,Clear,High,0.987,5344,76.32,4,Low,1,18
SHP102480,Supplier_A,Electronics,China,USA,1449,616.0,25,24,Road,9791,2755.81,5,Clear,Low,0.9,7591,105.01,2,Low,1,17
SHP102481,Supplier_D,Electronics,China,UK,975,2965.0,9,5,Sea,12665,3181.81,4,Rain,Low,0.915,8708,96.39,0,Medium,0,10
SHP102482,Supplier_E,Medical,India,India,104,301.0,22,12,Sea,10432,2603.2,7,Rain,Medium,0.709,7482,84.1,5,Medium,1,23
SHP102483,Supplier_B,Electronics,Germany,UK,1651,2404.0,58,29,Sea,3106,2571.99,6,Rain,Medium,0.706,7238,79.01,1,Medium,1,23
SHP102484,Supplier_B,Automotive,USA,Germany,788,3551.0,58,29,Sea,11910,2709.61,5,Rain,Low,0.71,9450,102.11,3,Low,1,24
SHP102485,Supplier_C,Medical,India,India,1099,4820.0,13,13,Rail,922,1252.23,3,Clear,Medium,0.988,8096,80.28,5,Low,0,14
SHP102486,Supplier_E,Consumer_Goods,China,UK,1514,2361.0,13,7,Sea,14563,4327.36,7,Rain,High,0.984,1904,119.23,5,Medium,1,20
SHP102487,Supplier_C,Medical,India,India,814,2165.0,3,4,Road,631,1161.1,1,Clear,Medium,0.797,6042,113.47,2,Medium,0,13
SHP102488,Supplier_A,Automotive,Vietnam,Germany,1270,1652.0,17,10,Sea,2920,,1,Rain,Low,0.784,8895,76.61,2,Medium,0,10
SHP102489,Supplier_E,Consumer_Goods,China,Canada,691,3320.0,34,16,Sea,266,1953.76,3,Clear,High,0.742,8456,112.96,5,Low,1,20
SHP102490,Supplier_A,Medical,USA,USA,1316,563.0,18,10,Sea,5026,1986.54,6,Rain,Medium,0.795,3139,87.25,3,Low,1,19
SHP102491,Supplier_C,Electronics,China,UK,1897,491.0,53,25,Sea,12623,3984.66,3,Clear,Medium,0.807,6143,94.5,1,High,0,14
SHP102492,Supplier_E,Raw_Materials,USA,Germany,773,50.0,7,8,Road,1155,979.9,2,Clear,Low,0.917,4178,77.14,0,High,0,8
SHP102493,Supplier_C,Raw_Materials,USA,Germany,1263,952.0,2,3,Air,1354,1187.21,1,Rain,Medium,0.951,5147,75.93,3,Low,0,7
SHP102494,Supplier_E,Electronics,Germany,India,851,1270.0,37,26,Rail,4386,2236.53,7,Clear,Medium,0.917,5389,113.27,5,Medium,1,23
SHP102495,Supplier_C,Raw_Materials,Germany,India,787,2371.0,4,3,Sea,8109,2343.09,4,Clear,High,0.887,3347,101.5,0,Medium,1,11
SHP102496,Supplier_B,Raw_Materials,India,USA,807,905.0,12,10,Rail,4107,1809.99,3,Rain,Medium,0.922,6501,93.02,2,Low,0,13
SHP102497,Supplier_C,Electronics,India,India,1641,,5,13,Air,13000,2059.93,6,Storm,Medium,0.914,2591,71.81,5,High,1,16
SHP102498,Supplier_B,Electronics,USA,UK,616,2270.0,39,20,Sea,7858,3432.19,7,Clear,High,0.838,3241,116.1,5,Low,1,20
SHP102499,Supplier_C,Medical,China,UK,1349,4730.0,13,26,Air,9823,2743.13,6,Clear,High,0.797,4628,88.8,3,Low,1,20
SHP102500,Supplier_E,Medical,Vietnam,UK,1891,3554.0,26,12,Sea,11820,4729.09,4,Clear,Low,0.782,1750,90.83,0,Medium,0,15
SHP102501,Supplier_E,Electronics,Vietnam,Canada,1482,4600.0,14,14,Rail,14690,4254.83,5,Rain,High,0.897,8911,84.49,4,High,1,20
SHP102502,Supplier_E,Automotive,China,UK,389,245.0,11,22,Air,12334,2947.44,4,Clear,Medium,0.978,9430,114.56,4,High,0,10
SHP102503,Supplier_D,Raw_Materials,China,India,202,4744.0,52,25,Sea,14111,2862.25,6,Storm,Medium,0.869,7535,87.23,4,Medium,1,25
SHP102504,Supplier_A,Medical,Germany,India,1638,1382.0,9,18,Air,9264,2659.7,1,Clear,Medium,0.965,3695,78.71,5,Medium,0,12
SHP102505,Supplier_E,Raw_Materials,Vietnam,UK,1471,4701.0,15,7,Sea,7989,2677.19,5,Clear,Medium,0.704,7156,95.03,0,Medium,1,17
SHP102506,Supplier_B,Consumer_Goods,USA,Germany,1517,1567.0,20,18,Road,12116,3299.07,7,Clear,Low,0.93,5636,109.07,4,High,1,21
SHP102507,Supplier_E,Electronics,India,Germany,1696,4584.0,23,26,Road,4844,1867.36,4,Clear,Medium,0.948,3304,88.57,2,Low,0,13
SHP102508,Supplier_D,Automotive,Germany,Germany,1053,2747.0,14,14,Road,8397,3224.83,2,Rain,Medium,0.883,1107,102.6,5,Low,0,17
SHP102509,Supplier_B,Consumer_Goods,Vietnam,USA,476,4504.0,18,8,Sea,9896,3055.47,2,Clear,Low,0.971,2604,85.21,0,High,0,6
SHP102510,Supplier_D,Consumer_Goods,China,Canada,1052,3157.0,10,7,Rail,12065,3402.26,1,Snow,Medium,0.871,2908,105.99,2,High,0,14
SHP102511,Supplier_B,Consumer_Goods,Vietnam,UK,1560,1107.0,2,3,Road,4387,2129.63,7,Clear,High,0.77,3230,103.44,1,Medium,1,19
SHP102512,Supplier_C,Electronics,USA,USA,253,2755.0,38,21,Sea,1102,1856.89,2,Clear,Medium,0.763,8921,104.04,0,Medium,0,12
SHP102513,Supplier_A,Medical,Germany,Germany,1185,2113.0,25,12,Sea,13689,2983.22,3,Clear,Medium,0.861,9558,102.3,4,High,0,13
SHP102514,Supplier_A,Electronics,China,UK,374,2842.0,34,27,Rail,13955,,5,Storm,High,0.963,8163,77.82,4,High,1,21
SHP102515,Supplier_D,Medical,USA,USA,1331,470.0,33,16,Sea,14610,4144.37,1,Rain,Medium,0.721,8701,114.4,5,High,1,15
SHP102516,Supplier_A,Consumer_Goods,India,India,999,4698.0,25,27,Road,14181,3920.97,5,Clear,Low,0.875,4594,99.29,1,Medium,0,9
SHP102517,Supplier_D,Consumer_Goods,Germany,Germany,1601,2864.0,49,23,Sea,13022,3312.39,7,Snow,Medium,0.923,3921,89.12,5,High,1,25
SHP102518,Supplier_D,Automotive,USA,USA,1000,2890.0,5,5,Air,184,2084.88,6,Clear,Low,0.733,2740,78.62,3,Low,1,20
SHP102519,Supplier_D,Medical,USA,India,1423,1081.0,5,8,Road,14399,4024.33,4,Rain,High,0.734,3818,109.18,1,Medium,1,16
SHP102520,Supplier_A,Consumer_Goods,China,Germany,988,1541.0,10,7,Road,3095,2470.18,3,Storm,High,0.806,2353,95.45,4,Low,1,20
SHP102521,Supplier_D,Raw_Materials,India,Canada,1006,1935.0,35,19,Sea,13115,3163.63,1,Rain,Medium,0.779,9643,77.36,4,Low,0,18
SHP102522,Supplier_A,Automotive,USA,Germany,1751,4997.0,21,20,Road,11579,3600.92,4,Storm,Medium,0.758,7140,116.07,3,Medium,1,20
SHP102523,Supplier_D,Electronics,Germany,Canada,1886,559.0,6,14,Air,5256,2836.32,4,Storm,Medium,0.758,5416,75.3,1,Low,1,14
SHP102524,Supplier_E,Automotive,USA,Canada,943,1909.0,7,7,Road,7294,2447.22,4,Snow,Medium,0.738,7017,96.21,2,Low,1,18
SHP102525,Supplier_D,Raw_Materials,Vietnam,Canada,484,1908.0,16,11,Rail,5883,2117.01,4,Clear,High,0.877,7993,100.53,1,Low,0,13
SHP102526,Supplier_B,Medical,Germany,UK,1499,963.0,19,14,Rail,5795,2954.25,4,Clear,Medium,0.9,1742,119.95,2,High,0,16
SHP102527,Supplier_D,Electronics,Germany,UK,1353,2115.0,41,22,Sea,12457,3315.85,1,Rain,Low,0.904,6589,77.05,4,Low,0,14
SHP102528,Supplier_C,Electronics,USA,Canada,420,3016.0,21,11,Sea,253,947.54,2,Rain,High,0.854,8005,100.68,4,Low,1,18
SHP102529,Supplier_D,Medical,China,India,1743,4939.0,6,5,Road,9753,3469.29,4,Clear,Low,0.976,8628,93.84,1,Medium,0,11
SHP102530,Supplier_B,Automotive,Germany,Canada,982,3887.0,8,3,Sea,11104,2870.67,6,Clear,High,0.955,9002,82.86,4,High,1,17
SHP102531,Supplier_B,Consumer_Goods,Vietnam,USA,298,1646.0,50,24,Sea,6514,2284.68,6,Storm,Medium,0.978,3562,117.11,5,Medium,1,26
SHP102532,Supplier_A,Automotive,China,Canada,940,4492.0,22,17,Rail,6784,1757.92,3,Snow,Medium,0.813,2260,109.54,5,High,1,16
SHP102533,Supplier_E,Raw_Materials,China,UK,230,1105.0,23,12,Sea,2119,1309.21,1,Clear,Low,0.955,8239,108.85,5,Medium,0,11
SHP102534,Supplier_D,Consumer_Goods,China,UK,752,1073.0,36,16,Sea,9389,3629.1,0,Clear,Medium,0.921,8439,114.96,3,Medium,0,12
SHP102535,Supplier_A,Automotive,Germany,USA,1048,3254.0,6,9,Air,670,1699.89,2,Clear,High,0.799,3334,106.25,0,High,0,7
SHP102536,Supplier_E,Medical,China,USA,1724,625.0,3,6,Air,8022,3230.84,3,Clear,Medium,0.731,7230,95.34,2,Medium,0,13
SHP102537,Supplier_D,Raw_Materials,USA,Germany,127,248.0,14,28,Air,8440,2574.36,6,Rain,High,0.898,9577,89.58,4,Low,1,22
SHP102538,Supplier_C,Raw_Materials,China,India,968,1415.0,7,7,Rail,11869,3458.66,4,Storm,Medium,0.74,1602,105.21,2,Medium,1,19
SHP102539,Supplier_D,Raw_Materials,Vietnam,India,934,2048.0,43,22,Sea,6253,2742.46,1,Clear,High,0.785,1442,100.14,1,High,0,11
SHP102540,Supplier_B,Consumer_Goods,India,India,385,1066.0,35,18,Sea,2791,1536.41,1,Rain,High,0.845,4307,97.14,3,High,1,17
SHP102541,Supplier_B,Electronics,Vietnam,UK,99,3668.0,4,5,Road,7769,1710.15,4,Rain,Medium,0.897,8841,99.45,2,Low,1,12
SHP102542,Supplier_C,Consumer_Goods,Germany,India,134,75.0,21,19,Road,10401,1981.81,6,Clear,Medium,0.969,6856,102.77,4,Low,1,18
SHP102543,Supplier_A,Automotive,China,Germany,1768,1608.0,12,15,Road,5607,3290.4,3,Rain,High,0.872,4301,118.44,0,High,0,11
SHP102544,Supplier_E,Electronics,China,Germany,744,3774.0,16,8,Sea,10210,3064.38,1,Rain,Low,0.895,3301,107.66,5,Low,0,10
SHP102545,Supplier_D,Automotive,USA,India,53,3508.0,26,28,Road,4969,1825.23,5,Storm,High,0.79,8095,78.82,3,Medium,1,21
SHP102546,Supplier_B,Electronics,China,USA,1042,3406.0,4,7,Air,5949,2862.07,6,Clear,Medium,0.899,8841,93.34,1,Low,0,13
SHP102547,Supplier_A,Consumer_Goods,Vietnam,Germany,366,2417.0,12,18,Air,6067,2669.07,6,Rain,Medium,0.827,5450,103.91,4,Low,1,18
SHP102548,Supplier_C,Raw_Materials,Germany,USA,1184,520.0,8,13,Air,3755,2202.53,2,Clear,Low,0.949,4566,78.78,3,High,0,11
SHP102549,Supplier_B,Medical,India,UK,1407,2517.0,38,19,Sea,6771,3387.76,3,Clear,High,0.814,7553,116.64,4,High,1,17
SHP102550,Supplier_C,Raw_Materials,China,Germany,1924,4796.0,16,7,Sea,5769,3042.3,6,Clear,Medium,0.836,3476,73.85,1,Medium,1,16
SHP102551,Supplier_D,Consumer_Goods,India,USA,812,935.0,10,8,Road,10004,3001.3,7,Clear,High,0.825,8120,100.55,1,Low,1,18
SHP102552,Supplier_E,Electronics,China,India,1206,925.0,5,12,Air,2592,1491.09,4,Clear,Medium,0.935,5010,118.8,0,High,0,9
SHP102553,Supplier_B,Raw_Materials,Germany,UK,661,991.0,20,23,Road,9636,2465.27,7,Clear,Medium,0.977,3389,106.39,3,Medium,1,18
SHP102554,Supplier_B,Consumer_Goods,Vietnam,Canada,1054,3091.0,4,3,Air,12257,2177.62,6,Rain,High,0.795,2830,103.86,0,Medium,1,15
SHP102555,Supplier_D,Automotive,Germany,Canada,963,621.0,9,23,Air,9398,1780.6,7,Rain,High,0.838,7540,119.87,0,Medium,1,14
SHP102556,Supplier_A,Medical,India,India,1757,4199.0,22,12,Sea,11797,4156.64,3,Clear,High,0.905,5073,109.59,0,Medium,0,8
SHP102557,Supplier_E,Raw_Materials,China,UK,848,654.0,24,19,Rail,12404,2550.73,7,Clear,Medium,0.96,6545,118.51,5,Medium,1,20
SHP102558,Supplier_B,Electronics,India,UK,168,4470.0,37,29,Rail,6612,1555.29,5,Rain,Medium,0.843,5829,104.94,2,High,1,17
SHP102559,Supplier_E,Automotive,Vietnam,UK,399,,4,5,Rail,14079,3083.86,6,Clear,Medium,0.732,9054,103.27,1,High,1,21
SHP102560,Supplier_B,Consumer_Goods,Germany,UK,966,4410.0,30,30,Road,8874,,3,Clear,Medium,0.807,3266,108.13,0,Medium,0,14
SHP102561,Supplier_E,Medical,India,Canada,736,431.0,3,4,Road,4450,2772.26,6,Rain,Low,0.86,9787,79.44,2,Low,1,16
SHP102562,Supplier_C,Electronics,India,USA,591,1286.0,20,19,Road,6699,1118.15,0,Clear,Medium,0.821,9382,110.29,2,Low,0,7
SHP102563,Supplier_B,Consumer_Goods,Vietnam,UK,1128,2430.0,6,6,Road,10982,2485.32,7,Clear,High,0.754,4462,118.51,2,Medium,1,18
SHP102564,Supplier_E,Consumer_Goods,China,USA,410,3829.0,3,4,Air,4756,648.95,7,Clear,Medium,0.711,9835,100.58,0,High,1,18
SHP102565,Supplier_A,Raw_Materials,India,UK,757,2155.0,14,7,Sea,10872,2276.11,4,Clear,High,0.899,6918,70.62,2,Low,1,15
SHP102566,Supplier_C,Raw_Materials,Vietnam,Germany,1526,1567.0,25,12,Sea,13803,4209.95,2,Snow,Low,0.988,4767,73.6,0,Low,0,7
SHP102567,Supplier_C,Electronics,China,Germany,1626,1583.0,5,3,Sea,8611,3318.76,4,Clear,High,0.967,2105,81.74,3,Medium,0,11
SHP102568,Supplier_A,Consumer_Goods,China,Germany,734,3344.0,60,30,Sea,4415,1282.55,0,Clear,Medium,0.898,3855,94.55,1,Low,0,11
SHP102569,Supplier_E,Raw_Materials,Germany,UK,379,3490.0,12,28,Air,4894,1711.46,4,Rain,High,0.944,7503,90.69,4,High,1,15
SHP102570,Supplier_D,Medical,Vietnam,USA,268,3539.0,4,3,Sea,1537,2178.79,4,Clear,Medium,0.774,3159,118.96,0,Medium,0,12
SHP102571,Supplier_A,Medical,China,Canada,257,3995.0,15,29,Air,131,603.14,2,Clear,High,0.881,5398,117.28,1,Low,0,12
SHP102572,Supplier_E,Consumer_Goods,Germany,India,1743,4692.0,40,28,Rail,814,2377.68,7,Storm,Medium,0.718,5146,89.64,0,Medium,1,25
SHP102573,Supplier_A,Raw_Materials,USA,Canada,894,920.0,4,6,Air,8055,3017.19,0,Storm,Medium,0.905,9997,109.72,5,Medium,0,12
SHP102574,Supplier_A,Electronics,Vietnam,UK,1813,2200.0,17,9,Sea,9331,3222.7,4,Clear,Low,0.981,7024,101.82,3,High,0,14
SHP102575,Supplier_B,Electronics,USA,Germany,134,3282.0,18,16,Rail,508,940.56,5,Clear,Medium,0.95,9892,82.16,1,High,0,12
SHP102576,Supplier_E,Electronics,China,Germany,734,3281.0,33,16,Sea,14608,2863.27,6,Rain,High,0.855,4791,116.56,1,Low,0,16
SHP102577,Supplier_D,Medical,Vietnam,USA,294,3816.0,12,20,Air,7446,2385.1,4,Clear,Low,0.929,5756,82.98,2,Low,0,11
SHP102578,Supplier_B,Raw_Materials,Germany,UK,921,3257.0,9,4,Sea,8138,3038.96,1,Clear,Medium,0.974,2907,113.52,0,Medium,0,6
SHP102579,Supplier_A,Raw_Materials,China,Canada,1072,4543.0,2,3,Air,7840,1964.48,4,Clear,Low,0.763,2136,101.88,0,Medium,0,8
SHP102580,Supplier_A,Medical,Vietnam,UK,1758,4537.0,9,23,Air,7764,2559.73,2,Clear,High,0.93,5131,101.06,4,Low,0,12
SHP102581,Supplier_A,Electronics,Vietnam,UK,1408,3876.0,12,24,Air,5131,2713.2,1,Clear,High,0.778,1622,111.92,2,High,0,13
SHP102582,Supplier_E,Electronics,USA,Germany,1285,1662.0,35,18,Sea,1227,1278.99,5,Clear,Medium,0.954,8245,94.72,2,Medium,0,14
SHP102583,Supplier_E,Consumer_Goods,China,Canada,645,1127.0,25,24,Road,5536,1569.53,6,Rain,Low,0.729,3896,112.67,4,Medium,1,23
SHP102584,Supplier_B,Automotive,Germany,India,734,1350.0,38,20,Sea,8998,2847.32,5,Clear,Medium,0.752,6659,97.51,2,Low,0,16
SHP102585,Supplier_D,Raw_Materials,Germany,Germany,1256,2208.0,18,18,Road,12131,3573.81,5,Clear,Low,0.909,5968,119.23,2,Low,1,12
SHP102586,Supplier_B,Raw_Materials,China,Canada,1206,2321.0,16,30,Air,11315,2908.5,0,Clear,Medium,0.751,6423,103.0,3,Medium,0,14
SHP102587,Supplier_C,Raw_Materials,China,USA,1063,2579.0,59,30,Sea,11951,2654.94,5,Rain,Medium,0.746,2415,88.7,5,High,1,23
SHP102588,Supplier_A,Automotive,India,Germany,1063,3310.0,24,25,Road,882,2219.95,3,Clear,Medium,0.861,7797,108.17,1,High,0,9
SHP102589,Supplier_A,Consumer_Goods,USA,USA,1965,413.0,14,24,Air,5400,3115.0,2,Clear,Low,0.942,3062,95.49,4,Medium,0,12
SHP102590,Supplier_A,Automotive,China,Germany,1873,895.0,37,26,Rail,2279,3016.67,0,Clear,Low,0.778,3687,110.3,3,Medium,0,14
SHP102591,Supplier_B,Electronics,China,UK,1847,3082.0,17,8,Sea,6906,3401.28,1,Clear,Low,0.944,5262,111.67,5,Medium,0,10
SHP102592,Supplier_B,Electronics,India,Canada,399,1377.0,27,27,Road,1278,1018.66,3,Snow,Medium,0.934,2688,100.85,3,Low,1,15
SHP102593,Supplier_A,Raw_Materials,India,USA,331,3212.0,23,12,Sea,2506,2292.24,0,Rain,Medium,0.868,5158,113.61,3,Medium,0,13
SHP102594,Supplier_B,Medical,Vietnam,Germany,342,441.0,8,4,Sea,13646,2810.88,2,Clear,Low,0.888,8738,90.17,2,High,0,8
SHP102595,Supplier_E,Raw_Materials,Germany,USA,1342,3305.0,10,9,Road,2907,2051.1,1,Rain,Medium,0.712,9394,72.87,5,Medium,1,17
SHP102596,Supplier_E,Medical,USA,Germany,1934,2109.0,22,23,Road,12552,4013.25,2,Clear,High,0.806,2124,103.13,5,Low,1,17
SHP102597,Supplier_B,Automotive,Vietnam,Germany,1270,3287.0,9,19,Air,2864,2569.94,2,Clear,Medium,0.776,6288,108.22,4,Medium,0,13
SHP102598,Supplier_A,Electronics,China,India,1610,2096.0,4,5,Rail,14862,3321.81,1,Clear,High,0.744,3450,73.64,2,Medium,0,11
SHP102599,Supplier_B,Medical,India,India,1726,4291.0,15,22,Air,2824,2846.07,5,Rain,Medium,0.813,7490,108.55,2,Medium,1,13
SHP102600,Supplier_B,Automotive,Germany,India,1033,1355.0,9,14,Air,2635,1480.8,4,Clear,Low,0.803,9978,101.96,3,High,1,15
SHP102601,Supplier_B,Electronics,Vietnam,USA,1808,2944.0,7,4,Sea,8504,3841.35,2,Clear,Medium,0.911,5929,75.82,0,Low,0,10
SHP102602,Supplier_C,Medical,Germany,UK,69,2082.0,12,9,Road,10240,2390.09,5,Clear,Medium,0.873,5288,97.0,4,Medium,1,17
SHP102603,Supplier_E,Raw_Materials,India,Germany,808,814.0,25,19,Rail,4961,1988.71,6,Clear,Medium,0.965,3946,75.44,4,High,1,16
SHP102604,Supplier_D,Raw_Materials,Vietnam,Canada,1913,548.0,40,21,Sea,6400,2587.54,1,Rain,Medium,0.742,8915,86.08,3,Medium,1,17
SHP102605,Supplier_D,Raw_Materials,Vietnam,India,1786,3418.0,6,14,Air,7956,2219.51,2,Storm,High,0.717,4036,110.2,3,High,1,19
SHP102606,Supplier_C,Automotive,Germany,USA,454,2994.0,9,11,Road,3246,1949.06,4,Rain,Medium,0.855,8716,75.04,1,Low,1,15
SHP102607,Supplier_B,Raw_Materials,India,USA,1188,3854.0,59,29,Sea,6678,2987.98,6,Rain,Medium,0.7,5075,92.97,3,Low,1,25
SHP102608,Supplier_C,Consumer_Goods,China,USA,1968,4263.0,36,16,Sea,1301,2936.99,1,Storm,Low,0.928,6507,100.29,2,Low,0,12
SHP102609,Supplier_C,Electronics,Vietnam,Canada,750,4510.0,8,4,Sea,10111,2844.24,7,Clear,Low,0.847,7096,117.03,3,High,1,17
SHP102610,Supplier_A,Automotive,China,Canada,1029,185.0,10,23,Air,2989,1615.22,0,Clear,Medium,0.842,8724,106.86,4,High,0,7
SHP102611,Supplier_E,Raw_Materials,India,India,75,1150.0,12,6,Sea,744,1207.16,0,Clear,Medium,0.805,9528,76.96,0,Low,0,6
SHP102612,Supplier_D,Electronics,Vietnam,Canada,615,1921.0,60,30,Sea,14048,3269.3,7,Clear,High,0.809,4667,118.44,0,Medium,1,21
SHP102613,Supplier_B,Medical,Vietnam,India,1755,4083.0,23,21,Road,10651,3416.72,5,Clear,Medium,0.825,9796,93.9,2,Low,1,20
SHP102614,Supplier_D,Raw_Materials,China,Canada,444,4163.0,23,23,Road,6051,1221.23,0,Clear,Low,0.705,3536,88.49,0,Medium,0,11
SHP102615,Supplier_D,Electronics,USA,Canada,1050,4062.0,6,18,Air,4322,1863.6,3,Clear,Medium,0.724,1665,76.44,3,Medium,0,15
SHP102616,Supplier_E,Consumer_Goods,China,Canada,1454,254.0,12,24,Air,12764,2654.84,7,Clear,Low,0.846,3917,116.67,0,Low,1,14
SHP102617,Supplier_D,Medical,China,India,572,4644.0,37,19,Sea,4420,2088.36,2,Snow,Medium,0.744,2232,99.31,3,Medium,1,19
SHP102618,Supplier_D,Consumer_Goods,USA,Germany,1612,2421.0,5,4,Air,3188,1662.23,2,Clear,High,0.926,8927,119.4,5,High,0,12
SHP102619,Supplier_C,Electronics,India,India,911,4740.0,17,19,Road,8788,3023.45,1,Clear,Medium,0.78,7024,78.69,1,Medium,0,9
SHP102620,Supplier_E,Consumer_Goods,India,Germany,1156,611.0,26,21,Rail,10308,2106.28,3,Rain,High,0.728,9543,97.29,4,High,1,20
SHP102621,Supplier_A,Electronics,Vietnam,USA,851,3364.0,11,10,Road,8764,2845.78,2,Clear,High,0.768,3895,75.49,5,Medium,1,18
SHP102622,Supplier_B,Electronics,Germany,USA,599,4010.0,26,26,Road,10180,2237.09,1,Clear,Medium,0.804,8413,96.21,2,Low,0,10
SHP102623,Supplier_D,Consumer_Goods,Germany,India,1518,2576.0,42,22,Sea,3482,2971.32,4,Clear,Low,0.71,7174,114.49,1,Medium,1,16
SHP102624,Supplier_B,Electronics,Vietnam,Germany,136,2261.0,14,8,Sea,8025,2266.39,2,Rain,Medium,0.741,5570,75.47,0,Medium,0,15
SHP102625,Supplier_A,Raw_Materials,Germany,Germany,882,2421.0,22,14,Rail,1260,1336.65,5,Storm,Low,0.794,8424,83.48,2,Medium,1,20
SHP102626,Supplier_B,Electronics,China,Germany,436,4785.0,35,27,Rail,10814,2300.43,2,Rain,Medium,0.79,7362,104.12,3,Low,0,16
SHP102627,Supplier_A,Automotive,China,USA,1012,2731.0,50,25,Sea,4412,2747.19,4,Clear,High,0.932,7388,73.81,1,Low,0,13
SHP102628,Supplier_C,Electronics,USA,India,717,2856.0,40,20,Sea,8487,2713.26,4,Clear,Medium,0.945,5538,92.7,4,High,0,13
SHP102629,Supplier_D,Automotive,USA,UK,1471,3819.0,25,29,Road,2348,1924.64,2,Clear,High,0.756,7644,86.65,4,Low,1,19
SHP102630,Supplier_A,Electronics,Vietnam,Germany,1893,2305.0,4,4,Air,4561,2269.85,4,Snow,High,0.736,8394,111.91,1,Medium,1,15
SHP102631,Supplier_B,Electronics,Vietnam,Germany,335,4460.0,20,21,Road,2866,1206.2,1,Rain,High,0.884,5350,72.45,1,Medium,0,12
SHP102632,Supplier_D,Consumer_Goods,Vietnam,UK,747,950.0,25,26,Road,1651,2448.01,2,Clear,Medium,0.933,1069,113.17,1,High,1,11
SHP102633,Supplier_C,Raw_Materials,China,India,1767,1800.0,6,12,Air,2547,2930.92,2,Rain,High,0.979,9769,105.18,0,High,0,6
SHP102634,Supplier_D,Raw_Materials,Germany,Germany,1014,4949.0,31,27,Rail,5744,3075.91,0,Clear,Medium,0.702,8169,84.86,5,High,0,15
SHP102635,Supplier_A,Medical,Vietnam,India,418,3345.0,3,5,Rail,4409,2460.04,5,Snow,Medium,0.82,5590,79.89,5,Medium,1,22
SHP102636,Supplier_C,Consumer_Goods,Vietnam,Germany,704,3209.0,37,27,Rail,10680,2378.6,2,Storm,High,0.913,5084,117.51,5,Medium,1,18
SHP102637,Supplier_B,Consumer_Goods,China,Canada,1495,1502.0,60,30,Sea,7596,3185.54,6,Clear,High,0.94,6934,97.7,4,Medium,1,21
SHP102638,Supplier_C,Raw_Materials,China,Germany,1791,1293.0,5,14,Air,11298,2653.37,0,Rain,Medium,0.718,9320,87.24,4,Low,0,13
SHP102639,Supplier_C,Consumer_Goods,China,Canada,703,2372.0,58,28,Sea,8410,2976.15,4,Clear,High,0.897,2506,72.22,0,Low,0,13
SHP102640,Supplier_E,Raw_Materials,Germany,India,746,1720.0,39,18,Sea,3596,1834.38,5,Clear,Medium,0.784,2648,78.29,2,Medium,1,19
SHP102641,Supplier_C,Consumer_Goods,Vietnam,Germany,1516,2077.0,4,14,Air,1816,1731.69,5,Rain,Medium,0.722,9184,99.91,4,High,1,22
SHP102642,Supplier_C,Electronics,India,USA,1826,1818.0,21,10,Sea,11175,3711.68,4,Clear,Low,0.842,4167,95.66,2,Low,0,15
SHP102643,Supplier_D,Raw_Materials,India,USA,1593,3713.0,6,7,Road,5037,2152.72,1,Clear,Medium,0.746,3548,107.88,2,Medium,0,12
SHP102644,Supplier_B,Raw_Materials,Vietnam,UK,1073,2352.0,2,13,Air,3014,2203.76,7,Rain,Medium,0.914,2479,111.74,2,Medium,1,18
SHP102645,Supplier_D,Automotive,Vietnam,USA,1657,1219.0,21,12,Sea,1772,2699.77,7,Rain,Low,0.915,6523,89.86,4,Medium,1,22
SHP102646,Supplier_D,Consumer_Goods,Vietnam,Canada,964,4760.0,3,5,Air,9494,1903.77,0,Clear,Medium,0.944,1007,75.05,3,Low,0,6
SHP102647,Supplier_A,Consumer_Goods,Vietnam,USA,337,2482.0,27,29,Road,1555,1783.11,2,Clear,Low,0.809,1219,109.58,2,Medium,0,8
SHP102648,Supplier_D,Raw_Materials,Germany,USA,144,436.0,27,25,Road,14131,2703.47,0,Rain,Low,0.704,9916,97.69,5,High,0,17
SHP102649,Supplier_E,Electronics,India,USA,718,,6,11,Air,13332,,4,Clear,Medium,0.775,5197,118.99,3,High,0,12
SHP102650,Supplier_E,Electronics,USA,Germany,90,3398.0,22,14,Rail,6645,1270.61,4,Storm,Medium,0.836,7917,109.82,0,Low,1,15
SHP102651,Supplier_A,Electronics,India,UK,380,1455.0,2,8,Air,7126,1281.55,6,Clear,Medium,0.901,3049,86.45,5,High,1,15
SHP102652,Supplier_B,Consumer_Goods,India,India,1886,173.0,45,21,Sea,12953,4646.65,7,Clear,Medium,0.811,4785,91.42,3,High,1,19
SHP102653,Supplier_B,Automotive,China,UK,1854,4047.0,20,18,Road,4078,3221.23,1,Clear,Medium,0.855,8657,81.78,3,Medium,0,13
SHP102654,Supplier_D,Raw_Materials,Vietnam,Canada,1228,3502.0,23,23,Road,2571,580.39,7,Clear,Low,0.852,4912,95.6,1,Low,0,18
SHP102655,Supplier_D,Medical,Vietnam,Germany,553,3946.0,15,25,Air,8409,1442.21,5,Rain,Medium,0.748,9962,105.54,2,High,1,17
SHP102656,Supplier_D,Automotive,Vietnam,Germany,324,1674.0,34,26,Rail,467,1832.04,5,Clear,High,0.881,1739,100.62,4,Low,1,22
SHP102657,Supplier_B,Medical,China,USA,1739,1231.0,24,16,Rail,13517,3522.14,4,Clear,Low,0.827,5295,87.1,1,High,0,12
SHP102658,Supplier_C,Automotive,Germany,USA,1638,777.0,58,30,Sea,3276,3239.74,0,Storm,Medium,0.934,5121,111.16,5,Medium,1,19
SHP102659,Supplier_E,Electronics,Germany,Canada,228,3934.0,12,6,Sea,3474,1510.25,5,Clear,Low,0.9,6039,75.25,3,Low,0,14
SHP102660,Supplier_C,Consumer_Goods,USA,Germany,1825,3720.0,10,20,Air,6873,2667.29,6,Clear,Medium,0.732,8815,77.13,0,Medium,0,16
SHP102661,Supplier_C,Medical,Germany,India,186,1191.0,21,12,Sea,14305,3561.42,6,Clear,Medium,0.842,8000,90.21,4,High,1,18
SHP102662,Supplier_B,Automotive,Germany,UK,816,2425.0,38,20,Sea,3912,2107.45,2,Clear,High,0.904,9388,105.11,0,Medium,0,9
SHP102663,Supplier_C,Consumer_Goods,Vietnam,Germany,1037,4081.0,14,14,Road,6391,1874.17,2,Clear,Medium,0.725,1509,104.71,3,Medium,0,15
SHP102664,Supplier_A,Medical,India,India,1809,408.0,42,21,Sea,6085,3439.5,0,Clear,Medium,0.93,2995,88.33,0,Medium,0,6
SHP102665,Supplier_D,Raw_Materials,Germany,India,1253,3792.0,11,10,Road,2297,1784.4,7,Clear,Medium,0.764,2014,104.83,1,High,1,17
SHP102666,Supplier_A,Automotive,Germany,UK,1255,2894.0,2,3,Air,5011,3128.56,7,Storm,Low,0.846,4101,73.03,0,Low,1,18
SHP102667,Supplier_E,Raw_Materials,China,India,1332,4588.0,6,16,Air,14691,2921.84,1,Clear,High,0.973,1922,84.5,1,High,0,10
SHP102668,Supplier_D,Electronics,USA,Canada,292,2261.0,11,25,Air,10421,2340.81,2,Rain,Medium,0.866,6427,104.69,2,Medium,1,11
SHP102669,Supplier_C,Raw_Materials,China,India,1169,1022.0,4,8,Air,14451,3324.07,0,Rain,Low,0.823,9212,79.2,4,Medium,0,9
SHP102670,Supplier_E,Raw_Materials,Vietnam,Canada,246,410.0,32,16,Sea,1000,1764.1,0,Clear,Medium,0.702,2064,80.64,0,Medium,0,9
SHP102671,Supplier_D,Automotive,India,India,1977,2682.0,3,4,Road,292,2702.7,4,Clear,Medium,0.739,7011,74.34,1,Medium,0,15
SHP102672,Supplier_C,Electronics,USA,USA,575,3240.0,12,11,Road,2870,2130.13,5,Clear,Low,0.868,2899,88.22,3,Medium,0,14
SHP102673,Supplier_A,Raw_Materials,China,India,681,4998.0,29,14,Sea,13485,3330.1,4,Clear,Medium,0.843,4543,111.25,5,Medium,1,16
SHP102674,Supplier_D,Consumer_Goods,Germany,Canada,1460,1674.0,8,7,Road,11640,3574.12,5,Storm,Medium,0.806,1966,111.82,3,High,1,19
SHP102675,Supplier_C,Medical,Germany,India,457,3978.0,8,4,Sea,5280,1115.79,1,Rain,Medium,0.968,6783,113.12,1,Medium,0,9
SHP102676,Supplier_A,Raw_Materials,USA,India,1342,1806.0,41,21,Sea,1050,2332.83,1,Storm,Low,0.796,9705,,4,Low,1,16
SHP102677,Supplier_E,Electronics,Germany,India,1244,290.0,15,9,Sea,6779,3272.65,1,Storm,High,0.856,4574,119.67,2,Medium,1,14
SHP102678,Supplier_E,Raw_Materials,China,Canada,1998,4811.0,8,9,Road,3706,3008.24,0,Clear,Low,0.865,1040,95.13,2,Low,0,8
SHP102679,Supplier_E,Medical,China,India,1657,1025.0,6,12,Air,14778,3755.71,0,Clear,Medium,0.853,7981,113.64,4,Medium,0,10
SHP102680,Supplier_E,Electronics,Germany,UK,740,4368.0,11,19,Air,14830,3246.62,7,Clear,Medium,0.838,1262,115.26,5,Medium,1,21
SHP102681,Supplier_B,Automotive,Germany,UK,219,2363.0,55,28,Sea,5138,1609.45,4,Storm,Low,0.798,9145,95.72,0,High,0,15
SHP102682,Supplier_D,Electronics,Vietnam,Canada,208,1355.0,18,16,Rail,357,855.24,2,Storm,Low,0.964,2819,72.55,1,Medium,0,9
SHP102683,Supplier_D,Automotive,India,USA,1582,837.0,26,29,Road,1321,2423.74,6,Clear,Low,0.831,1127,99.87,2,Medium,0,16
SHP102684,Supplier_B,Electronics,USA,UK,496,,13,13,Road,14488,1882.55,5,Clear,Low,0.853,3578,86.7,4,Low,0,12
SHP102685,Supplier_C,Medical,China,Germany,1739,605.0,32,30,Road,750,1305.85,5,Clear,Low,0.89,6851,80.34,2,Low,0,13
SHP102686,Supplier_C,Medical,USA,UK,1987,2159.0,41,22,Sea,10610,3599.67,1,Storm,Medium,0.72,8937,79.13,2,Medium,1,18
SHP102687,Supplier_E,Electronics,Vietnam,Germany,1067,4992.0,10,8,Road,14636,2992.25,7,Snow,Medium,0.927,4211,97.96,0,High,1,16
SHP102688,Supplier_A,Raw_Materials,China,Canada,1155,2699.0,8,10,Road,12783,3107.87,5,Clear,Medium,0.849,3806,75.22,2,Medium,0,12
SHP102689,Supplier_C,Medical,Vietnam,USA,1130,1609.0,9,21,Air,2525,2884.08,3,Clear,Low,0.891,3279,111.08,1,Medium,0,7
SHP102690,Supplier_A,Automotive,Vietnam,Germany,1592,4285.0,44,21,Sea,14302,3878.43,1,Clear,High,0.924,8076,81.36,4,Medium,0,13
SHP102691,Supplier_D,Automotive,Germany,Germany,161,1413.0,12,26,Air,14970,2638.85,6,Clear,Low,0.953,6687,97.46,5,Medium,1,18
SHP102692,Supplier_A,Consumer_Goods,USA,UK,97,4009.0,52,26,Sea,9214,1362.76,5,Storm,Medium,0.814,8926,76.27,5,Low,1,23
SHP102693,Supplier_D,Automotive,USA,Germany,1665,639.0,35,26,Rail,3259,2277.54,4,Clear,Low,0.935,2787,112.98,5,Medium,1,15
SHP102694,Supplier_B,Consumer_Goods,Germany,Canada,1960,1799.0,40,19,Sea,497,2911.72,5,Rain,Low,0.775,5732,104.6,0,Low,1,18
SHP102695,Supplier_B,Electronics,USA,Canada,425,590.0,52,26,Sea,5401,1730.07,0,Clear,Medium,0.891,3179,80.33,5,Medium,1,16
SHP102696,Supplier_E,Electronics,Germany,Canada,877,2472.0,34,26,Rail,11206,2566.39,4,Clear,Medium,0.73,9368,105.79,0,High,0,14
SHP102697,Supplier_C,Electronics,China,UK,82,340.0,40,20,Sea,5502,598.5,4,Clear,Medium,0.706,4123,74.15,5,Low,1,22
SHP102698,Supplier_E,Raw_Materials,Vietnam,USA,553,2140.0,25,14,Sea,7800,2092.8,4,Rain,Medium,0.728,6665,108.61,4,Medium,1,20
SHP102699,Supplier_D,Raw_Materials,Vietnam,UK,676,3985.0,17,11,Rail,660,1995.52,3,Rain,High,0.793,9213,94.52,1,Medium,1,16
SHP102700,Supplier_E,Consumer_Goods,USA,Canada,1969,4008.0,44,25,Sea,8481,3352.71,3,Clear,Medium,0.709,1652,76.01,5,Medium,1,18
SHP102701,Supplier_A,Automotive,India,UK,1076,3909.0,27,26,Road,8496,,5,,Medium,0.883,4390,97.52,2,Low,1,16
SHP102702,Supplier_D,Automotive,Vietnam,Canada,1559,1305.0,11,18,Air,11307,2419.57,1,Clear,Low,0.792,9974,80.04,2,Medium,0,9
SHP102703,Supplier_B,Electronics,Germany,India,1589,57.0,13,20,Air,12431,2862.08,7,Clear,Low,0.914,9359,103.64,5,High,1,18
SHP102704,Supplier_C,Medical,India,India,1941,1707.0,34,18,Sea,5199,3801.97,5,Rain,Medium,0.713,2781,105.43,1,Medium,1,21
SHP102705,Supplier_D,Raw_Materials,India,Germany,1845,4628.0,37,18,Sea,3471,2673.19,5,Clear,Medium,0.763,6866,108.04,3,Low,1,20
SHP102706,Supplier_D,Raw_Materials,Vietnam,USA,91,4478.0,6,6,Rail,3141,1031.15,7,Clear,Medium,0.818,8083,114.74,4,Medium,1,18
SHP102707,Supplier_A,Electronics,Vietnam,India,58,1306.0,31,25,Rail,6944,2389.97,7,Storm,Low,0.811,9823,102.75,1,Medium,1,22
SHP102708,Supplier_C,Raw_Materials,Vietnam,Canada,1049,4000.0,33,24,Rail,9997,2782.63,5,Clear,High,0.738,2601,94.59,2,High,1,20
SHP102709,Supplier_B,Electronics,Germany,UK,868,1089.0,18,9,Sea,5498,2265.03,7,Clear,High,0.988,3881,112.71,4,High,1,19
SHP102710,Supplier_D,Consumer_Goods,India,UK,706,2166.0,4,3,Rail,812,1636.76,6,Clear,Medium,0.782,2863,114.99,5,Medium,1,18
SHP102711,Supplier_D,Automotive,USA,Germany,1986,734.0,28,26,Road,3556,3150.21,0,Storm,High,0.909,8333,109.09,4,Medium,1,16
SHP102712,Supplier_A,Medical,Germany,UK,1682,4068.0,52,25,Sea,10976,3916.64,4,Rain,High,0.764,1721,117.12,2,High,1,18
SHP102713,Supplier_E,Automotive,China,India,1861,1847.0,22,22,Road,7047,2614.45,2,Clear,High,0.955,8242,118.97,1,Low,0,9
SHP102714,Supplier_B,Automotive,Vietnam,UK,1215,1874.0,2,3,Air,4506,2018.34,6,Rain,Medium,0.812,8573,82.57,3,High,1,15
SHP102715,Supplier_C,Consumer_Goods,India,India,839,3584.0,4,10,Air,13265,1776.41,1,Clear,High,0.961,8853,79.18,4,Medium,0,11
SHP102716,Supplier_D,Raw_Materials,Germany,India,1509,112.0,29,28,Road,11891,2701.65,1,Storm,Low,0.799,1242,92.43,5,Low,1,19
SHP102717,Supplier_D,Medical,China,USA,1100,310.0,22,25,Road,13244,3318.94,4,Storm,Medium,0.703,7905,119.85,4,Low,1,23
SHP102718,Supplier_B,Raw_Materials,Germany,Germany,1116,3621.0,19,10,Sea,10613,3191.32,1,Rain,Medium,0.85,5638,74.42,4,Low,0,10
SHP102719,Supplier_E,Automotive,Germany,Canada,1204,3242.0,23,12,Sea,7749,3168.82,4,Rain,Medium,0.852,5372,105.6,5,Medium,1,21
SHP102720,Supplier_D,Electronics,USA,India,1289,1538.0,4,3,Rail,3977,2534.48,1,Clear,Low,0.735,5645,112.54,5,High,0,14
SHP102721,Supplier_B,Automotive,USA,Germany,1679,1180.0,22,23,Road,3622,2881.15,5,Rain,High,0.768,6427,119.82,5,Medium,1,21
SHP102722,Supplier_A,Raw_Materials,Germany,Canada,1593,4325.0,54,27,Sea,5751,3038.8,0,Rain,Medium,0.927,9594,100.99,1,Low,0,12
SHP102723,Supplier_E,Automotive,China,UK,647,404.0,9,23,Air,12918,2961.61,6,Clear,Low,0.711,2453,89.0,4,Medium,1,19
SHP102724,Supplier_C,Electronics,India,Germany,1418,2824.0,33,16,Sea,4212,2767.25,6,Rain,Medium,0.842,5171,78.32,5,Low,1,22
SHP102725,Supplier_D,Consumer_Goods,India,Germany,1581,638.0,22,16,Rail,11057,3648.61,1,Storm,High,0.854,7482,119.09,2,Low,0,15
SHP102726,Supplier_B,Raw_Materials,Vietnam,Germany,1723,654.0,31,12,Sea,4665,2579.02,6,Clear,High,0.9,7908,116.21,2,High,1,17
SHP102727,Supplier_A,Automotive,Vietnam,UK,1954,2278.0,58,30,Sea,5006,2846.91,1,Clear,Medium,0.711,6569,110.23,5,Medium,0,15
SHP102728,Supplier_C,Raw_Materials,India,UK,1486,,41,21,Sea,5523,2668.27,7,Rain,Low,0.87,4501,117.19,0,High,0,14
SHP102729,Supplier_B,Consumer_Goods,Germany,Germany,985,403.0,38,27,Rail,8846,3480.47,7,Storm,Low,0.701,2186,73.04,4,Low,1,26
SHP102730,Supplier_B,Automotive,Germany,USA,1319,3340.0,15,18,Road,10432,3595.99,7,Storm,Low,0.777,2381,101.57,3,Medium,1,21
SHP102731,Supplier_C,Automotive,USA,India,1522,483.0,16,11,Road,5077,1940.29,2,Rain,Low,0.845,7813,83.74,0,Medium,0,10
SHP102732,Supplier_A,Raw_Materials,USA,UK,1061,3002.0,43,22,Sea,2778,2160.74,6,Storm,Medium,0.964,2904,108.28,4,High,1,21
SHP102733,Supplier_A,Raw_Materials,Vietnam,USA,70,308.0,6,18,Air,13208,1695.06,0,Rain,Medium,0.737,2752,74.79,4,Low,0,16
SHP102734,Supplier_E,Electronics,India,UK,1048,917.0,29,22,Rail,8875,2231.16,6,,Low,0.749,2954,82.94,5,High,1,23
SHP102735,Supplier_D,Consumer_Goods,Germany,Germany,1481,2656.0,38,29,Rail,5041,3083.92,5,Rain,High,0.894,6271,112.51,1,Low,1,18
SHP102736,Supplier_C,Electronics,India,USA,506,3695.0,11,10,Rail,7429,1431.41,0,Clear,Medium,0.809,1537,107.47,1,High,0,10
SHP102737,Supplier_C,Automotive,China,Canada,1517,,10,9,Rail,10288,3492.9,6,Clear,High,0.881,8582,119.6,2,Low,1,18
SHP102738,Supplier_C,Raw_Materials,India,India,1063,443.0,14,13,Road,941,1672.03,0,Clear,Medium,0.989,3390,102.2,0,Medium,0,4
SHP102739,Supplier_A,Automotive,China,India,1995,4481.0,20,23,Road,10667,,6,Clear,Medium,0.986,8930,85.15,0,Low,0,16
SHP102740,Supplier_D,Automotive,USA,UK,314,2160.0,9,8,Road,4138,1645.3,1,Clear,Medium,0.803,4936,97.39,5,Medium,0,11
SHP102741,Supplier_E,Medical,USA,India,1733,3914.0,16,17,Road,1904,3052.85,3,Clear,Medium,0.846,2495,117.2,0,Low,0,9
SHP102742,Supplier_B,Medical,Vietnam,Canada,233,4189.0,16,21,Air,9021,1920.39,7,Clear,Medium,0.962,7216,102.59,5,Medium,1,18
SHP102743,Supplier_B,Automotive,India,USA,276,2250.0,35,16,Sea,4449,2276.71,1,Clear,Medium,0.727,5523,114.07,2,Medium,0,14
SHP102744,Supplier_C,Raw_Materials,India,USA,1877,4047.0,20,17,Rail,9755,3359.16,4,Clear,High,0.831,4370,71.14,3,Medium,1,18
SHP102745,Supplier_D,Automotive,China,Germany,1621,3903.0,15,8,Sea,14979,4284.78,7,Rain,High,0.809,2259,88.48,3,Low,1,20
SHP102746,Supplier_A,Medical,USA,USA,1319,4999.0,36,26,Rail,5046,3092.17,6,Storm,Medium,0.786,6826,116.77,5,High,1,24
SHP102747,Supplier_D,Raw_Materials,China,UK,1146,3804.0,2,12,Air,10459,2480.52,2,Storm,Low,0.988,5075,71.96,3,Low,0,9
SHP102748,Supplier_D,Automotive,USA,Canada,1223,4420.0,30,16,Sea,7218,2959.29,0,Clear,High,0.913,4030,95.96,5,High,0,12
SHP102749,Supplier_A,Consumer_Goods,China,Germany,1586,3479.0,35,18,Sea,13209,3619.2,4,Rain,Medium,0.813,5695,87.33,0,High,1,17
SHP102750,Supplier_C,Consumer_Goods,USA,UK,1142,4571.0,4,15,Air,6757,2226.8,5,Clear,Medium,0.94,1096,102.31,4,Medium,1,15
SHP102751,Supplier_D,Automotive,China,UK,1018,4628.0,7,13,Air,1672,300.0,7,Clear,Medium,0.842,5501,78.11,0,Low,1,14
SHP102752,Supplier_B,Raw_Materials,USA,UK,854,263.0,13,27,Air,13366,2453.67,4,Rain,Low,0.953,9906,102.67,5,Low,0,13
SHP102753,Supplier_A,Automotive,China,India,1303,2176.0,3,5,Road,6340,2688.75,7,Rain,Low,0.777,3494,119.59,4,Medium,1,19
SHP102754,Supplier_E,Automotive,India,UK,772,188.0,8,10,Air,5066,1686.4,3,Storm,Low,0.765,3746,83.56,1,Low,1,15
SHP102755,Supplier_C,Medical,Vietnam,India,1145,4243.0,60,30,Sea,9685,3035.48,6,Rain,Low,0.772,5043,93.07,5,Medium,1,23
SHP102756,Supplier_A,Consumer_Goods,China,USA,1051,4010.0,4,5,Air,356,1708.45,0,Clear,Medium,0.856,6139,71.48,5,High,0,7
SHP102757,Supplier_E,Medical,Vietnam,India,924,713.0,4,4,Road,227,2276.2,1,Storm,Low,0.784,1584,91.7,2,High,0,12
SHP102758,Supplier_E,Medical,India,UK,1681,2882.0,24,23,Road,9674,2818.04,0,Rain,High,0.743,1953,90.3,3,Medium,0,11
SHP102759,Supplier_D,Automotive,India,Canada,1470,1123.0,19,16,Road,13567,3773.48,7,Storm,Medium,0.988,3897,,0,High,1,16
SHP102760,Supplier_D,Medical,USA,Canada,133,4624.0,42,22,Sea,12020,2610.95,2,Rain,Medium,0.961,8528,82.84,0,Low,0,10
SHP102761,Supplier_D,Consumer_Goods,Vietnam,USA,789,4072.0,9,23,Air,14492,2938.41,0,Clear,Low,0.884,3030,86.43,1,High,0,7
SHP102762,Supplier_A,Medical,Germany,UK,1372,211.0,26,24,Road,14359,4377.94,4,Clear,Medium,0.959,1593,100.49,4,Medium,1,17
SHP102763,Supplier_A,Consumer_Goods,USA,India,1821,1550.0,18,17,Road,12943,4034.32,4,Clear,Low,0.971,2831,115.42,3,Medium,0,8
SHP102764,Supplier_C,Medical,Vietnam,Canada,1366,3228.0,2,5,Air,6967,2902.78,1,Clear,Medium,0.896,9547,81.76,2,Low,0,9
SHP102765,Supplier_D,Consumer_Goods,China,Germany,1807,4540.0,7,3,Sea,7954,3272.35,1,Clear,High,0.85,7599,103.87,4,Low,1,15
SHP102766,Supplier_E,Medical,China,UK,272,4946.0,6,17,Air,10992,2041.21,1,Clear,Medium,0.956,1111,96.19,4,Medium,0,11
SHP102767,Supplier_B,Medical,India,UK,842,235.0,12,22,Air,11439,1832.7,5,Storm,Low,0.865,5470,75.23,5,High,1,19
SHP102768,Supplier_C,Raw_Materials,Germany,Germany,782,4703.0,23,24,Road,2305,1351.34,6,Storm,High,0.737,3173,98.27,3,Medium,1,26
SHP102769,Supplier_A,Consumer_Goods,China,Canada,1289,2030.0,11,4,Sea,12472,3800.31,2,Rain,Medium,0.806,4078,105.44,2,Medium,0,12
SHP102770,Supplier_C,Consumer_Goods,Vietnam,Germany,1304,4591.0,11,20,Air,8613,2120.36,5,Clear,Low,0.829,2383,99.91,3,Low,0,14
SHP102771,Supplier_C,Consumer_Goods,Vietnam,USA,454,4038.0,6,3,Sea,10648,2771.31,7,Clear,Medium,0.971,7721,75.22,3,Medium,1,16
SHP102772,Supplier_C,Electronics,China,India,1242,879.0,14,11,Rail,13941,3245.46,5,Rain,High,0.891,4970,112.73,0,Low,0,15
SHP102773,Supplier_C,Medical,Vietnam,India,378,3569.0,6,5,Road,4479,1599.72,5,Clear,Medium,0.954,1361,72.05,2,High,1,13
SHP102774,Supplier_B,Consumer_Goods,Vietnam,Canada,475,3561.0,7,4,Rail,8167,2464.8,7,Storm,High,0.92,9870,81.8,4,Medium,1,21
SHP102775,Supplier_D,Electronics,India,Germany,1627,3378.0,11,6,Sea,11405,4097.97,0,Storm,Low,0.79,6078,100.79,3,Medium,0,13
SHP102776,Supplier_E,Raw_Materials,Germany,UK,819,3398.0,22,18,Road,10209,2688.12,3,Clear,Low,0.908,3811,80.9,1,Medium,0,8
SHP102777,Supplier_C,Consumer_Goods,India,UK,1269,2535.0,48,24,Sea,12248,4193.11,7,Rain,Medium,0.757,3822,75.09,2,High,1,24
SHP102778,Supplier_C,Consumer_Goods,Germany,UK,1977,4661.0,3,3,Air,6377,1697.15,6,Clear,Low,0.818,5895,95.6,1,Medium,0,14
SHP102779,Supplier_C,Electronics,Vietnam,USA,657,1275.0,23,11,Sea,13001,3255.2,0,Rain,Medium,0.934,9466,106.12,4,Medium,0,7
SHP102780,Supplier_D,Medical,Germany,USA,1902,4901.0,49,27,Sea,10988,4310.98,7,Clear,Low,0.877,1905,90.54,2,Medium,1,21
SHP102781,Supplier_A,Raw_Materials,Vietnam,UK,575,2894.0,22,10,Sea,13815,2288.19,1,Clear,Medium,0.939,9141,104.92,0,Medium,0,7
SHP102782,Supplier_A,Consumer_Goods,Vietnam,Canada,674,2783.0,13,8,Road,9808,3333.19,7,Rain,Medium,0.774,2882,113.03,2,Low,1,20
SHP102783,Supplier_B,Medical,India,USA,126,4470.0,12,22,Air,11585,1994.37,2,Rain,Medium,0.917,1491,117.94,4,Low,0,17
SHP102784,Supplier_A,Raw_Materials,India,USA,1350,4046.0,41,20,Sea,4424,2187.67,7,Rain,Medium,0.759,8811,81.66,0,High,1,16
SHP102785,Supplier_C,Automotive,USA,India,969,2720.0,10,18,Air,14217,3192.67,5,Clear,High,0.858,9732,100.27,4,Low,1,19
SHP102786,Supplier_C,Automotive,China,India,995,4832.0,18,10,Sea,11337,2829.63,0,Rain,Medium,0.826,3886,83.34,5,Medium,0,13
SHP102787,Supplier_C,Raw_Materials,USA,Canada,515,1548.0,13,25,Air,13717,3228.35,6,Rain,Medium,0.861,7132,113.55,2,Medium,1,16
SHP102788,Supplier_B,Electronics,USA,USA,1521,1738.0,60,30,Sea,14320,4189.85,4,Snow,Medium,0.739,1455,114.51,4,High,1,24
SHP102789,Supplier_C,Raw_Materials,Germany,USA,1393,2497.0,14,6,Sea,8410,3845.36,6,Storm,High,0.805,1650,86.11,2,Low,1,20
SHP102790,Supplier_A,Raw_Materials,Vietnam,Germany,1995,917.0,11,5,Sea,7181,4126.36,5,Rain,Medium,0.893,2304,102.27,0,Medium,0,12
SHP102791,Supplier_D,Electronics,Vietnam,Canada,1233,4362.0,35,17,Sea,2471,2350.91,6,Rain,Medium,0.862,5512,114.38,2,Medium,1,19
SHP102792,Supplier_D,Electronics,Vietnam,Canada,541,3058.0,15,8,Sea,5116,1690.45,0,Rain,Medium,0.859,4609,95.42,4,Medium,0,14
SHP102793,Supplier_E,Medical,China,Germany,362,3574.0,8,3,Sea,6402,2979.11,4,Clear,Low,0.848,9995,106.02,4,Medium,0,14
SHP102794,Supplier_A,Medical,Germany,Germany,1704,2062.0,43,20,Sea,6482,2452.71,7,Clear,High,0.974,9989,110.04,5,Medium,1,23
SHP102795,Supplier_C,Electronics,Germany,India,1234,289.0,51,25,Sea,6639,2701.48,0,Storm,Medium,0.971,4384,113.59,5,High,1,17
SHP102796,Supplier_D,Automotive,Vietnam,Canada,357,97.0,14,13,Road,12707,2946.64,7,Storm,Medium,0.804,5704,95.76,4,Medium,1,27
SHP102797,Supplier_A,Automotive,USA,Canada,1936,4099.0,9,5,Sea,12210,3493.46,0,Rain,High,0.802,6727,117.09,1,Low,0,13
SHP102798,Supplier_D,Raw_Materials,China,Germany,1219,3507.0,31,15,Sea,11552,2887.65,7,Clear,Medium,0.861,3645,101.45,1,High,1,19
SHP102799,Supplier_C,Consumer_Goods,USA,UK,1748,3329.0,25,19,Rail,6552,2713.8,5,Clear,High,0.728,8116,77.59,1,Low,1,20
SHP102800,Supplier_D,Raw_Materials,India,UK,1469,3278.0,19,20,Road,6492,2710.1,7,Clear,High,0.788,6429,100.62,3,Medium,1,19
SHP102801,Supplier_E,Raw_Materials,Germany,India,740,1298.0,36,28,Rail,10877,1704.79,0,Clear,Medium,0.767,3053,84.92,5,Medium,0,16
SHP102802,Supplier_E,Consumer_Goods,Germany,UK,138,1217.0,28,28,Road,4896,2048.91,1,Clear,Low,0.765,4514,88.6,2,Low,0,13
SHP102803,Supplier_D,Electronics,USA,UK,784,3540.0,32,16,Sea,2541,1848.74,6,Snow,Medium,0.885,1309,110.44,1,Low,1,20
SHP102804,Supplier_A,Automotive,China,UK,827,1947.0,57,27,Sea,10991,3528.79,4,Clear,Medium,0.811,9976,118.67,4,Medium,0,17
SHP102805,Supplier_A,Raw_Materials,Germany,USA,800,3586.0,8,9,Road,1117,1223.54,7,Clear,High,0.75,6000,113.49,4,Medium,1,23
SHP102806,Supplier_A,Consumer_Goods,USA,India,1381,2229.0,13,9,Rail,4601,2160.96,2,Clear,Low,0.957,6121,86.29,1,Medium,0,9
SHP102807,Supplier_D,Medical,China,Germany,1619,4770.0,14,16,Road,3147,2420.53,3,Snow,Low,0.954,6722,92.68,5,Medium,1,15
SHP102808,Supplier_A,Raw_Materials,USA,UK,420,2020.0,34,28,Rail,13592,2964.64,6,Storm,Low,0.95,7897,,1,Medium,1,15
SHP102809,Supplier_C,Automotive,China,USA,500,4746.0,48,26,Sea,10360,3152.06,5,Clear,Medium,0.813,6494,116.18,4,Low,1,19
SHP102810,Supplier_E,Electronics,Vietnam,UK,216,2770.0,36,17,Sea,5894,2334.96,4,Snow,High,0.717,8639,118.85,1,Low,1,21
SHP102811,Supplier_C,Raw_Materials,China,USA,441,2431.0,20,14,Rail,13994,2259.07,1,Clear,Low,0.731,1057,91.65,5,Medium,0,15
SHP102812,Supplier_A,Raw_Materials,India,India,1710,1993.0,9,14,Road,11957,3461.87,4,Clear,Low,0.78,2248,110.03,3,Medium,1,12
SHP102813,Supplier_C,Consumer_Goods,Vietnam,UK,785,3196.0,13,10,Rail,4350,1934.46,2,Rain,Medium,0.764,7036,113.56,3,Medium,0,15
SHP102814,Supplier_A,Medical,USA,USA,540,3533.0,17,18,Road,6047,2002.99,5,Clear,High,0.953,1517,72.21,5,Medium,1,16
SHP102815,Supplier_D,Medical,Vietnam,Canada,974,3746.0,23,11,Sea,13254,3308.1,4,Rain,High,0.986,3077,83.3,3,Medium,0,13
SHP102816,Supplier_C,Electronics,Vietnam,Canada,1223,2875.0,8,4,Sea,12946,3773.76,6,Snow,High,0.937,9342,114.17,0,Medium,1,14
SHP102817,Supplier_D,Automotive,USA,USA,1541,1877.0,20,16,Rail,8485,3912.34,1,Rain,Low,0.912,3157,,3,High,0,7
SHP102818,Supplier_D,Electronics,USA,UK,1774,272.0,50,26,Sea,7491,2713.35,5,Clear,Medium,0.871,7384,83.93,4,Low,1,16
SHP102819,Supplier_B,Raw_Materials,India,UK,1116,1796.0,51,26,Sea,2546,,1,Clear,High,0.923,4673,83.63,5,Medium,0,12
SHP102820,Supplier_A,Raw_Materials,USA,India,994,579.0,35,18,Sea,14715,2541.43,5,Clear,High,0.975,9097,88.77,0,High,1,13
SHP102821,Supplier_E,Medical,Germany,India,78,183.0,13,7,Sea,7223,1633.37,3,Clear,Medium,0.874,6149,82.2,4,Medium,0,15
SHP102822,Supplier_A,Automotive,Germany,Germany,1947,3853.0,5,7,Air,13421,2621.98,2,Clear,Medium,0.745,3513,70.17,4,Medium,0,13
SHP102823,Supplier_E,Consumer_Goods,India,India,1705,4536.0,25,22,Road,1499,3061.34,3,Clear,High,0.748,7608,78.63,5,Medium,1,19
SHP102824,Supplier_A,Automotive,China,UK,1922,151.0,10,23,Air,10811,2925.36,6,Rain,Medium,0.869,2394,114.13,5,High,1,20
SHP102825,Supplier_D,Raw_Materials,China,Germany,1104,3773.0,41,20,Sea,6395,2371.37,6,Rain,Low,0.797,2705,73.78,1,Medium,1,17
SHP102826,Supplier_C,Consumer_Goods,Germany,India,742,2778.0,16,20,Road,12219,3012.89,6,Clear,Medium,0.964,3421,90.65,5,Low,1,17
SHP102827,Supplier_C,Automotive,USA,USA,1747,2595.0,11,7,Sea,3787,2263.28,0,Clear,High,0.877,9791,92.82,2,Medium,0,10
SHP102828,Supplier_B,Automotive,India,Canada,177,2608.0,13,13,Road,7964,2311.11,6,Clear,Medium,0.896,4504,108.91,3,Low,1,19
SHP102829,Supplier_E,Consumer_Goods,China,India,816,3091.0,32,15,Sea,6227,2722.56,1,Clear,High,0.702,3299,82.63,5,Medium,1,16
SHP102830,Supplier_E,Raw_Materials,China,India,1367,2050.0,8,5,Rail,13189,4145.63,3,Clear,Medium,0.845,5015,85.48,2,High,0,12
SHP102831,Supplier_E,Automotive,Vietnam,USA,490,998.0,9,19,Air,652,1400.25,1,Clear,Low,0.825,2496,70.71,2,Medium,0,8
SHP102832,Supplier_D,Consumer_Goods,Germany,UK,918,1618.0,16,27,Air,5643,1104.65,5,Rain,Low,0.905,7706,115.14,1,High,0,14
SHP102833,Supplier_E,Raw_Materials,USA,USA,1461,4986.0,25,20,Rail,13934,4160.16,7,Storm,High,0.811,7771,104.28,2,High,1,27
SHP102834,Supplier_C,Consumer_Goods,India,India,1839,2103.0,15,16,Road,9021,4608.97,1,Clear,Medium,0.983,8706,83.14,3,High,0,9
SHP102835,Supplier_D,Consumer_Goods,China,UK,1715,3055.0,8,14,Air,2660,2181.96,0,Rain,Low,0.894,9626,114.38,0,Low,0,7
SHP102836,Supplier_A,Automotive,Vietnam,Germany,573,243.0,22,16,Rail,12289,2658.45,1,Clear,High,0.891,3658,74.33,4,Low,0,14
SHP102837,Supplier_E,Raw_Materials,Germany,India,1620,791.0,54,28,Sea,5208,2634.55,5,Storm,Medium,0.967,3323,88.42,3,Medium,1,20
SHP102838,Supplier_E,Automotive,Germany,USA,1783,3956.0,24,20,Rail,4366,1834.03,7,Clear,High,0.989,3895,98.18,1,Low,1,16
SHP102839,Supplier_A,Electronics,India,Germany,809,3009.0,46,22,Sea,5045,2418.11,5,Clear,Medium,0.757,2531,95.28,0,Medium,0,14
SHP102840,Supplier_E,Electronics,China,Canada,159,4618.0,7,4,Sea,9085,2035.6,3,Clear,Low,0.935,1781,102.75,1,Medium,0,9
SHP102841,Supplier_A,Raw_Materials,India,Germany,1401,2313.0,19,9,Sea,5784,2936.84,6,Clear,Medium,0.747,2425,84.88,3,Medium,1,20
SHP102842,Supplier_D,Consumer_Goods,India,USA,1478,3470.0,32,17,Sea,8416,3474.24,2,Rain,High,0.833,5928,107.89,4,Medium,1,17
SHP102843,Supplier_C,Automotive,Vietnam,Germany,1318,2973.0,59,30,Sea,8466,4050.24,4,Snow,Low,0.729,3551,90.27,2,Medium,1,20
SHP102844,Supplier_A,Automotive,Germany,USA,1835,3304.0,26,12,Sea,2651,2443.21,7,,High,0.881,8423,76.26,5,High,1,23
SHP102845,Supplier_B,Raw_Materials,USA,India,1951,3289.0,11,17,Air,3948,1803.83,3,Clear,Low,0.836,1556,107.02,5,High,1,15
SHP102846,Supplier_A,Raw_Materials,Germany,UK,1902,3915.0,37,19,Sea,14188,4612.45,7,Rain,Medium,0.882,9704,115.6,2,Medium,1,19
SHP102847,Supplier_E,Electronics,Germany,Canada,212,87.0,2,13,Air,3556,1263.59,0,Rain,Medium,0.897,7438,88.22,1,Low,0,8
SHP102848,Supplier_D,Medical,Vietnam,UK,609,1748.0,7,4,Rail,2858,2596.95,4,Storm,High,0.88,7518,99.48,0,Medium,0,13
SHP102849,Supplier_D,Raw_Materials,USA,UK,448,4616.0,58,29,Sea,12131,3390.47,1,Rain,Medium,0.785,6786,104.39,5,Medium,0,15
SHP102850,Supplier_A,Medical,China,UK,632,4076.0,24,23,Road,3855,1715.0,3,Rain,Medium,0.943,5151,111.58,4,Medium,0,14
SHP102851,Supplier_C,Raw_Materials,USA,USA,448,3263.0,24,20,Rail,3742,2086.84,4,Rain,High,0.86,7093,79.9,1,Medium,1,16
SHP102852,Supplier_B,Consumer_Goods,China,USA,1566,1833.0,27,27,Road,8219,3373.57,6,Rain,Low,0.842,3899,98.5,4,High,1,16
SHP102853,Supplier_D,Consumer_Goods,USA,Canada,1719,2016.0,8,6,Rail,12493,3138.83,6,Clear,Low,0.986,7734,107.02,5,Medium,1,16
SHP102854,Supplier_E,Electronics,India,USA,288,152.0,25,11,Sea,10262,2712.2,3,Clear,Low,0.782,6016,79.96,1,High,0,12
SHP102855,Supplier_E,Electronics,USA,USA,1538,91.0,17,29,Air,1760,3035.72,6,Rain,Medium,0.853,7509,93.62,0,Low,1,18
SHP102856,Supplier_C,Medical,Vietnam,USA,1653,3044.0,60,30,Sea,10867,2973.53,1,Storm,Medium,0.898,3960,93.22,3,Medium,1,16
SHP102857,Supplier_D,Raw_Materials,China,USA,1863,3268.0,38,19,Sea,8329,3228.44,5,,High,0.736,5943,111.97,2,Low,1,18
SHP102858,Supplier_A,Automotive,Germany,India,1105,3040.0,23,19,Rail,12782,3123.11,3,Snow,Medium,0.803,9916,108.87,4,Medium,1,19
SHP102859,Supplier_E,Electronics,Vietnam,Canada,1196,4338.0,38,19,Sea,13308,3904.44,0,Clear,Low,0.932,2306,81.6,4,Medium,0,10
SHP102860,Supplier_C,Automotive,China,USA,1607,3419.0,33,18,Sea,10816,3789.58,4,Clear,High,0.769,1759,81.65,0,High,0,16
SHP102861,Supplier_D,Automotive,China,Canada,1740,1111.0,22,22,Road,5686,2785.24,4,Clear,Medium,0.843,6238,106.17,4,Low,1,19
SHP102862,Supplier_D,Raw_Materials,Germany,Germany,159,2599.0,52,27,Sea,13109,2790.92,4,Snow,High,0.883,1226,106.98,3,Medium,1,18
SHP102863,Supplier_D,Medical,India,India,1344,1726.0,5,10,Air,3676,2094.33,3,Clear,Medium,0.895,5797,78.94,3,Medium,0,11
SHP102864,Supplier_D,Raw_Materials,Vietnam,USA,1453,3739.0,50,25,Sea,14418,4750.86,1,Clear,Low,0.911,9499,90.56,0,Medium,0,8
SHP102865,Supplier_D,Electronics,Germany,India,349,4047.0,20,17,Rail,6558,2823.0,3,Clear,Medium,0.951,4378,111.29,1,Medium,0,9
SHP102866,Supplier_E,Automotive,Germany,India,1700,375.0,4,3,Road,9600,3498.91,3,Clear,Low,0.814,7712,73.97,1,Medium,0,7
SHP102867,Supplier_C,Raw_Materials,India,Germany,1805,1170.0,39,21,Sea,11827,4561.57,6,Storm,Low,0.905,6208,88.69,4,Medium,1,23
SHP102868,Supplier_D,Raw_Materials,Vietnam,Canada,1051,157.0,59,27,Sea,6225,2664.87,5,Clear,Medium,0.912,8442,102.23,4,Low,1,15
SHP102869,Supplier_B,Raw_Materials,Germany,India,1815,2728.0,11,17,Air,14091,4624.97,4,Storm,Low,0.787,5748,108.55,0,Medium,1,15
SHP102870,Supplier_B,Electronics,India,UK,813,384.0,20,11,Sea,14021,2803.56,1,Storm,Low,0.981,9988,102.63,3,Medium,0,9
SHP102871,Supplier_C,Medical,Vietnam,Germany,298,2089.0,8,7,Road,13840,2702.95,2,Clear,Medium,0.951,8045,89.88,0,High,0,4
SHP102872,Supplier_A,Raw_Materials,USA,UK,570,853.0,36,18,Sea,12752,3598.17,7,Rain,Medium,0.784,8624,119.6,1,Medium,1,21
SHP102873,Supplier_A,Electronics,China,Germany,83,1898.0,15,30,Air,10520,1872.63,1,Clear,Medium,0.896,2779,72.08,3,High,0,13
SHP102874,Supplier_A,Automotive,India,UK,277,,19,15,Rail,13121,3189.95,6,Clear,Low,0.908,8063,94.74,4,Low,1,18
SHP102875,Supplier_B,Consumer_Goods,China,UK,634,3577.0,20,18,Road,3023,1548.33,3,Rain,Medium,0.825,1585,95.5,1,Low,0,13
SHP102876,Supplier_A,Electronics,USA,India,1472,2356.0,22,24,Road,11333,3676.7,0,Rain,Medium,0.95,2378,81.99,2,Medium,0,9
SHP102877,Supplier_E,Consumer_Goods,Germany,India,1007,2879.0,9,13,Air,2808,1800.73,1,Clear,Medium,0.9,6707,97.94,1,Low,0,10
SHP102878,Supplier_D,Raw_Materials,Germany,Germany,862,1538.0,11,15,Air,12631,2329.32,4,Clear,Medium,0.891,6442,81.0,3,High,0,15
SHP102879,Supplier_B,Raw_Materials,Vietnam,Canada,773,4179.0,2,8,Air,12700,2266.87,0,Storm,Low,0.764,7929,92.17,3,Medium,0,13
SHP102880,Supplier_C,Electronics,India,India,633,3616.0,30,28,Road,4271,1892.52,2,Rain,Medium,0.818,7420,91.58,0,Low,0,15
SHP102881,Supplier_C,Consumer_Goods,India,India,619,2423.0,12,22,Air,12244,2158.37,2,Clear,High,0.826,5031,108.66,3,Medium,0,13
SHP102882,Supplier_D,Raw_Materials,Vietnam,USA,269,886.0,15,19,Road,10601,881.42,7,Clear,Medium,0.913,8442,117.13,2,High,1,18
SHP102883,Supplier_B,Automotive,China,India,1444,3359.0,12,7,Rail,8522,1899.69,0,Clear,Low,0.879,7360,80.14,2,Low,0,5
SHP102884,Supplier_A,Medical,Germany,Canada,836,3662.0,37,19,Sea,2850,1800.69,6,Clear,Low,0.725,2847,119.58,3,Medium,1,19
SHP102885,Supplier_A,Medical,Germany,USA,1834,4884.0,6,3,Sea,10985,3802.01,2,Clear,High,0.789,2041,117.02,4,Medium,0,14
SHP102886,Supplier_E,Raw_Materials,India,UK,577,2841.0,32,29,Road,7576,2638.62,0,Clear,Medium,0.837,5839,75.63,3,Medium,0,13
SHP102887,Supplier_E,Consumer_Goods,India,UK,124,4262.0,11,7,Rail,8031,2181.29,3,Clear,Medium,0.914,8351,115.62,4,Low,1,13
SHP102888,Supplier_A,Raw_Materials,Vietnam,USA,1691,4033.0,9,7,Rail,13799,3778.45,0,Rain,Medium,0.916,8785,98.23,3,Medium,0,11
SHP102889,Supplier_C,Consumer_Goods,USA,USA,185,3818.0,6,9,Air,2904,970.55,3,Clear,High,0.842,1242,113.95,1,Medium,0,11
SHP102890,Supplier_C,Automotive,China,USA,123,1554.0,11,18,Air,5544,2995.85,7,Rain,Low,0.734,6545,117.28,3,Medium,1,22
SHP102891,Supplier_E,Consumer_Goods,USA,Germany,303,2500.0,20,20,Road,941,1261.03,6,Clear,Medium,0.785,3100,112.95,1,High,1,18
SHP102892,Supplier_D,Raw_Materials,USA,Canada,1091,3094.0,7,8,Road,5675,2665.65,4,Clear,Medium,0.774,2737,90.14,4,High,0,12
SHP102893,Supplier_A,Automotive,India,Canada,1071,2083.0,3,4,Air,11875,2664.38,4,Clear,Medium,0.926,3754,101.84,3,Low,0,14
SHP102894,Supplier_E,Electronics,India,UK,1116,1749.0,28,15,Sea,7610,3125.5,2,Rain,Low,0.752,2392,93.24,4,Low,1,16
SHP102895,Supplier_E,Medical,India,UK,99,2330.0,14,12,Road,12903,1626.22,5,Clear,Low,0.835,9439,88.32,2,Medium,0,12
SHP102896,Supplier_A,Raw_Materials,USA,UK,564,1357.0,10,23,Air,10781,2374.77,5,Clear,High,0.895,8735,82.54,5,Low,1,18
SHP102897,Supplier_A,Raw_Materials,China,India,793,2577.0,27,22,Rail,13960,3130.98,0,Clear,Medium,0.98,8643,92.08,0,Medium,0,4
SHP102898,Supplier_C,Raw_Materials,India,UK,780,3888.0,9,13,Air,6505,2065.87,6,Clear,High,0.99,5016,,4,Low,1,15
SHP102899,Supplier_D,Automotive,Germany,USA,620,1025.0,28,28,Road,13206,3352.26,7,Clear,Medium,0.976,4432,112.2,1,Medium,1,14
SHP102900,Supplier_D,Electronics,China,UK,1869,2106.0,24,23,Road,3634,1793.66,3,Rain,High,0.908,5526,117.9,0,Low,0,12
SHP102901,Supplier_A,Consumer_Goods,Germany,USA,1887,4860.0,9,4,Sea,7957,3226.84,4,Clear,High,0.916,8784,84.53,5,Low,1,18
SHP102902,Supplier_B,Electronics,China,Germany,625,2476.0,9,10,Road,707,360.59,6,Rain,Medium,0.92,3081,,3,High,1,18
SHP102903,Supplier_E,Automotive,India,India,1655,3724.0,25,26,Road,7494,2687.49,4,Snow,Medium,0.95,6575,104.69,1,Low,1,18
SHP102904,Supplier_E,Raw_Materials,Vietnam,India,1376,2478.0,34,24,Rail,4718,2885.13,4,Clear,Medium,0.976,6344,79.57,0,Low,0,15
SHP102905,Supplier_A,Medical,India,Canada,1215,4989.0,43,21,Sea,14189,4306.75,2,Rain,Medium,0.829,5736,88.34,0,Medium,0,13
SHP102906,Supplier_B,Raw_Materials,USA,Germany,952,3783.0,21,22,Road,13600,2853.57,4,Rain,Medium,0.821,1132,87.11,4,Low,1,18
SHP102907,Supplier_C,Consumer_Goods,USA,USA,251,409.0,20,19,Road,13424,2721.15,7,Snow,High,0.834,2854,119.3,3,High,1,23
SHP102908,Supplier_A,Medical,China,Germany,256,2273.0,36,18,Sea,4060,1562.35,5,Clear,Low,0.891,7050,117.92,3,Medium,1,14
SHP102909,Supplier_A,Raw_Materials,USA,India,464,534.0,37,27,Rail,4357,1807.85,7,Storm,Medium,0.925,6077,111.09,3,Medium,1,22
SHP102910,Supplier_E,Medical,India,USA,270,1478.0,6,12,Air,5712,2128.39,1,Storm,Medium,0.952,6340,93.64,4,High,0,13
SHP102911,Supplier_A,Electronics,Germany,Germany,1435,2130.0,14,7,Sea,14440,4859.55,2,Clear,Low,0.832,9592,83.2,4,High,0,11
SHP102912,Supplier_A,Automotive,India,India,807,745.0,30,16,Sea,10323,3413.51,0,Clear,Medium,0.805,1605,115.8,3,Low,0,14
SHP102913,Supplier_A,Raw_Materials,China,USA,1154,4710.0,14,26,Air,301,1492.45,1,Snow,High,0.985,1131,,0,Low,0,11
SHP102914,Supplier_E,Consumer_Goods,USA,USA,812,251.0,27,21,Rail,6659,3117.62,2,Rain,Medium,0.767,8071,96.1,5,Low,1,18
SHP102915,Supplier_C,Electronics,Germany,India,612,3907.0,8,6,Road,5231,2095.54,6,Clear,High,0.764,7157,82.25,3,Low,1,20
SHP102916,Supplier_C,Raw_Materials,Vietnam,USA,1358,1248.0,40,22,Sea,13335,3794.12,2,Rain,Medium,0.907,7578,118.56,4,Medium,0,15
SHP102917,Supplier_A,Electronics,Germany,India,418,1317.0,17,18,Road,13808,2511.45,7,Clear,Medium,0.752,7613,72.09,3,Low,1,18
SHP102918,Supplier_E,Consumer_Goods,Germany,UK,1565,3020.0,53,26,Sea,1464,2059.19,3,Clear,Medium,0.816,5506,78.72,4,Low,1,20
SHP102919,Supplier_C,Raw_Materials,India,UK,1984,123.0,34,17,Sea,851,3010.14,1,Clear,Low,0.785,1803,108.25,3,Medium,0,12
SHP102920,Supplier_C,Consumer_Goods,Vietnam,USA,945,145.0,14,30,Air,13337,2778.55,1,Rain,Medium,0.749,6192,77.57,5,Medium,0,17
SHP102921,Supplier_C,Medical,China,USA,1419,4318.0,24,11,Sea,14808,4292.26,7,Storm,Medium,0.868,5289,118.97,0,High,1,20
SHP102922,Supplier_E,Consumer_Goods,China,India,253,3527.0,4,5,Air,7645,1426.58,5,Clear,High,0.808,4633,86.07,0,Low,0,11
SHP102923,Supplier_E,Medical,Germany,USA,1098,2252.0,23,25,Road,5444,3265.77,1,Storm,Medium,0.834,3676,115.93,4,Medium,1,16
SHP102924,Supplier_A,Raw_Materials,Germany,Canada,1006,307.0,22,11,Sea,1305,1831.37,4,Clear,Low,0.757,2215,103.11,4,Low,1,16
SHP102925,Supplier_D,Medical,USA,UK,1626,3708.0,38,20,Sea,9612,4130.36,5,Rain,Medium,0.923,3477,101.71,1,High,1,17
SHP102926,Supplier_C,Raw_Materials,Vietnam,USA,118,,12,6,Sea,3987,1115.04,6,Clear,Medium,0.791,3264,115.77,2,Low,1,18
SHP102927,Supplier_D,Raw_Materials,Germany,USA,565,2856.0,10,21,Air,1430,1612.15,4,Clear,Low,0.799,8790,95.66,1,Medium,0,13
SHP102928,Supplier_E,Automotive,USA,Germany,1565,4306.0,33,26,Rail,8722,2673.7,5,Storm,Low,0.773,1969,90.04,4,High,1,21
SHP102929,Supplier_E,Raw_Materials,Vietnam,USA,289,235.0,4,6,Air,10457,2255.87,0,Clear,High,0.826,7628,80.88,5,Low,0,15
SHP102930,Supplier_E,Medical,China,Canada,410,192.0,16,11,Rail,7619,1599.04,6,Storm,Medium,0.834,1600,77.23,4,High,1,20
SHP102931,Supplier_D,Automotive,USA,UK,1514,3403.0,8,3,Sea,4783,2230.42,5,Clear,Low,0.854,5455,109.59,3,Low,0,14
SHP102932,Supplier_E,Automotive,Vietnam,Germany,1104,689.0,4,3,Road,11409,2299.53,0,Clear,Medium,0.981,6941,76.4,1,Low,0,3
SHP102933,Supplier_A,Raw_Materials,USA,India,1972,3799.0,41,22,Sea,2374,1981.61,5,Clear,Medium,0.962,3716,89.7,2,Low,1,14
SHP102934,Supplier_E,Consumer_Goods,Germany,India,1702,2124.0,27,21,Rail,7623,2591.25,0,Rain,Low,0.877,1781,90.46,1,High,0,8
SHP102935,Supplier_B,Consumer_Goods,India,UK,756,4018.0,12,5,Sea,3465,2406.51,4,Clear,High,0.711,2434,103.22,0,Low,1,17
SHP102936,Supplier_D,Automotive,China,India,1675,251.0,24,12,Sea,1363,1987.75,6,Rain,Medium,0.878,5338,83.93,0,Low,1,15
SHP102937,Supplier_B,Raw_Materials,Germany,Canada,739,3142.0,20,14,Rail,10687,2410.74,6,Rain,Low,0.726,3702,,1,High,1,20
SHP102938,Supplier_E,Consumer_Goods,Germany,USA,706,3215.0,28,20,Rail,4336,1992.71,5,Clear,High,0.906,4991,80.37,5,Medium,1,20
SHP102939,Supplier_A,Raw_Materials,Vietnam,UK,1787,3129.0,29,16,Sea,4399,2029.53,3,Clear,High,0.813,9651,109.46,1,Medium,0,12
SHP102940,Supplier_C,Raw_Materials,USA,Germany,1395,4617.0,17,12,Rail,3833,2715.26,5,Clear,Medium,0.943,8532,112.49,5,Medium,1,13
SHP102941,Supplier_E,Automotive,China,USA,393,2152.0,13,12,Road,13391,2512.97,0,Snow,Medium,0.973,8245,79.66,4,Low,0,11
SHP102942,Supplier_A,Automotive,Germany,India,1788,960.0,13,20,Air,1765,2352.15,6,Clear,High,0.821,4640,110.47,5,High,1,19
SHP102943,Supplier_D,Electronics,Vietnam,India,585,1621.0,51,26,Sea,960,1474.52,2,Clear,Medium,0.834,1531,105.69,3,High,1,13
SHP102944,Supplier_B,Consumer_Goods,China,Germany,404,3498.0,8,3,Sea,944,1271.98,4,Clear,Medium,0.871,2977,113.72,0,Low,0,11
SHP102945,Supplier_B,Consumer_Goods,USA,Canada,1544,2209.0,34,17,Sea,11334,4160.16,3,Rain,Medium,0.757,4764,95.5,2,Medium,1,15
SHP102946,Supplier_B,Consumer_Goods,Germany,Germany,977,4375.0,10,10,Road,11632,2727.59,2,Rain,Medium,0.969,1290,81.69,3,High,0,11
SHP102947,Supplier_D,Medical,Germany,UK,1032,2594.0,56,28,Sea,14748,4158.72,7,Snow,Medium,0.826,7077,115.6,5,Low,1,27
SHP102948,Supplier_A,Raw_Materials,Germany,Germany,154,1379.0,6,5,Air,11781,2646.73,2,Storm,Medium,0.748,8868,109.5,1,Medium,0,13
SHP102949,Supplier_D,Automotive,China,India,1860,3663.0,24,20,Rail,10230,2697.89,4,Clear,Low,0.921,4575,71.05,0,Medium,0,11
SHP102950,Supplier_B,Consumer_Goods,China,Canada,1395,510.0,23,11,Sea,236,1768.78,5,Clear,High,0.764,5649,116.97,1,High,1,15
SHP102951,Supplier_E,Electronics,China,Canada,1645,856.0,26,18,Rail,5847,2393.87,1,Rain,Low,0.742,7614,117.43,0,Low,0,10
SHP102952,Supplier_C,Consumer_Goods,China,Germany,1956,3749.0,34,23,Rail,6594,2821.94,3,Storm,Medium,0.863,1512,87.77,2,High,1,16
SHP102953,Supplier_D,Raw_Materials,Vietnam,UK,1011,2323.0,20,17,Rail,11524,2938.8,5,Clear,Medium,0.895,2639,70.5,3,Low,0,16
SHP102954,Supplier_D,Raw_Materials,India,India,576,108.0,9,7,Road,5886,1467.42,4,Clear,Medium,0.865,9446,97.63,2,Low,0,15
SHP102955,Supplier_A,Automotive,Vietnam,USA,553,2525.0,7,15,Air,10512,1875.33,1,Storm,Medium,0.89,5816,115.68,2,Medium,0,12
SHP102956,Supplier_A,Medical,Germany,Canada,1158,4873.0,50,24,Sea,9445,2877.08,7,Clear,Medium,0.734,6849,76.22,3,Low,1,20
SHP102957,Supplier_D,Automotive,Vietnam,Germany,980,1205.0,10,22,Air,12466,3098.57,4,Clear,Low,0.838,3637,99.53,5,Medium,1,15
SHP102958,Supplier_B,Consumer_Goods,USA,UK,758,547.0,21,9,Sea,9270,2570.8,4,Storm,Medium,0.804,2965,106.59,3,Medium,1,22
SHP102959,Supplier_C,Electronics,China,UK,284,4375.0,17,18,Road,8860,2013.36,2,Storm,High,0.982,1050,76.73,5,Medium,1,15
SHP102960,Supplier_A,Automotive,USA,India,1996,4478.0,6,9,Air,11202,2945.26,6,Clear,High,0.714,1799,95.66,2,Medium,1,18
SHP102961,Supplier_B,Medical,USA,Canada,1929,4026.0,38,29,Rail,6300,2832.6,5,Clear,Medium,0.787,9291,74.44,1,High,0,13
SHP102962,Supplier_E,Automotive,Germany,India,1336,1657.0,32,27,Rail,10702,2761.06,7,Clear,Medium,0.973,7642,97.91,3,High,1,16
SHP102963,Supplier_A,Raw_Materials,China,USA,1079,770.0,48,24,Sea,11698,2149.59,4,Storm,Low,0.985,1236,92.11,2,Medium,1,14
SHP102964,Supplier_B,Consumer_Goods,USA,USA,543,1324.0,34,18,Sea,8425,2125.47,5,,Medium,0.939,1471,83.23,2,Medium,1,20
SHP102965,Supplier_B,Consumer_Goods,Germany,USA,1966,3917.0,29,15,Sea,2161,2938.45,1,Rain,Medium,0.722,3204,112.65,2,Medium,0,14
SHP102966,Supplier_C,Consumer_Goods,China,UK,1362,740.0,30,19,Rail,4478,2368.46,2,Clear,Low,0.863,8181,89.09,1,Medium,0,9
SHP102967,Supplier_C,Consumer_Goods,India,Canada,1643,4073.0,12,11,Road,11145,3561.61,1,Clear,High,0.816,7259,104.99,4,Low,0,13
SHP102968,Supplier_E,Consumer_Goods,Germany,India,1730,4202.0,28,14,Sea,3830,2121.12,1,Rain,High,0.934,9330,109.53,4,Low,0,12
SHP102969,Supplier_B,Consumer_Goods,Vietnam,India,927,3487.0,28,15,Sea,11784,3393.07,2,Clear,Low,0.716,2383,78.93,3,Medium,1,17
SHP102970,Supplier_B,Electronics,China,USA,1627,2405.0,52,28,Sea,8418,3008.42,5,Rain,Medium,0.757,5501,75.96,4,Low,1,20
SHP102971,Supplier_C,Medical,USA,Canada,1423,799.0,13,11,Rail,6222,2126.98,1,Rain,High,0.842,2712,70.39,0,Low,0,10
SHP102972,Supplier_A,Consumer_Goods,USA,Canada,1273,3101.0,2,7,Air,1895,2014.28,0,Clear,Low,0.746,7710,85.29,5,Medium,0,7
SHP102973,Supplier_A,Medical,Vietnam,Germany,1759,4823.0,3,9,Air,10141,3313.94,5,Snow,Medium,0.901,4796,110.8,3,Low,1,16
SHP102974,Supplier_D,Consumer_Goods,Vietnam,Canada,1016,3614.0,3,3,Rail,4413,2739.35,6,Clear,Medium,0.938,3373,108.64,3,Low,1,11
SHP102975,Supplier_C,Automotive,USA,Canada,1015,4705.0,5,6,Rail,8287,2922.7,6,Rain,Low,0.904,5424,113.59,2,Medium,1,13
SHP102976,Supplier_D,Consumer_Goods,China,India,1013,1754.0,38,30,Rail,12268,3043.98,4,Clear,Medium,0.828,6419,108.03,5,Medium,1,21
SHP102977,Supplier_C,Raw_Materials,Germany,Canada,946,3495.0,52,28,Sea,4940,1498.16,2,,High,0.955,2699,71.2,0,Medium,0,9
SHP102978,Supplier_E,Electronics,Vietnam,Canada,1408,4494.0,6,6,Road,11019,3605.21,6,Rain,Medium,0.74,5110,89.28,4,Medium,1,19
SHP102979,Supplier_B,Automotive,Vietnam,India,1680,2427.0,34,18,Sea,3826,2774.55,2,Clear,Medium,0.775,4372,70.3,3,Medium,0,17
SHP102980,Supplier_E,Automotive,Vietnam,Canada,266,3281.0,3,7,Air,11852,1604.21,5,Clear,Medium,0.842,9825,71.8,5,Low,1,21
SHP102981,Supplier_C,Raw_Materials,India,India,672,,49,24,Sea,359,1570.55,0,Clear,High,0.718,6581,93.93,0,Low,0,13
SHP102982,Supplier_B,Consumer_Goods,China,Germany,402,935.0,2,6,Air,1341,478.65,7,Clear,High,0.728,3386,88.0,1,High,1,17
SHP102983,Supplier_A,Electronics,China,UK,741,914.0,14,8,Sea,1943,2432.51,0,Rain,Low,0.815,9583,97.93,1,Medium,0,8
SHP102984,Supplier_A,Automotive,China,India,724,3544.0,37,28,Rail,5877,1797.19,0,Clear,High,0.974,1168,73.31,2,Low,0,8
SHP102985,Supplier_D,Electronics,China,India,680,3104.0,48,25,Sea,9804,2262.89,0,Clear,Low,0.963,4965,99.42,0,Medium,0,5
SHP102986,Supplier_C,Automotive,China,Canada,374,835.0,5,5,Rail,13854,3346.39,3,Clear,Low,0.835,4208,73.25,3,Low,0,18
SHP102987,Supplier_C,Consumer_Goods,USA,India,950,506.0,53,27,Sea,12486,2712.54,7,Rain,Medium,0.741,9172,91.18,1,Low,1,24
SHP102988,Supplier_A,Automotive,Vietnam,USA,1301,394.0,22,10,Sea,12569,3637.71,2,Rain,Medium,0.752,3727,87.62,5,High,1,18
SHP102989,Supplier_E,Automotive,USA,USA,1218,603.0,22,19,Road,10508,2839.09,1,Clear,Medium,0.809,4509,81.2,1,Medium,0,11
SHP102990,Supplier_B,Medical,India,Germany,357,837.0,18,20,Road,2380,,2,Rain,Medium,0.761,8549,85.6,5,Medium,1,18
SHP102991,Supplier_E,Consumer_Goods,Germany,India,703,1869.0,38,20,Sea,9247,2435.52,6,Storm,Low,0.724,5477,70.03,4,Low,1,25
SHP102992,Supplier_E,Raw_Materials,Vietnam,Canada,1707,754.0,33,28,Rail,13504,2693.05,7,Clear,Medium,0.895,5720,86.2,4,Low,1,24
SHP102993,Supplier_A,Raw_Materials,India,Canada,334,4957.0,15,27,Air,7896,1521.91,2,Rain,Medium,0.869,2713,73.92,0,High,0,10
SHP102994,Supplier_A,Consumer_Goods,USA,UK,441,1002.0,19,14,Rail,4667,892.16,2,Clear,Medium,0.784,7619,116.07,4,High,0,14
SHP102995,Supplier_A,Raw_Materials,Germany,Germany,1811,864.0,16,27,Air,13927,3604.78,7,Clear,Low,0.926,3512,73.72,0,High,0,12
SHP102996,Supplier_D,Consumer_Goods,India,Canada,409,1598.0,39,27,Rail,9400,2059.3,0,Clear,Low,0.925,5589,117.66,3,Medium,0,9
SHP102997,Supplier_E,Raw_Materials,Germany,UK,818,193.0,6,3,Sea,13066,2757.88,0,Clear,High,0.842,7678,94.57,3,Medium,0,10
SHP102998,Supplier_C,Medical,India,Canada,846,2827.0,22,25,Road,9834,2617.45,3,Storm,High,0.728,3678,95.66,3,Medium,1,20
SHP102999,Supplier_B,Raw_Materials,USA,UK,981,3816.0,16,14,Road,8672,1651.16,5,Clear,Low,0.966,1281,109.41,4,High,0,12
SHP103000,Supplier_D,Automotive,Germany,USA,214,3875.0,5,13,Air,1355,800.94,2,Clear,Low,0.894,5926,104.77,4,Low,0,11
SHP103001,Supplier_C,Consumer_Goods,India,USA,782,1266.0,17,15,Rail,10590,2993.87,4,Clear,Medium,0.772,1429,81.85,2,High,0,14
SHP103002,Supplier_E,Electronics,USA,Canada,630,1857.0,5,5,Air,6562,1068.67,7,Rain,High,0.877,5658,71.27,1,Medium,0,15
SHP103003,Supplier_A,Electronics,Vietnam,Germany,870,4520.0,10,29,Air,10532,2295.72,5,Rain,Medium,0.817,6162,108.92,5,Medium,1,23
SHP103004,Supplier_E,Consumer_Goods,USA,India,1297,4822.0,29,27,Road,1758,1424.13,6,Clear,High,0.884,9105,76.49,3,Low,1,17
SHP103005,Supplier_B,Medical,USA,Germany,173,2789.0,6,10,Air,11276,1027.4,7,Storm,Medium,0.837,4212,99.92,4,High,1,20
SHP103006,Supplier_D,Raw_Materials,Vietnam,Germany,393,1339.0,2,5,Air,2748,873.06,3,Snow,High,0.841,5632,117.13,1,High,0,13
SHP103007,Supplier_D,Medical,USA,India,1924,605.0,39,19,Sea,12250,3791.62,7,Clear,Low,0.913,3663,97.47,3,Medium,1,20
SHP103008,Supplier_B,Electronics,Vietnam,USA,573,912.0,28,27,Road,3471,1709.76,6,Rain,High,0.878,2688,84.28,3,Low,1,21
SHP103009,Supplier_C,Consumer_Goods,Vietnam,USA,1125,2535.0,6,15,Air,3529,2485.02,0,Clear,Medium,0.723,6594,78.94,5,Medium,0,13
SHP103010,Supplier_C,Consumer_Goods,Vietnam,India,178,2405.0,23,12,Sea,9872,2298.26,6,Clear,High,0.719,6935,71.35,1,Medium,1,17
SHP103011,Supplier_D,Medical,India,UK,1208,1015.0,24,19,Road,4960,2288.5,2,Clear,Medium,0.788,1816,101.16,1,Medium,0,11
SHP103012,Supplier_D,Medical,Germany,Germany,706,2445.0,8,5,Rail,7720,2677.47,0,Clear,Medium,0.825,4866,97.9,4,High,0,7
SHP103013,Supplier_A,Raw_Materials,India,Canada,1200,525.0,24,15,Rail,3032,2278.44,7,Snow,High,0.78,7188,93.09,1,Medium,1,21
SHP103014,Supplier_C,Automotive,Vietnam,USA,787,1388.0,24,24,Road,5186,1564.95,5,Clear,Medium,0.889,1677,79.69,1,Medium,1,15
SHP103015,Supplier_B,Automotive,Germany,Canada,988,574.0,7,8,Road,9878,2266.15,1,Rain,Medium,0.757,3489,81.83,4,Medium,1,15
SHP103016,Supplier_C,Raw_Materials,Germany,India,120,2621.0,33,16,Sea,6749,2295.49,0,Clear,Medium,0.904,8232,117.93,3,Medium,0,7
SHP103017,Supplier_A,Automotive,Vietnam,Canada,322,611.0,13,29,Air,10404,2204.17,0,Rain,High,0.924,3446,71.02,5,Low,0,15
SHP103018,Supplier_D,Electronics,Germany,Canada,1260,3752.0,12,12,Road,11929,3085.53,3,Clear,High,0.736,2888,88.17,1,High,1,16
SHP103019,Supplier_D,Automotive,Germany,Germany,1076,4714.0,27,22,Rail,8219,2200.49,1,Rain,Low,0.889,2720,71.94,5,Medium,1,13
SHP103020,Supplier_A,Raw_Materials,India,India,1358,1255.0,18,18,Road,14657,4124.96,5,Clear,Medium,0.979,1223,79.58,2,Low,0,17
SHP103021,Supplier_B,Automotive,Germany,Canada,71,4083.0,7,20,Air,12853,1827.09,7,Storm,High,0.756,1934,116.66,0,High,1,20
SHP103022,Supplier_D,Consumer_Goods,Vietnam,USA,215,3897.0,30,15,Sea,14507,2958.25,4,Storm,Medium,0.964,2308,77.48,5,High,1,16
SHP103023,Supplier_E,Medical,China,India,1383,4251.0,13,12,Road,5083,3061.47,4,Rain,High,0.876,9417,100.04,1,Low,1,14
SHP103024,Supplier_D,Electronics,China,USA,924,2288.0,9,8,Road,2621,1798.98,7,Clear,High,0.871,1199,87.35,5,Medium,1,20
SHP103025,Supplier_E,Consumer_Goods,China,UK,1550,1210.0,13,12,Road,12043,3208.08,4,Clear,High,0.715,5106,101.65,1,High,1,17
SHP103026,Supplier_A,Consumer_Goods,Vietnam,Canada,547,4845.0,13,7,Sea,2802,1926.43,2,Storm,Medium,0.917,6074,112.61,0,High,0,9
SHP103027,Supplier_A,Raw_Materials,China,India,483,3875.0,4,8,Air,118,804.7,4,Clear,High,0.839,4993,84.33,2,High,1,14
SHP103028,Supplier_D,Medical,India,USA,807,121.0,9,9,Rail,2669,1627.52,2,Clear,High,0.909,8072,73.93,5,Medium,0,11
SHP103029,Supplier_C,Medical,Vietnam,Canada,283,804.0,14,13,Road,883,1471.14,5,Clear,High,0.935,4933,80.21,3,Low,1,15
SHP103030,Supplier_E,Electronics,Vietnam,Germany,886,3902.0,13,18,Air,9998,2795.9,5,Clear,Low,0.852,7933,91.95,2,Low,0,14
SHP103031,Supplier_B,Raw_Materials,Vietnam,USA,1743,954.0,54,27,Sea,514,3147.2,0,Clear,Low,0.776,2597,95.75,0,Medium,0,8
SHP103032,Supplier_D,Electronics,Germany,USA,712,101.0,17,14,Rail,8655,2123.06,7,Rain,Medium,0.741,1004,117.09,5,High,1,21
SHP103033,Supplier_B,Automotive,Germany,UK,774,2671.0,13,14,Rail,10867,3273.24,4,Clear,Medium,0.747,9471,70.81,1,Medium,1,14
SHP103034,Supplier_D,Consumer_Goods,Germany,Germany,425,3240.0,49,25,Sea,1203,1741.29,3,Clear,Medium,0.951,8590,107.88,3,Low,0,14
SHP103035,Supplier_C,Electronics,USA,UK,779,3998.0,13,22,Air,4991,2257.41,5,Clear,Low,0.736,4019,73.63,2,Medium,1,18
SHP103036,Supplier_C,Consumer_Goods,India,Germany,1319,1337.0,15,28,Air,5409,1401.41,1,Clear,Medium,0.812,6357,73.9,2,Medium,0,10
SHP103037,Supplier_C,Raw_Materials,Vietnam,USA,352,4830.0,16,7,Sea,1271,994.38,1,Rain,High,0.797,3364,102.71,3,Medium,0,12
SHP103038,Supplier_C,Automotive,Vietnam,UK,454,1822.0,21,18,Road,9990,2471.14,7,Clear,High,0.951,1126,115.45,2,Medium,1,21
SHP103039,Supplier_A,Raw_Materials,Germany,Canada,1861,3952.0,15,8,Sea,8734,3901.99,7,Rain,High,0.839,5826,84.38,0,Low,1,15
SHP103040,Supplier_A,Automotive,Vietnam,Germany,1736,3970.0,9,11,Road,6508,2463.54,5,Clear,Medium,0.989,4249,83.47,3,Low,0,12
SHP103041,Supplier_E,Automotive,Vietnam,USA,757,999.0,8,7,Road,12235,2555.5,0,Clear,Medium,0.914,4901,100.89,0,High,0,2
SHP103042,Supplier_B,Consumer_Goods,China,India,966,3188.0,12,23,Air,4845,1420.01,7,Clear,Medium,0.947,6157,108.81,3,Low,1,15
SHP103043,Supplier_D,Raw_Materials,Vietnam,Germany,70,2466.0,10,25,Air,12896,1968.7,6,Clear,Medium,0.729,9674,113.45,0,Low,1,18
SHP103044,Supplier_D,Raw_Materials,USA,Germany,306,2329.0,33,18,Sea,4661,1536.03,1,Storm,Medium,0.773,4039,82.49,1,Medium,1,17
SHP103045,Supplier_A,Electronics,Germany,Canada,448,1475.0,12,20,Air,10704,2014.3,7,Clear,Medium,0.739,5410,107.01,1,High,1,20
SHP103046,Supplier_D,Raw_Materials,India,Germany,1602,1634.0,11,21,Air,8272,2098.34,1,Rain,Low,0.834,1016,85.36,2,Low,0,12
SHP103047,Supplier_A,Electronics,India,Germany,100,1096.0,11,14,Road,13810,3433.75,6,Snow,Medium,0.908,9004,97.24,3,Low,1,21
SHP103048,Supplier_E,Medical,China,Canada,496,2215.0,4,4,Road,6736,2391.87,0,Rain,Low,0.749,8083,79.54,5,Medium,1,12
SHP103049,Supplier_B,Medical,India,Canada,1343,4073.0,26,28,Road,2689,2310.61,6,Clear,Low,0.738,6075,77.3,3,Low,1,20
SHP103050,Supplier_E,Medical,India,UK,876,1226.0,13,12,Road,10131,3224.0,0,Clear,Medium,0.878,4942,116.77,0,Medium,0,6
SHP103051,Supplier_C,Raw_Materials,Germany,USA,644,2210.0,16,14,Road,9795,2674.79,0,Snow,Low,0.767,7172,97.36,5,Medium,0,16
SHP103052,Supplier_C,Raw_Materials,Germany,USA,867,1081.0,18,16,Road,5822,3102.35,3,Rain,Medium,0.839,4617,70.23,2,High,0,13
SHP103053,Supplier_C,Electronics,USA,UK,685,3338.0,41,20,Sea,13502,2974.42,0,Rain,Medium,0.715,7230,109.67,2,Low,0,16
SHP103054,Supplier_E,Automotive,China,USA,1875,4576.0,28,21,Rail,822,1177.58,0,Clear,Medium,0.897,9661,104.54,5,Medium,0,15
SHP103055,Supplier_D,Electronics,India,Germany,1335,1365.0,4,8,Air,941,1259.51,0,Storm,High,0.857,2324,86.29,3,High,0,12
SHP103056,Supplier_B,Medical,USA,UK,1438,942.0,2,7,Air,2447,995.42,5,Rain,Medium,0.888,4277,93.2,1,Low,1,15
SHP103057,Supplier_C,Electronics,China,UK,1122,156.0,60,29,Sea,10513,2623.72,7,Clear,Medium,0.78,2624,92.49,3,Low,1,21
SHP103058,Supplier_C,Automotive,India,USA,1591,3130.0,25,18,Rail,745,1724.26,7,Rain,High,0.781,8249,83.74,5,Medium,1,26
SHP103059,Supplier_C,Raw_Materials,India,India,1702,794.0,19,16,Rail,8315,3077.12,4,Clear,Medium,0.932,1118,119.03,3,Medium,1,15
SHP103060,Supplier_B,Electronics,Germany,USA,1191,671.0,12,15,Road,3372,2568.02,5,Clear,Low,0.908,8303,97.19,4,Medium,1,16
SHP103061,Supplier_C,Medical,Vietnam,India,1526,4290.0,22,23,Road,13118,4229.48,4,Storm,Medium,0.868,8940,114.86,0,Low,1,17
SHP103062,Supplier_B,Medical,China,UK,824,870.0,11,4,Sea,106,1718.84,3,Clear,Medium,0.882,9979,99.27,0,Medium,0,10
SHP103063,Supplier_C,Raw_Materials,India,India,1938,461.0,6,4,Rail,3801,2107.56,3,Clear,Medium,0.727,7520,104.51,4,Medium,1,15
SHP103064,Supplier_E,Electronics,China,Germany,1022,163.0,14,14,Road,11524,2464.29,7,Clear,Low,0.948,3475,71.48,2,Medium,1,15
SHP103065,Supplier_E,Automotive,USA,Canada,1959,2496.0,7,3,Rail,14008,3764.03,7,Clear,High,0.923,3767,95.59,5,Medium,1,19
SHP103066,Supplier_B,Raw_Materials,USA,India,1714,3396.0,38,21,Sea,11217,3652.19,1,Clear,Low,0.871,1242,106.06,0,Medium,0,8
SHP103067,Supplier_E,Electronics,Vietnam,Canada,446,4269.0,60,30,Sea,9563,1827.1,6,Snow,High,0.966,6080,76.09,2,Medium,1,19
SHP103068,Supplier_B,Consumer_Goods,India,Germany,732,135.0,41,30,Rail,12553,3560.27,6,Clear,High,0.749,6464,103.92,1,Medium,1,19
SHP103069,Supplier_E,Medical,Germany,Canada,1100,4192.0,12,29,Air,12815,1875.41,5,Clear,High,0.899,5722,74.21,2,Low,1,18
SHP103070,Supplier_E,Automotive,India,Germany,760,1622.0,22,18,Rail,10484,2451.77,4,Rain,High,0.979,9207,110.35,0,Low,0,13
SHP103071,Supplier_B,Automotive,China,Canada,1445,2055.0,18,9,Sea,5730,3001.63,3,Clear,Low,0.79,5611,118.89,5,High,0,13
SHP103072,Supplier_D,Automotive,USA,Canada,1972,4129.0,37,29,Rail,13320,3946.91,3,Clear,Medium,0.704,7409,101.34,5,Medium,1,21
SHP103073,Supplier_E,Medical,China,USA,1899,853.0,45,23,Sea,2656,2483.33,7,Clear,Low,0.913,9114,73.85,2,Medium,1,16
SHP103074,Supplier_C,Electronics,Vietnam,India,1930,3384.0,9,9,Road,3054,2641.03,5,Clear,High,0.702,7703,99.34,1,Medium,1,21
SHP103075,Supplier_D,Raw_Materials,USA,Canada,1170,3399.0,35,18,Sea,7487,2380.28,1,Clear,Medium,0.953,3782,107.04,4,High,0,9
SHP103076,Supplier_B,Electronics,Germany,UK,578,1119.0,26,27,Road,6888,2049.79,7,Clear,Medium,0.716,7859,116.65,0,Medium,1,23
SHP103077,Supplier_D,Raw_Materials,USA,USA,734,2719.0,14,8,Sea,9891,2111.85,7,Clear,High,0.889,7163,72.27,5,High,1,22
SHP103078,Supplier_A,Automotive,India,India,662,4191.0,26,20,Rail,14511,2682.01,0,Rain,Low,0.809,2823,108.75,1,Low,0,9
SHP103079,Supplier_A,Electronics,India,USA,235,2821.0,3,3,Road,9958,2542.46,2,Clear,Low,0.759,5923,76.63,3,Low,0,11
SHP103080,Supplier_E,Automotive,USA,India,745,4685.0,6,3,Sea,13211,3268.24,1,Storm,Medium,0.96,9202,109.53,4,Medium,1,14
SHP103081,Supplier_E,Consumer_Goods,Vietnam,Germany,264,4232.0,35,28,Rail,13730,2681.69,6,Rain,Medium,0.916,6139,114.44,4,High,1,19
SHP103082,Supplier_C,Automotive,India,Canada,1324,1458.0,53,27,Sea,9353,3075.02,7,Clear,Medium,0.799,9470,113.06,0,High,1,17
SHP103083,Supplier_D,Automotive,India,UK,265,3790.0,31,16,Sea,4761,1452.42,6,Snow,Medium,0.782,6666,102.64,1,Low,1,19
SHP103084,Supplier_A,Raw_Materials,Germany,USA,78,314.0,3,8,Air,14053,2271.06,2,Clear,High,0.913,6520,95.04,5,Medium,0,13
SHP103085,Supplier_E,Consumer_Goods,USA,USA,151,3898.0,8,8,Rail,3901,2643.28,1,Clear,Low,0.943,7921,113.73,5,Medium,0,10
SHP103086,Supplier_D,Automotive,India,USA,172,3143.0,10,6,Sea,5733,1116.92,1,Clear,Medium,0.908,3085,95.95,3,Low,0,13
SHP103087,Supplier_E,Automotive,Vietnam,USA,103,4848.0,29,14,Sea,7513,1462.33,0,Rain,Medium,0.886,6069,79.51,5,Low,0,13
SHP103088,Supplier_E,Consumer_Goods,China,Canada,1356,1523.0,21,20,Rail,1263,1589.25,3,Clear,Medium,0.766,2106,117.14,1,Medium,0,15
SHP103089,Supplier_A,Consumer_Goods,USA,India,1687,4331.0,13,12,Road,12171,2177.22,4,Clear,Medium,0.947,9223,88.66,5,High,0,14
SHP103090,Supplier_A,Electronics,Germany,Canada,1190,375.0,3,5,Air,1381,1659.62,1,Clear,Low,0.917,9928,101.22,2,Low,0,5
SHP103091,Supplier_E,Raw_Materials,India,Germany,665,1256.0,7,5,Road,10956,2347.59,0,Rain,Low,0.85,2848,79.96,5,Medium,0,9
SHP103092,Supplier_B,Consumer_Goods,Vietnam,Canada,606,4542.0,13,10,Rail,14816,2669.89,6,Clear,Low,0.848,4608,75.53,0,Medium,0,8
SHP103093,Supplier_E,Consumer_Goods,USA,Canada,163,1554.0,14,24,Air,11187,2371.66,2,Clear,Medium,0.865,9107,97.55,2,High,0,11
SHP103094,Supplier_E,Medical,Vietnam,Germany,904,3584.0,27,25,Road,8287,2162.1,5,Clear,Low,0.94,3677,97.73,5,Medium,1,16
SHP103095,Supplier_C,Consumer_Goods,Vietnam,Canada,1616,1490.0,59,27,Sea,9500,3390.99,6,Storm,Medium,0.915,1293,88.49,5,Low,1,24
SHP103096,Supplier_C,Raw_Materials,Germany,India,725,1005.0,8,3,Road,402,1438.82,7,Clear,Low,0.948,4196,85.59,5,Medium,1,16
SHP103097,Supplier_C,Automotive,USA,UK,1026,604.0,38,20,Sea,13905,3440.9,5,Clear,High,0.847,2571,88.71,2,High,0,17
SHP103098,Supplier_B,Automotive,India,Germany,750,3304.0,23,17,Road,9047,3270.82,3,Storm,High,0.881,7566,109.76,5,Medium,1,22
SHP103099,Supplier_B,Automotive,Germany,USA,1366,4189.0,17,27,Air,4359,1851.69,5,Clear,Medium,0.948,1268,87.89,4,Medium,1,17
SHP103100,Supplier_E,Automotive,India,India,1268,4627.0,23,23,Road,5863,2758.57,1,Rain,Medium,0.767,8073,116.07,5,Medium,1,15
SHP103101,Supplier_C,Medical,China,UK,341,2086.0,8,22,Air,9518,1865.88,2,Snow,High,0.829,4342,75.65,4,Low,1,20
SHP103102,Supplier_B,Consumer_Goods,Vietnam,India,1960,1336.0,37,19,Sea,8280,3680.06,1,Storm,Medium,0.88,6177,116.58,2,Medium,1,18
SHP103103,Supplier_A,Automotive,China,India,310,1247.0,13,27,Air,7675,2260.64,5,Clear,High,0.965,1879,104.48,5,High,1,17
SHP103104,Supplier_E,Electronics,Vietnam,USA,1280,4711.0,14,13,Road,9525,2572.99,4,Clear,Low,0.705,1058,87.22,1,Low,0,15
SHP103105,Supplier_D,Automotive,Germany,UK,613,2317.0,28,15,Sea,6078,2095.75,6,Clear,High,0.762,4891,70.34,0,Low,1,20
SHP103106,Supplier_E,Consumer_Goods,India,India,98,3679.0,54,27,Sea,14536,3178.09,7,Snow,Medium,0.768,1216,110.12,5,Low,1,28
SHP103107,Supplier_D,Automotive,India,USA,1079,3515.0,45,22,Sea,11809,3195.01,5,Snow,Low,0.795,6700,118.47,0,High,1,16
SHP103108,Supplier_C,Medical,Germany,Germany,428,,25,27,Road,9189,2512.21,7,Clear,High,0.782,8649,119.12,1,Low,1,20
SHP103109,Supplier_D,Raw_Materials,USA,USA,1467,2506.0,24,12,Sea,13170,4636.33,4,Rain,High,0.871,7246,91.17,2,Medium,1,15
SHP103110,Supplier_C,Raw_Materials,China,Canada,1959,520.0,13,15,Road,6190,2321.03,5,Storm,Medium,0.957,8978,73.53,0,Low,1,17
SHP103111,Supplier_A,Consumer_Goods,China,USA,273,1420.0,13,19,Air,8254,1463.27,3,Clear,High,0.885,7384,85.69,5,Low,1,16
SHP103112,Supplier_D,Raw_Materials,India,USA,1096,3182.0,10,23,Air,8283,1737.97,2,Clear,Low,0.77,5956,85.49,4,High,0,14
SHP103113,Supplier_E,Raw_Materials,India,USA,1057,721.0,7,3,Sea,5780,3359.34,4,Clear,Medium,0.95,1733,75.12,3,High,1,14
SHP103114,Supplier_C,Electronics,India,India,706,1224.0,26,22,Rail,6611,2464.12,0,Clear,Low,0.883,6950,96.24,4,Medium,0,12
SHP103115,Supplier_E,Consumer_Goods,Germany,UK,159,160.0,7,18,Air,11602,1450.79,3,Storm,Low,0.763,6348,100.23,1,Low,0,14
SHP103116,Supplier_B,Consumer_Goods,USA,USA,773,3609.0,8,18,Air,13114,1868.2,1,Storm,High,0.805,6571,106.44,3,Low,0,14
SHP103117,Supplier_C,Raw_Materials,China,USA,1885,1076.0,12,30,Air,3462,2518.03,5,Clear,Medium,0.929,8074,72.55,0,Low,0,14
SHP103118,Supplier_D,Raw_Materials,Vietnam,Canada,602,3604.0,23,23,Road,10711,3570.57,2,Clear,Low,0.914,3421,83.77,5,Medium,0,13
SHP103119,Supplier_C,Raw_Materials,Germany,Canada,1472,3283.0,55,29,Sea,11201,3566.09,2,Clear,Medium,0.867,4377,87.76,0,Medium,0,13
SHP103120,Supplier_E,Medical,China,Germany,1245,4489.0,5,5,Road,9746,2099.75,5,Rain,Low,0.742,9565,114.61,3,Medium,0,15
SHP103121,Supplier_A,Automotive,USA,Germany,1055,1522.0,2,4,Air,10619,1755.54,0,Rain,Medium,0.933,8104,115.07,0,Medium,0,4
SHP103122,Supplier_C,Medical,Germany,Canada,747,2429.0,4,8,Air,10655,2094.77,6,Clear,Low,0.789,7783,83.0,3,Medium,1,17
SHP103123,Supplier_D,Consumer_Goods,China,UK,775,4922.0,28,13,Sea,2112,1092.87,6,Rain,High,0.924,1111,94.37,2,High,1,16
SHP103124,Supplier_B,Electronics,Germany,Germany,355,3021.0,7,5,Road,1200,1100.81,4,Clear,Medium,0.888,9485,91.24,1,Medium,0,12
SHP103125,Supplier_A,Automotive,China,UK,1637,2431.0,26,28,Road,9107,3209.06,5,Clear,Medium,0.777,3469,96.34,5,Medium,1,23
SHP103126,Supplier_B,Electronics,China,Canada,1655,3340.0,2,3,Air,12538,3112.6,7,Snow,Medium,0.762,3198,84.31,4,Medium,1,20
SHP103127,Supplier_C,Consumer_Goods,USA,Germany,1781,4803.0,17,13,Rail,5204,2950.12,2,Clear,Medium,0.738,6293,93.15,3,Medium,1,16
SHP103128,Supplier_E,Consumer_Goods,Vietnam,USA,1008,1883.0,32,15,Sea,5715,2541.35,0,Clear,Low,0.77,8581,77.27,3,High,0,10
SHP103129,Supplier_E,Electronics,USA,Canada,1003,503.0,6,7,Road,9612,2994.98,6,Clear,Medium,0.746,9359,105.48,2,High,1,16
SHP103130,Supplier_D,Electronics,China,Germany,1224,790.0,37,20,Sea,13056,3534.5,0,Clear,Medium,0.879,1069,88.49,5,Medium,0,12
SHP103131,Supplier_E,Electronics,Germany,UK,1501,2430.0,8,17,Air,4602,2239.15,6,Rain,High,0.874,6956,97.12,5,Medium,1,22
SHP103132,Supplier_A,Consumer_Goods,USA,UK,670,2407.0,20,20,Road,10626,3156.09,1,Rain,Low,0.87,7074,100.23,4,High,0,11
SHP103133,Supplier_E,Raw_Materials,Vietnam,Germany,1540,1493.0,19,17,Road,7723,3194.29,0,Storm,High,0.886,3572,111.83,2,Medium,0,12
SHP103134,Supplier_D,Electronics,China,UK,679,3730.0,46,22,Sea,4687,1365.19,3,Clear,Low,0.936,2654,74.09,2,Medium,0,14
SHP103135,Supplier_C,Automotive,USA,Germany,926,1798.0,41,22,Sea,9324,2520.2,7,Clear,Low,0.965,3259,94.14,1,High,1,16
SHP103136,Supplier_C,Consumer_Goods,USA,Germany,1680,2451.0,46,22,Sea,6137,2524.35,2,Clear,Low,0.767,1101,,0,Medium,0,11
SHP103137,Supplier_E,Medical,USA,UK,1841,4969.0,7,9,Road,1255,2079.79,3,Rain,Low,0.87,6908,86.49,5,Low,0,18
SHP103138,Supplier_B,Medical,USA,India,605,3221.0,36,19,Sea,9392,1022.89,6,Clear,Medium,0.723,6708,92.23,5,Low,1,25
SHP103139,Supplier_C,Automotive,Germany,USA,116,4290.0,10,10,Road,11077,2385.96,0,Storm,High,0.735,2361,74.25,4,Medium,1,19
SHP103140,Supplier_E,Raw_Materials,Vietnam,Canada,1229,2056.0,15,30,Air,14566,,0,Clear,Low,0.89,9524,107.53,2,Medium,0,11
SHP103141,Supplier_D,Electronics,Vietnam,USA,884,1836.0,7,15,Air,1096,516.58,7,Clear,Medium,0.841,4260,74.25,0,High,1,14
SHP103142,Supplier_E,Consumer_Goods,China,Canada,255,1459.0,56,28,Sea,14299,4187.38,3,Clear,Medium,0.92,2122,101.55,0,Low,0,11
SHP103143,Supplier_C,Electronics,India,Canada,835,1812.0,6,18,Air,9727,1898.63,1,Snow,Medium,0.823,2957,88.71,0,Medium,0,7
SHP103144,Supplier_D,Consumer_Goods,Germany,USA,204,959.0,54,27,Sea,5309,890.51,0,Clear,Medium,0.737,9651,86.91,5,Medium,0,19
SHP103145,Supplier_E,Medical,China,Germany,1764,810.0,8,12,Air,2645,1874.52,3,Clear,High,0.953,7698,99.28,0,High,0,5
SHP103146,Supplier_A,Electronics,China,UK,1582,3290.0,16,16,Road,3800,3126.42,3,Clear,Low,0.724,5985,98.38,1,Medium,0,13
SHP103147,Supplier_D,Automotive,USA,India,1645,2739.0,8,8,Air,6865,785.78,7,Clear,High,0.755,7779,90.27,1,Medium,1,16
SHP103148,Supplier_A,Raw_Materials,India,India,1147,580.0,22,22,Road,5084,2637.64,2,Clear,Medium,0.78,1930,83.92,2,Medium,0,13
SHP103149,Supplier_B,Automotive,India,India,1122,1409.0,46,24,Sea,453,956.94,1,Clear,Medium,0.989,9502,95.41,0,Low,0,8
SHP103150,Supplier_D,Raw_Materials,Germany,USA,832,3868.0,35,28,Rail,2418,1933.7,4,Clear,Medium,0.821,3889,83.36,2,High,1,19
SHP103151,Supplier_A,Electronics,India,USA,1540,2077.0,14,9,Rail,13803,2953.29,3,Clear,Medium,0.845,6959,75.13,3,Low,0,15
SHP103152,Supplier_C,Electronics,China,Germany,634,2610.0,11,8,Rail,12819,2920.81,7,Clear,Low,0.923,8139,109.96,5,Medium,1,23
SHP103153,Supplier_C,Raw_Materials,India,India,757,2227.0,26,29,Road,9030,2153.73,7,Clear,Low,0.885,2758,105.12,1,Medium,1,17
SHP103154,Supplier_B,Medical,India,Germany,1984,1587.0,38,19,Sea,2619,2907.15,2,Rain,Medium,0.944,9081,74.22,1,Low,0,12
SHP103155,Supplier_D,Consumer_Goods,Vietnam,India,228,1323.0,24,23,Road,14167,2805.32,4,Clear,High,0.841,5341,78.13,5,Medium,1,17
SHP103156,Supplier_D,Automotive,China,USA,1121,2831.0,31,26,Rail,5527,2487.39,7,Clear,Low,0.982,9146,75.01,4,Medium,1,17
SHP103157,Supplier_D,Automotive,India,UK,1145,996.0,5,10,Air,4703,1677.29,7,Clear,Medium,0.931,1471,109.54,3,Low,1,14
SHP103158,Supplier_B,Automotive,India,UK,162,1348.0,26,14,Sea,8346,2367.15,2,Clear,Medium,0.816,5417,108.64,1,Medium,0,12
SHP103159,Supplier_D,Electronics,USA,UK,806,2561.0,13,28,Air,2184,1995.7,2,Rain,High,0.811,4180,90.4,0,Medium,0,11
SHP103160,Supplier_C,Automotive,India,UK,946,2238.0,52,27,Sea,999,1721.73,5,Rain,Medium,0.97,8816,111.07,5,Medium,1,19
SHP103161,Supplier_A,Consumer_Goods,India,Canada,1976,931.0,8,6,Sea,10394,4094.27,1,Rain,Low,0.898,2144,118.7,0,Low,0,5
SHP103162,Supplier_C,Consumer_Goods,Vietnam,India,870,1897.0,21,12,Sea,8815,2337.44,0,Clear,High,0.88,1098,118.52,5,Medium,0,11
SHP103163,Supplier_C,Raw_Materials,China,UK,208,2025.0,18,8,Sea,562,1363.57,1,Clear,Low,0.92,4649,119.04,0,Medium,0,6
SHP103164,Supplier_A,Electronics,Germany,Canada,835,4318.0,11,9,Rail,13084,2765.57,4,Clear,Medium,0.863,1493,112.32,5,High,1,12
SHP103165,Supplier_C,Consumer_Goods,China,Canada,1853,4618.0,50,23,Sea,1601,2425.46,5,Clear,Medium,0.746,3157,80.85,2,Medium,1,22
SHP103166,Supplier_B,Medical,USA,Canada,1889,3014.0,27,29,Road,14160,3569.5,7,Clear,Medium,0.793,5579,72.87,1,Low,1,22
SHP103167,Supplier_A,Electronics,China,Germany,1103,3113.0,21,10,Sea,12168,3626.66,1,Clear,High,0.862,3177,110.58,2,Medium,0,15
SHP103168,Supplier_C,Electronics,India,Germany,1170,3178.0,10,5,Sea,815,1684.07,7,Rain,High,0.705,9697,85.43,1,Medium,1,20
SHP103169,Supplier_E,Consumer_Goods,USA,Canada,300,547.0,20,10,Sea,5430,2675.78,0,Clear,High,0.827,7912,86.89,4,Medium,0,12
SHP103170,Supplier_C,Medical,China,UK,1592,2266.0,36,17,Sea,11589,3207.07,1,Snow,High,0.919,9552,73.65,2,High,1,16
SHP103171,Supplier_B,Raw_Materials,USA,India,1165,1038.0,43,23,Sea,7274,2075.8,1,Clear,Medium,0.748,9345,105.74,1,High,0,15
SHP103172,Supplier_D,Consumer_Goods,Germany,USA,162,2658.0,8,3,Sea,11071,1910.53,1,Rain,Low,0.719,9107,91.54,4,Medium,0,13
SHP103173,Supplier_C,Medical,China,Germany,308,2525.0,29,15,Sea,14234,2548.34,3,Clear,High,0.942,1532,80.21,1,Medium,0,10
SHP103174,Supplier_D,Electronics,India,UK,156,4564.0,25,24,Road,3711,1421.62,3,Storm,Medium,0.879,6666,102.62,3,Low,1,21
SHP103175,Supplier_E,Medical,USA,UK,624,1420.0,40,20,Sea,9280,3673.53,1,Clear,Low,0.751,3357,118.99,5,Medium,0,14
SHP103176,Supplier_C,Electronics,Vietnam,USA,1463,3638.0,37,17,Sea,10120,3656.28,0,Clear,Medium,0.934,7779,94.92,2,Medium,0,10
SHP103177,Supplier_A,Consumer_Goods,USA,USA,1040,2552.0,7,9,Road,311,1477.81,7,Clear,High,0.891,2969,100.32,0,Low,1,17
SHP103178,Supplier_D,Consumer_Goods,Vietnam,UK,1431,4859.0,6,17,Air,7456,1990.77,6,Snow,Low,0.797,5971,78.14,4,Low,1,20
SHP103179,Supplier_E,Automotive,India,USA,1856,228.0,55,27,Sea,11438,4477.69,0,Snow,High,0.809,8171,78.05,4,High,1,14
SHP103180,Supplier_A,Automotive,Germany,UK,1272,1979.0,3,5,Air,853,1131.27,0,Clear,Medium,0.745,1634,92.91,0,High,0,9
SHP103181,Supplier_A,Automotive,Vietnam,USA,476,2598.0,15,28,Air,3850,791.04,0,Rain,Low,0.942,3601,112.24,4,Medium,0,7
SHP103182,Supplier_A,Consumer_Goods,Germany,USA,1551,4884.0,11,16,Air,11981,2544.76,7,Clear,High,0.848,2192,115.46,0,Low,0,14
SHP103183,Supplier_A,Raw_Materials,USA,UK,908,161.0,11,22,Air,3322,1472.48,5,Clear,High,0.862,9928,102.09,0,Medium,0,14
SHP103184,Supplier_C,Consumer_Goods,India,Canada,1922,3269.0,2,6,Air,535,2295.03,5,Clear,Medium,0.956,6804,88.03,1,Low,0,9
SHP103185,Supplier_C,Medical,Vietnam,UK,1576,764.0,6,6,Road,10193,3473.01,2,Snow,Medium,0.705,1607,107.5,2,Low,1,16
SHP103186,Supplier_C,Consumer_Goods,USA,India,1731,1451.0,6,5,Air,12471,3276.04,1,Clear,Medium,0.719,7421,84.6,3,Low,0,15
SHP103187,Supplier_E,Consumer_Goods,China,USA,967,2974.0,15,7,Sea,9527,1810.63,6,Clear,High,0.747,6258,80.98,4,Medium,1,23
SHP103188,Supplier_E,Electronics,USA,Germany,1646,1431.0,37,27,Rail,9070,3161.36,6,Clear,Low,0.709,4065,109.77,1,Medium,1,22
SHP103189,Supplier_E,Electronics,Germany,USA,1193,3177.0,11,13,Road,5029,2277.02,1,Clear,Low,0.891,8866,107.57,3,Low,0,11
SHP103190,Supplier_B,Electronics,India,India,1646,4958.0,22,10,Sea,12144,4170.01,2,Clear,Medium,0.884,8253,114.11,3,Low,0,12
SHP103191,Supplier_E,Consumer_Goods,India,Germany,1382,3061.0,36,28,Rail,14896,2863.55,0,Clear,Medium,0.761,5326,98.82,4,Medium,0,12
SHP103192,Supplier_C,Raw_Materials,USA,Germany,1611,1258.0,5,4,Sea,2060,2319.48,4,Clear,Medium,0.743,6570,114.84,4,Medium,1,16
SHP103193,Supplier_C,Medical,China,UK,676,3175.0,15,30,Air,4372,1358.43,4,Clear,High,0.742,3037,71.32,1,High,1,18
SHP103194,Supplier_B,Medical,Germany,Canada,524,86.0,24,18,Rail,10098,2838.41,7,,High,0.976,3185,82.69,4,Medium,1,20
SHP103195,Supplier_B,Raw_Materials,USA,UK,601,1878.0,36,27,Rail,14747,3121.41,2,Clear,High,0.901,8505,110.22,3,Medium,0,13
SHP103196,Supplier_E,Raw_Materials,USA,Germany,393,3110.0,59,30,Sea,5913,1655.69,6,Storm,Medium,0.87,2179,91.18,4,Medium,1,23
SHP103197,Supplier_D,Medical,India,Germany,677,3391.0,14,12,Road,11522,1613.25,4,Clear,High,0.794,5702,81.97,5,Medium,1,20
SHP103198,Supplier_B,Automotive,Germany,Canada,185,3991.0,21,20,Road,1824,573.24,3,Rain,Medium,0.826,7935,109.81,5,Medium,1,17
SHP103199,Supplier_A,Electronics,China,USA,326,859.0,4,9,Air,8477,2215.54,1,Clear,Low,0.726,3744,111.11,1,High,0,12
SHP103200,Supplier_C,Electronics,India,Canada,1884,3122.0,6,7,Air,1594,987.53,4,Clear,Medium,0.989,3260,92.81,1,High,0,9
SHP103201,Supplier_A,Medical,USA,UK,1606,4168.0,19,9,Sea,2079,1460.67,7,Clear,Low,0.919,7120,93.33,1,Low,0,17
SHP103202,Supplier_C,Raw_Materials,India,USA,1972,1576.0,30,23,Rail,5528,3339.46,5,Rain,Medium,0.88,4498,109.05,4,High,1,18
SHP103203,Supplier_C,Automotive,India,UK,80,3569.0,14,30,Air,4153,1687.26,7,Storm,Medium,0.87,4413,108.57,2,High,1,22
SHP103204,Supplier_B,Medical,Vietnam,Canada,296,4941.0,12,8,Road,8537,1395.98,5,Clear,High,0.846,6478,113.33,1,High,0,11
SHP103205,Supplier_B,Electronics,India,USA,460,545.0,11,26,Air,14240,2378.63,6,Clear,Low,0.775,6798,102.28,2,Medium,1,17
SHP103206,Supplier_A,Consumer_Goods,India,Canada,76,474.0,5,3,Sea,12339,3321.93,6,Rain,Medium,0.766,9097,79.29,0,High,1,15
SHP103207,Supplier_C,Raw_Materials,Germany,India,122,2797.0,12,13,Road,7260,1780.27,3,Clear,Low,0.859,1205,97.49,1,Medium,0,15
SHP103208,Supplier_A,Consumer_Goods,India,Germany,1170,2115.0,15,15,Road,8675,2740.34,7,Rain,High,0.72,6380,89.12,2,Low,1,23
SHP103209,Supplier_D,Medical,China,USA,722,2032.0,8,14,Air,7309,2631.11,1,Clear,Medium,0.722,2809,71.35,2,High,0,11
SHP103210,Supplier_A,Electronics,USA,Germany,1419,1518.0,7,3,Sea,384,2911.11,7,Rain,Low,0.863,9939,79.83,3,Medium,1,19
SHP103211,Supplier_E,Automotive,Germany,India,525,3850.0,47,23,Sea,5183,1967.82,3,Clear,Low,0.967,7942,80.28,2,Low,0,12
SHP103212,Supplier_A,Consumer_Goods,India,USA,1373,1283.0,8,17,Air,4094,2682.12,1,Clear,Medium,0.965,3296,74.12,3,High,0,8
SHP103213,Supplier_E,Automotive,China,Germany,1372,1847.0,4,3,Air,8591,2908.46,1,Rain,Medium,0.703,5928,92.67,5,High,0,16
SHP103214,Supplier_E,Electronics,USA,Germany,336,614.0,3,5,Road,1000,962.55,6,Clear,Medium,0.731,6149,95.4,5,High,1,21
SHP103215,Supplier_E,Consumer_Goods,Germany,USA,1958,3069.0,54,28,Sea,1559,2814.67,4,Clear,Medium,0.869,4998,87.0,5,High,1,19
SHP103216,Supplier_D,Automotive,China,Germany,1522,1354.0,6,17,Air,13780,2140.16,7,Clear,Medium,0.946,6934,90.62,2,Medium,1,19
SHP103217,Supplier_A,Automotive,India,Germany,261,182.0,21,11,Sea,3021,1801.36,5,Clear,Low,0.977,1938,97.47,2,Medium,0,10
SHP103218,Supplier_A,Consumer_Goods,Vietnam,USA,1149,498.0,21,16,Rail,2633,1639.29,2,Clear,Medium,0.95,6250,76.02,0,High,0,7
SHP103219,Supplier_D,Electronics,Vietnam,Germany,450,1880.0,11,25,Air,6679,1372.18,4,Snow,High,0.897,5555,98.11,2,Low,1,16
SHP103220,Supplier_C,Automotive,Germany,Germany,704,2208.0,29,30,Road,905,1981.2,7,Rain,Medium,0.758,7538,105.5,4,High,1,23
SHP103221,Supplier_B,Medical,China,UK,1107,3676.0,14,24,Air,7695,1798.99,6,Clear,Low,0.721,8695,113.74,4,Medium,1,20
SHP103222,Supplier_A,Consumer_Goods,USA,UK,547,899.0,12,26,Air,2328,1550.06,0,Storm,High,0.714,7556,85.08,5,High,1,17
SHP103223,Supplier_B,Raw_Materials,China,India,897,4012.0,4,10,Air,2021,2091.29,3,Clear,Low,0.878,3164,107.37,4,Medium,0,14
SHP103224,Supplier_D,Raw_Materials,Vietnam,UK,1589,1530.0,49,24,Sea,5072,2641.71,6,Rain,Medium,0.71,6268,100.3,0,Low,1,19
SHP103225,Supplier_C,Electronics,Germany,UK,1401,950.0,3,6,Road,13081,3306.36,7,Clear,Medium,0.914,7252,95.14,2,High,1,16
SHP103226,Supplier_C,Medical,India,India,147,4904.0,42,22,Sea,2487,1036.92,0,Rain,Medium,0.907,7121,115.98,0,Medium,0,7
SHP103227,Supplier_C,Automotive,China,Germany,415,1589.0,24,22,Road,10830,1889.76,1,Rain,Low,0.723,3873,101.0,2,Low,0,14
SHP103228,Supplier_D,Raw_Materials,Vietnam,Germany,1802,1949.0,12,8,Sea,14930,4259.6,6,Rain,Low,0.963,2450,88.3,3,Low,1,19
SHP103229,Supplier_E,Electronics,USA,UK,512,2994.0,2,3,Air,2096,2987.65,4,Clear,High,0.851,6105,105.65,0,Medium,0,5
SHP103230,Supplier_E,Medical,Germany,India,77,3294.0,57,30,Sea,4925,2613.84,7,Clear,High,0.962,6636,117.99,5,Low,1,21
SHP103231,Supplier_B,Medical,India,Germany,762,564.0,19,20,Road,5382,1776.45,0,Clear,Medium,0.961,2203,115.91,4,High,0,7
SHP103232,Supplier_E,Electronics,China,Canada,1459,1641.0,5,8,Road,13969,3385.72,0,Clear,Low,0.757,8052,119.01,4,Low,0,11
SHP103233,Supplier_E,Electronics,USA,USA,322,133.0,14,16,Road,2603,1079.63,5,Clear,High,0.81,5491,74.75,4,Medium,1,21
SHP103234,Supplier_C,Automotive,India,USA,875,,28,13,Sea,204,935.77,6,Rain,Medium,0.739,4024,92.17,2,Medium,1,24
SHP103235,Supplier_C,Electronics,Vietnam,USA,1200,4943.0,19,19,Road,6962,2030.9,0,Storm,Medium,0.925,7144,91.63,2,Medium,0,12
SHP103236,Supplier_B,Automotive,Vietnam,UK,251,2177.0,6,11,Air,8730,1580.12,5,Clear,Medium,0.846,3055,89.19,0,Low,0,13
SHP103237,Supplier_A,Automotive,USA,USA,1594,1651.0,31,30,Road,1621,784.08,5,Clear,Medium,0.969,3191,78.92,5,Medium,1,17
SHP103238,Supplier_B,Consumer_Goods,Vietnam,USA,1360,4667.0,33,24,Rail,1451,1905.71,1,Storm,Medium,0.76,8832,111.61,1,Medium,1,18
SHP103239,Supplier_B,Medical,Germany,Canada,499,1272.0,4,9,Air,2798,1819.19,7,Storm,Medium,0.9,5728,103.65,2,Medium,1,16
SHP103240,Supplier_D,Medical,USA,Germany,1161,4379.0,32,16,Sea,3712,3310.02,5,Clear,Medium,0.987,6690,100.3,1,High,0,13
SHP103241,Supplier_D,Medical,Vietnam,Canada,1391,1892.0,30,30,Road,608,2099.39,1,Clear,High,0.893,5824,92.34,1,Medium,0,13
SHP103242,Supplier_B,Consumer_Goods,China,UK,68,2341.0,17,19,Road,12638,1836.3,5,Rain,Medium,0.72,4011,89.43,2,Medium,1,18
SHP103243,Supplier_B,Automotive,Vietnam,USA,1666,1639.0,5,10,Air,5410,1907.83,5,Rain,Medium,0.871,8619,109.32,0,Medium,0,13
SHP103244,Supplier_B,Automotive,Germany,Germany,1180,2946.0,40,30,Rail,6290,2409.07,6,Clear,Medium,0.752,9435,96.34,5,Medium,1,21
SHP103245,Supplier_E,Electronics,India,USA,1531,4538.0,20,18,Road,13266,3372.53,6,Rain,High,0.709,9331,100.38,1,Low,1,22
SHP103246,Supplier_D,Consumer_Goods,India,USA,360,58.0,5,14,Air,1374,1074.28,1,Rain,Low,0.797,3448,75.0,0,Low,0,9
SHP103247,Supplier_B,Electronics,Vietnam,UK,461,4758.0,9,14,Air,13405,2991.38,0,Clear,Low,0.777,1724,93.57,0,Medium,0,7
SHP103248,Supplier_C,Consumer_Goods,India,USA,791,764.0,29,30,Road,2922,1855.84,3,Rain,High,0.929,1103,76.52,5,Low,1,17
SHP103249,Supplier_C,Electronics,Vietnam,India,673,1977.0,17,30,Air,163,1431.05,4,Clear,Low,0.808,5047,72.69,2,High,0,12
SHP103250,Supplier_E,Raw_Materials,Germany,Germany,781,159.0,3,7,Air,4021,1914.25,4,Rain,Medium,0.913,1062,104.46,5,Medium,1,17
SHP103251,Supplier_E,Medical,India,Germany,684,4979.0,15,7,Sea,12707,2816.33,1,Clear,High,0.705,3062,83.74,1,High,0,14
SHP103252,Supplier_A,Medical,China,India,547,315.0,15,16,Road,959,609.68,0,Clear,Medium,0.704,4565,118.25,0,High,0,10
SHP103253,Supplier_A,Automotive,Vietnam,UK,293,3273.0,11,8,Road,11119,2248.2,6,Rain,Low,0.709,7584,100.27,1,High,1,18
SHP103254,Supplier_A,Raw_Materials,India,USA,739,1004.0,16,9,Sea,1647,1402.59,6,Rain,Medium,0.764,7668,102.26,0,Medium,0,13
SHP103255,Supplier_E,Medical,Germany,USA,626,1399.0,27,25,Road,2176,1784.81,3,Snow,High,0.808,5822,79.84,2,Medium,1,20
SHP103256,Supplier_E,Automotive,Germany,Germany,1453,1624.0,28,23,Rail,14062,3196.01,2,Clear,Medium,0.876,5833,76.44,0,Medium,0,11
SHP103257,Supplier_E,Raw_Materials,China,UK,564,2273.0,37,19,Sea,536,1991.14,6,Clear,Medium,0.986,4646,96.27,2,High,1,17
SHP103258,Supplier_C,Medical,Germany,UK,256,3881.0,32,29,Road,6185,2133.52,1,Snow,High,0.803,1129,116.28,2,Medium,0,13
SHP103259,Supplier_E,Electronics,Germany,UK,997,3305.0,16,11,Rail,14008,3983.67,2,Rain,Medium,0.716,4015,72.79,1,Low,0,15
SHP103260,Supplier_C,Consumer_Goods,India,USA,443,1108.0,25,24,Road,3757,2369.14,4,Snow,High,0.757,8669,95.41,1,Low,1,20
SHP103261,Supplier_A,Raw_Materials,Vietnam,UK,1094,2007.0,15,15,Road,862,1993.21,4,Clear,Medium,0.96,6290,79.94,5,Medium,0,9
SHP103262,Supplier_A,Automotive,USA,India,1878,4994.0,8,11,Air,835,1522.54,6,Clear,Medium,0.903,1926,109.1,1,Medium,0,13
SHP103263,Supplier_A,Raw_Materials,Germany,Canada,1600,3197.0,59,29,Sea,7314,2998.98,3,Clear,Medium,0.929,2980,104.1,3,Medium,1,15
SHP103264,Supplier_B,Automotive,Germany,UK,1416,2569.0,36,18,Sea,7684,2656.38,7,Storm,Low,0.736,6525,74.86,1,High,1,20
SHP103265,Supplier_B,Raw_Materials,USA,Canada,767,3703.0,7,6,Road,11956,2772.18,3,Storm,Medium,0.739,2819,100.82,1,Medium,1,17
SHP103266,Supplier_D,Automotive,Germany,USA,251,2620.0,5,4,Rail,4194,1875.83,2,Clear,Medium,0.733,6107,119.18,5,Medium,1,16
SHP103267,Supplier_D,Medical,India,UK,169,2977.0,7,15,Air,6694,1461.39,7,Clear,Medium,0.949,5783,96.41,0,Low,1,13
SHP103268,Supplier_D,Electronics,India,Germany,1722,3937.0,6,15,Air,4828,2584.29,6,Clear,Medium,0.761,3895,84.27,5,Medium,1,20
SHP103269,Supplier_B,Medical,USA,USA,1885,937.0,8,21,Air,9870,2502.67,4,Rain,High,0.887,2756,77.61,3,Low,0,14
SHP103270,Supplier_B,Electronics,Germany,India,1880,794.0,15,14,Road,3829,1472.35,3,Clear,Medium,0.85,3327,,3,Medium,0,14
SHP103271,Supplier_D,Medical,Germany,India,438,3564.0,3,6,Air,7341,1951.45,3,Rain,High,0.858,4196,98.19,0,High,0,11
SHP103272,Supplier_D,Medical,Vietnam,Canada,1610,2980.0,9,12,Road,1176,1891.69,7,Clear,Medium,0.757,4653,88.73,1,Medium,1,18
SHP103273,Supplier_E,Raw_Materials,Germany,Canada,1897,2729.0,35,18,Sea,10572,3883.26,4,Clear,Medium,0.884,7254,80.72,5,Low,1,18
SHP103274,Supplier_D,Consumer_Goods,India,Germany,283,225.0,60,30,Sea,1930,1856.93,6,Clear,Medium,0.712,5259,117.51,4,High,1,24
SHP103275,Supplier_E,Automotive,China,Germany,1706,615.0,12,26,Air,10190,2738.82,4,Rain,Medium,0.988,1414,101.35,2,Medium,0,13
SHP103276,Supplier_C,Automotive,China,India,651,3267.0,28,21,Rail,12587,2131.75,0,Clear,High,0.708,7337,72.88,3,Medium,0,16
SHP103277,Supplier_B,Automotive,China,UK,1393,4407.0,16,10,Sea,773,1718.77,5,Storm,Low,0.715,9146,72.97,0,Medium,1,19
SHP103278,Supplier_D,Electronics,China,India,761,4676.0,14,8,Rail,648,2281.88,3,Rain,Medium,0.794,3870,116.97,4,Medium,1,18
SHP103279,Supplier_B,Automotive,Germany,India,1031,1444.0,13,6,Sea,9228,3258.01,2,Clear,Low,0.941,7252,105.5,2,Low,0,11
SHP103280,Supplier_B,Automotive,Germany,Germany,1253,1270.0,2,9,Air,14532,3483.84,6,Clear,Medium,0.775,1398,75.17,4,High,1,20
SHP103281,Supplier_B,Raw_Materials,Vietnam,Canada,906,997.0,2,16,Air,12436,2365.86,1,Storm,Medium,0.837,4970,101.19,1,Low,0,11
SHP103282,Supplier_C,Medical,Germany,Germany,1441,634.0,38,29,Rail,995,2351.03,1,Clear,Low,0.705,9320,90.97,0,Low,0,13
SHP103283,Supplier_A,Automotive,China,Germany,125,2912.0,13,15,Road,2669,1796.07,4,Clear,Medium,0.723,7570,109.44,2,Medium,0,16
SHP103284,Supplier_D,Consumer_Goods,USA,Germany,698,1670.0,12,23,Air,10379,1454.01,5,Snow,High,0.876,2050,83.69,2,Medium,1,18
SHP103285,Supplier_A,Automotive,USA,India,699,3405.0,9,7,Road,1013,1569.79,6,Rain,High,0.756,3952,89.14,1,Low,1,18
SHP103286,Supplier_A,Electronics,India,UK,545,2399.0,20,11,Sea,1276,1526.63,6,Clear,Low,0.901,1343,78.37,1,Low,1,15
SHP103287,Supplier_A,Electronics,India,India,1595,3241.0,11,5,Sea,7373,2552.11,2,Clear,Medium,0.928,1603,82.62,1,Medium,0,5
SHP103288,Supplier_B,Electronics,Germany,USA,1274,3257.0,8,12,Air,6796,1613.69,0,Storm,High,0.947,8036,79.46,0,High,0,8
SHP103289,Supplier_E,Automotive,USA,Germany,879,2626.0,18,17,Road,13063,3813.73,7,Clear,Low,0.739,5828,71.22,3,Low,1,21
SHP103290,Supplier_B,Raw_Materials,China,Germany,1419,581.0,14,22,Air,4965,2162.31,3,Clear,Medium,0.832,6932,72.31,4,Low,0,18
SHP103291,Supplier_B,Consumer_Goods,China,USA,532,1281.0,44,23,Sea,4406,2621.45,0,Clear,High,0.975,5251,111.78,0,High,0,7
SHP103292,Supplier_A,Automotive,China,Germany,1292,2043.0,35,19,Sea,3373,2815.94,6,Clear,Low,0.924,7583,110.19,0,Medium,0,16
SHP103293,Supplier_B,Raw_Materials,Germany,Germany,1133,1747.0,9,25,Air,6676,2119.86,2,Snow,High,0.734,3148,77.04,4,Medium,1,18
SHP103294,Supplier_A,Raw_Materials,Germany,Germany,1040,3420.0,52,26,Sea,15000,3338.87,0,Rain,Medium,0.846,7044,103.39,2,Medium,0,11
SHP103295,Supplier_E,Automotive,Vietnam,USA,1732,1595.0,5,8,Air,12534,3440.66,4,Rain,Low,0.967,1747,107.28,4,Medium,0,15
SHP103296,Supplier_D,Automotive,China,India,668,3215.0,55,27,Sea,1622,1556.29,1,Snow,Medium,0.828,9691,72.56,1,High,0,12
SHP103297,Supplier_A,Raw_Materials,China,Germany,599,1487.0,6,5,Rail,6525,2072.42,4,Clear,Medium,0.943,4356,74.43,2,Low,0,8
SHP103298,Supplier_E,Raw_Materials,Germany,UK,695,420.0,41,20,Sea,7577,2646.25,3,Clear,Medium,0.844,6188,98.15,0,Medium,0,15
SHP103299,Supplier_D,Raw_Materials,Germany,USA,1984,4554.0,15,7,Sea,2902,3025.76,4,Rain,Medium,0.731,6898,88.71,4,Low,1,23
SHP103300,Supplier_C,Automotive,Vietnam,Canada,1294,666.0,31,15,Sea,3222,2678.44,2,Clear,Medium,0.743,1385,104.97,0,Medium,0,12
SHP103301,Supplier_A,Raw_Materials,Vietnam,USA,1888,4216.0,55,27,Sea,12882,3752.05,6,Clear,Medium,0.714,5233,97.88,5,Low,1,25
SHP103302,Supplier_A,Electronics,India,India,551,4064.0,31,29,Road,2556,1777.11,2,Clear,Low,0.757,7246,71.55,0,Medium,0,10
SHP103303,Supplier_C,Automotive,USA,USA,1206,4229.0,2,3,Air,1749,2143.55,3,Clear,High,0.959,2735,104.18,4,Medium,0,15
SHP103304,Supplier_C,Electronics,China,Canada,895,2306.0,23,19,Rail,2420,1834.29,3,Clear,Medium,0.889,3557,80.2,5,Medium,1,18
SHP103305,Supplier_A,Medical,China,UK,102,4404.0,29,28,Road,10797,2398.55,1,Clear,High,0.914,5822,85.63,5,High,0,13
SHP103306,Supplier_C,Automotive,Vietnam,Canada,499,3360.0,2,5,Road,1243,2109.87,0,Clear,High,0.88,2178,106.82,5,High,0,11
SHP103307,Supplier_B,Medical,Vietnam,USA,111,981.0,14,28,Air,12064,2567.91,1,Clear,Medium,0.812,1879,108.56,0,Medium,0,13
SHP103308,Supplier_D,Raw_Materials,India,Canada,1096,2379.0,13,21,Air,8337,1697.72,4,Clear,Low,0.763,2505,87.29,3,Medium,1,19
SHP103309,Supplier_D,Raw_Materials,USA,USA,93,443.0,49,23,Sea,3414,1080.95,0,Clear,High,0.968,6328,74.46,3,Low,0,12
SHP103310,Supplier_D,Consumer_Goods,India,UK,869,2515.0,30,22,Rail,4506,1979.37,3,Snow,High,0.849,2006,108.48,0,Low,0,16
SHP103311,Supplier_B,Raw_Materials,USA,UK,1631,3327.0,49,24,Sea,2709,2343.22,2,Snow,Low,0.84,6297,113.51,2,Low,0,15
SHP103312,Supplier_C,Medical,China,India,708,1979.0,9,14,Air,12718,1894.31,4,Rain,Medium,0.989,4657,118.22,2,High,0,10
SHP103313,Supplier_E,Raw_Materials,India,UK,777,675.0,6,10,Air,12398,2938.75,7,Snow,Low,0.811,6109,85.89,2,High,1,19
SHP103314,Supplier_C,Automotive,Vietnam,Germany,901,4707.0,11,10,Road,13295,2457.51,1,Snow,Low,0.948,1272,76.19,2,Medium,0,12
SHP103315,Supplier_A,Raw_Materials,India,Canada,96,2929.0,21,17,Road,7691,2488.79,6,Clear,Medium,0.95,3895,116.88,3,Medium,1,15
SHP103316,Supplier_D,Consumer_Goods,India,Canada,1932,3216.0,7,13,Air,3219,1468.18,5,Clear,Low,0.767,4095,89.99,2,Medium,1,16
SHP103317,Supplier_C,Raw_Materials,China,USA,869,3472.0,11,22,Air,1500,1830.13,5,Snow,High,0.728,2606,74.68,4,Medium,1,23
SHP103318,Supplier_E,Medical,Vietnam,UK,1097,2159.0,9,3,Sea,9883,3568.75,3,Rain,High,0.983,3447,94.94,2,Medium,0,10
SHP103319,Supplier_A,Medical,Vietnam,India,1730,1215.0,36,18,Sea,8299,3479.7,6,Clear,Medium,0.824,7496,79.53,4,Medium,1,21
SHP103320,Supplier_B,Raw_Materials,Germany,India,138,2831.0,17,16,Road,9275,1833.03,0,Rain,Low,0.701,2324,87.76,3,Low,0,13
SHP103321,Supplier_B,Medical,Germany,India,1247,1941.0,11,9,Road,3697,2055.51,5,Clear,Medium,0.845,4902,86.02,4,High,1,16
SHP103322,Supplier_E,Medical,Germany,Germany,1649,3232.0,6,8,Road,10042,3163.1,0,Clear,Medium,0.88,8210,119.36,5,Medium,0,13
SHP103323,Supplier_A,Consumer_Goods,China,UK,1192,1689.0,11,23,Air,5589,2355.16,2,Clear,Medium,0.925,4122,101.98,4,High,0,11
SHP103324,Supplier_D,Automotive,India,India,784,831.0,5,6,Road,3611,1695.29,3,Clear,Low,0.973,5866,94.59,0,Medium,0,5
SHP103325,Supplier_C,Consumer_Goods,Vietnam,Germany,1741,4742.0,30,24,Rail,3928,2544.01,7,Clear,Medium,0.965,2729,95.69,4,High,1,20
SHP103326,Supplier_A,Electronics,Vietnam,Canada,227,2106.0,15,10,Rail,665,1306.02,3,Storm,Medium,0.973,6354,100.2,5,Medium,1,17
SHP103327,Supplier_B,Consumer_Goods,India,USA,1068,2373.0,29,24,Rail,7751,2631.9,4,Clear,High,0.709,5585,113.64,0,High,1,17
SHP103328,Supplier_E,Raw_Materials,Vietnam,UK,1905,2324.0,41,21,Sea,10612,3374.89,4,Clear,High,0.906,3722,77.3,5,High,1,20
SHP103329,Supplier_E,Automotive,India,UK,1997,2283.0,28,27,Road,9192,2816.06,6,Clear,Medium,0.765,5676,99.98,2,Low,1,20
SHP103330,Supplier_C,Raw_Materials,China,Canada,1415,2688.0,6,5,Rail,10470,3035.81,0,Rain,Medium,0.754,3894,86.11,4,Low,0,13
SHP103331,Supplier_E,Electronics,China,UK,1641,3337.0,7,6,Road,11884,2403.96,7,Snow,Low,0.932,8648,98.57,4,High,1,17
SHP103332,Supplier_E,Automotive,China,UK,1132,2530.0,31,15,Sea,2871,2119.07,5,Clear,Low,0.821,2961,95.89,1,Low,1,17
SHP103333,Supplier_A,Medical,India,UK,950,2666.0,31,23,Rail,6877,2350.3,5,Clear,High,0.966,7568,71.5,2,Medium,1,18
SHP103334,Supplier_D,Consumer_Goods,India,UK,487,405.0,60,29,Sea,213,1270.2,1,Clear,Medium,0.712,5862,99.12,4,Medium,1,21
SHP103335,Supplier_C,Raw_Materials,USA,Germany,1501,4537.0,7,4,Air,631,2073.37,7,Rain,Low,0.933,3675,105.46,4,Low,1,19
SHP103336,Supplier_A,Electronics,Vietnam,Germany,475,4724.0,8,13,Air,9814,2135.87,0,Clear,Medium,0.74,2939,82.3,1,Medium,0,12
SHP103337,Supplier_D,Medical,Vietnam,USA,1017,3396.0,18,18,Road,3510,2275.23,5,Clear,High,0.751,1013,75.34,0,Medium,0,15
SHP103338,Supplier_A,Consumer_Goods,USA,UK,1454,3572.0,25,12,Sea,9336,3371.88,4,Clear,Medium,0.838,1745,80.58,2,Low,0,14
SHP103339,Supplier_A,Medical,USA,Canada,535,2517.0,8,17,Air,5939,2746.32,4,Clear,Low,0.815,9162,101.82,1,Medium,0,10
SHP103340,Supplier_E,Consumer_Goods,China,India,1805,213.0,31,29,Road,8324,2977.96,7,Storm,High,0.841,5570,93.44,2,High,1,23
SHP103341,Supplier_D,Automotive,USA,USA,1258,3684.0,13,12,Road,8424,3078.39,4,Clear,Medium,0.973,8709,113.27,2,Medium,0,11
SHP103342,Supplier_C,Medical,India,India,1632,4783.0,7,4,Road,11259,3043.7,0,Clear,Medium,0.891,3946,84.25,0,High,0,8
SHP103343,Supplier_C,Medical,Germany,India,509,3713.0,3,8,Air,1826,1337.22,3,Storm,Medium,0.784,4182,88.25,0,Low,1,14
SHP103344,Supplier_D,Medical,India,UK,1962,3304.0,15,16,Road,5170,2256.45,6,Storm,High,0.75,4486,96.4,3,Medium,1,23
SHP103345,Supplier_E,Automotive,USA,Canada,970,3431.0,2,4,Air,8317,2169.3,1,Clear,High,0.822,7564,93.0,1,Low,0,11
SHP103346,Supplier_B,Electronics,Vietnam,India,1175,2114.0,23,12,Sea,2748,1799.52,1,Snow,Medium,0.831,5506,97.39,5,Low,1,19
SHP103347,Supplier_A,Consumer_Goods,India,India,1629,4315.0,39,19,Sea,12932,4530.14,4,Rain,Low,0.874,5078,85.6,1,Medium,1,15
SHP103348,Supplier_E,Medical,Vietnam,USA,1088,4034.0,11,10,Road,9553,2662.27,2,Clear,Medium,0.777,2907,78.33,2,Low,0,14
SHP103349,Supplier_D,Automotive,India,Canada,797,3937.0,57,28,Sea,2165,2166.42,7,Clear,Low,0.923,4991,110.17,3,Low,1,21
SHP103350,Supplier_A,Electronics,Vietnam,Canada,1946,389.0,5,18,Air,11637,2139.5,0,Clear,Low,0.729,2647,71.96,3,High,0,14
SHP103351,Supplier_C,Consumer_Goods,India,India,100,4871.0,30,16,Sea,1033,300.0,7,Clear,Medium,0.863,5776,88.49,2,High,0,15
SHP103352,Supplier_B,Automotive,Vietnam,Canada,358,3831.0,24,12,Sea,14724,2986.77,5,Clear,Low,0.881,3663,74.37,0,Low,0,12
SHP103353,Supplier_C,Consumer_Goods,Germany,USA,1107,3640.0,20,15,Rail,1150,1123.43,7,Rain,High,0.76,9127,106.82,3,Medium,1,26
SHP103354,Supplier_D,Medical,China,USA,1709,1983.0,7,3,Rail,9108,1712.99,5,Storm,Low,0.94,2882,88.28,1,Low,0,14
SHP103355,Supplier_A,Electronics,India,USA,1054,1695.0,4,12,Air,6130,2374.76,7,Clear,Medium,0.878,1328,71.5,0,High,1,16
SHP103356,Supplier_D,Automotive,Germany,UK,1662,4278.0,10,24,Air,12495,3099.93,7,Clear,Low,0.887,5367,73.79,4,Medium,1,14
SHP103357,Supplier_A,Electronics,China,India,1977,2737.0,5,14,Air,7216,2244.01,6,Clear,Medium,0.844,5717,79.93,3,Medium,1,16
SHP103358,Supplier_E,Medical,India,Canada,684,4968.0,19,19,Road,5143,2009.35,3,Rain,Low,0.964,6600,109.35,2,Medium,0,8
SHP103359,Supplier_B,Electronics,Germany,USA,254,2176.0,14,26,Air,9029,2862.08,4,Rain,Medium,0.901,3166,109.96,1,Low,0,13
SHP103360,Supplier_E,Electronics,Germany,India,789,4491.0,7,16,Air,6567,,2,Clear,High,0.811,1381,119.83,3,Low,0,14
SHP103361,Supplier_E,Raw_Materials,Germany,India,1143,4754.0,14,7,Sea,11206,3768.08,4,Rain,High,0.769,5144,82.05,2,Medium,1,18
SHP103362,Supplier_D,Electronics,USA,UK,1303,688.0,8,21,Air,3702,1665.34,7,Clear,Medium,0.721,4881,73.02,1,High,1,21
SHP103363,Supplier_B,Consumer_Goods,Vietnam,Canada,1553,1274.0,2,7,Air,6978,2083.95,7,Rain,Low,0.748,9108,84.16,3,High,1,20
SHP103364,Supplier_A,Automotive,China,Canada,582,3755.0,33,17,Sea,892,779.31,2,Clear,Low,0.988,7747,78.94,1,High,0,9
SHP103365,Supplier_A,Raw_Materials,Vietnam,USA,157,3960.0,32,15,Sea,11467,2724.25,1,Clear,Medium,0.818,3199,105.52,4,Low,1,13
SHP103366,Supplier_C,Automotive,Vietnam,USA,925,4295.0,37,19,Sea,6063,2965.72,2,Clear,Low,0.961,4532,118.46,1,High,0,6
SHP103367,Supplier_A,Automotive,Vietnam,India,1314,1599.0,4,3,Rail,9647,3051.09,1,Storm,Medium,0.749,3729,83.65,2,Medium,1,14
SHP103368,Supplier_D,Medical,Germany,Canada,300,4195.0,13,30,Air,1485,1050.87,1,Rain,High,0.823,9787,86.43,3,Medium,0,13
SHP103369,Supplier_E,Medical,Vietnam,Canada,184,1555.0,30,16,Sea,12284,2393.42,7,Snow,High,0.979,9038,87.56,2,High,1,17
SHP103370,Supplier_E,Raw_Materials,USA,USA,1163,4480.0,9,6,Rail,12676,4133.32,0,Clear,High,0.726,4910,112.85,4,Medium,0,11
SHP103371,Supplier_E,Medical,India,Germany,1664,1425.0,34,27,Rail,13855,3421.55,6,Clear,High,0.872,4496,98.9,5,Medium,1,22
SHP103372,Supplier_B,Medical,Germany,India,1513,717.0,19,11,Sea,1160,2064.52,2,Clear,Medium,0.967,8502,118.7,0,Medium,0,8
SHP103373,Supplier_A,Medical,China,Canada,738,2424.0,16,19,Road,9663,1666.62,3,Rain,Medium,0.975,4800,101.36,1,High,0,13
SHP103374,Supplier_D,Automotive,India,UK,1371,4140.0,5,5,Air,8023,3347.48,3,Storm,Medium,0.945,9162,105.29,2,High,0,14
SHP103375,Supplier_B,Raw_Materials,India,UK,456,1065.0,12,15,Road,4238,713.21,2,Storm,High,0.948,3636,74.46,5,Low,1,18
SHP103376,Supplier_C,Automotive,India,Germany,1381,385.0,20,14,Rail,1249,2553.93,6,Rain,Medium,0.889,3823,117.58,3,High,1,23
SHP103377,Supplier_D,Consumer_Goods,Vietnam,USA,151,4811.0,37,18,Sea,14444,3348.17,0,Rain,Medium,0.764,2492,101.4,3,High,0,12
SHP103378,Supplier_D,Automotive,Vietnam,USA,1434,130.0,11,6,Sea,7793,2881.96,3,Snow,Medium,0.912,4316,96.01,0,Medium,0,11
SHP103379,Supplier_D,Consumer_Goods,Germany,USA,1920,2184.0,11,20,Air,11494,3167.21,4,Clear,Low,0.984,7775,89.37,3,Low,0,12
SHP103380,Supplier_E,Electronics,Vietnam,UK,1697,1849.0,25,25,Road,7592,2966.45,3,Storm,Medium,0.853,4902,73.85,4,Medium,1,18
SHP103381,Supplier_D,Electronics,Vietnam,USA,742,307.0,11,5,Sea,6427,3433.8,7,Snow,Medium,0.776,5937,76.67,0,High,1,16
SHP103382,Supplier_A,Consumer_Goods,Vietnam,UK,1689,234.0,15,19,Road,3453,3140.01,0,Clear,Medium,0.866,8417,70.58,4,Medium,0,10
SHP103383,Supplier_D,Consumer_Goods,Germany,Germany,1601,172.0,2,3,Air,11234,3336.65,1,Rain,Medium,0.9,5584,119.93,1,Low,0,9
SHP103384,Supplier_E,Automotive,Germany,India,1681,4750.0,41,21,Sea,13464,4293.54,1,Clear,Medium,0.76,7394,109.31,4,Medium,0,17
SHP103385,Supplier_D,Consumer_Goods,USA,Canada,1366,3564.0,47,24,Sea,6069,3215.27,1,Clear,Low,0.909,9172,109.87,1,High,0,6
SHP103386,Supplier_C,Raw_Materials,USA,Germany,1219,1444.0,5,6,Air,4728,2193.67,7,Rain,Medium,0.87,7457,106.5,4,High,1,16
SHP103387,Supplier_C,Electronics,USA,UK,453,2402.0,14,19,Air,3548,1652.33,0,Clear,High,0.878,4296,94.21,0,Low,0,6
SHP103388,Supplier_E,Electronics,USA,Germany,863,3269.0,21,9,Sea,13706,3081.75,1,Clear,Medium,0.789,6784,74.41,1,Medium,0,11
SHP103389,Supplier_A,Consumer_Goods,India,Canada,1075,1358.0,6,4,Road,5427,2056.25,6,Storm,Medium,0.745,8223,73.61,5,High,1,21
SHP103390,Supplier_A,Medical,India,India,1192,3994.0,12,14,Road,11339,3375.07,1,Clear,Medium,0.881,9164,115.82,4,Low,0,9
SHP103391,Supplier_B,Medical,USA,Canada,904,1991.0,8,7,Road,11002,2605.44,0,Clear,High,0.87,6560,70.02,4,Low,0,9
SHP103392,Supplier_E,Consumer_Goods,USA,UK,1679,540.0,35,18,Sea,9792,3879.15,7,Rain,Medium,0.798,1974,104.96,3,Medium,1,22
SHP103393,Supplier_D,Raw_Materials,China,Canada,1264,,12,10,Rail,14381,3237.85,4,Clear,Low,0.786,7276,101.43,4,Medium,1,16
SHP103394,Supplier_E,Medical,India,Germany,1076,751.0,29,25,Road,5149,2122.66,3,Clear,High,0.801,7224,95.06,3,Low,1,19
SHP103395,Supplier_B,Consumer_Goods,China,USA,991,2984.0,54,29,Sea,168,1173.38,0,Clear,High,0.842,7493,118.75,4,High,0,15
SHP103396,Supplier_E,Raw_Materials,China,Germany,1070,4745.0,16,30,Air,10158,2795.71,0,Clear,High,0.983,2670,79.91,2,Medium,0,10
SHP103397,Supplier_E,Raw_Materials,Vietnam,UK,1560,1184.0,21,10,Sea,10240,2740.93,2,Clear,Medium,0.921,8118,109.26,3,Medium,0,12
SHP103398,Supplier_B,Automotive,Germany,India,1696,129.0,21,15,Rail,12193,3784.8,1,Storm,High,0.947,9184,103.74,0,Medium,0,9
SHP103399,Supplier_A,Raw_Materials,India,Canada,226,885.0,58,28,Sea,3608,976.85,5,Clear,Medium,0.847,6171,118.72,0,Medium,1,16
SHP103400,Supplier_D,Medical,USA,India,1330,701.0,33,16,Sea,400,1612.6,4,Clear,Medium,0.853,7637,116.7,1,Medium,0,12
SHP103401,Supplier_B,Medical,USA,UK,922,466.0,7,13,Air,12414,2023.87,5,Snow,High,0.759,5805,76.43,5,Medium,1,23
SHP103402,Supplier_C,Consumer_Goods,Germany,Canada,1607,3730.0,6,8,Road,11269,3555.42,2,Storm,High,0.909,7761,85.39,5,Medium,1,17
SHP103403,Supplier_A,Consumer_Goods,India,Germany,526,3916.0,36,18,Sea,6897,1731.05,4,Clear,Medium,0.822,3803,112.54,0,Medium,0,16
SHP103404,Supplier_C,Raw_Materials,USA,Germany,447,795.0,52,25,Sea,2700,1468.62,1,Clear,High,0.915,4816,81.43,1,High,0,12
SHP103405,Supplier_A,Electronics,USA,UK,1569,2052.0,53,27,Sea,2253,2217.54,5,Rain,Low,0.819,6133,88.93,0,High,0,17
SHP103406,Supplier_D,Automotive,Vietnam,Canada,269,289.0,49,24,Sea,12973,2808.78,7,Rain,Low,0.731,5079,101.3,3,High,1,19
SHP103407,Supplier_D,Electronics,China,Germany,222,2943.0,56,27,Sea,5005,2144.93,1,Rain,Medium,0.75,9075,98.15,2,Low,0,15
SHP103408,Supplier_E,Raw_Materials,USA,UK,785,1994.0,33,17,Sea,13021,3295.21,1,Clear,Medium,0.935,9773,102.03,1,Low,0,10
SHP103409,Supplier_C,Raw_Materials,India,UK,1463,905.0,21,18,Road,4118,2255.0,3,,Low,0.775,7262,105.67,2,High,0,15
SHP103410,Supplier_A,Electronics,Germany,India,551,3565.0,16,15,Road,14126,2381.71,4,Clear,Medium,0.777,8818,106.44,4,Low,1,19
SHP103411,Supplier_D,Automotive,Vietnam,Germany,1650,2696.0,11,14,Road,3182,1873.77,4,Rain,Low,0.97,4557,106.88,4,Low,0,12
SHP103412,Supplier_B,Electronics,India,Canada,1862,3244.0,10,20,Air,7174,2029.57,2,Rain,Medium,0.891,8350,119.58,2,Medium,1,15
SHP103413,Supplier_D,Consumer_Goods,Vietnam,Germany,810,4565.0,18,20,Road,13046,2635.23,7,Clear,High,0.733,3382,87.83,3,High,1,22
SHP103414,Supplier_B,Medical,China,Germany,1333,4854.0,6,16,Air,1339,2425.02,0,Clear,Medium,0.742,6681,72.21,2,High,0,11
SHP103415,Supplier_A,Consumer_Goods,USA,Germany,180,2648.0,2,4,Air,11225,2109.53,1,Snow,Medium,0.779,1230,87.44,2,Medium,0,13
SHP103416,Supplier_D,Medical,India,UK,1186,1403.0,35,24,Rail,10660,3083.76,1,Clear,High,0.872,7454,115.58,2,High,0,10
SHP103417,Supplier_D,Raw_Materials,Germany,USA,847,2085.0,2,4,Road,559,630.52,5,Clear,Medium,0.918,2883,74.17,1,Medium,0,10
SHP103418,Supplier_A,Automotive,China,USA,848,2930.0,10,5,Sea,12320,3869.94,2,Rain,High,0.78,7031,102.35,1,Medium,0,14
SHP103419,Supplier_D,Electronics,China,India,979,729.0,34,26,Rail,8082,3307.61,4,Clear,Medium,0.952,9876,91.16,2,Low,0,13
SHP103420,Supplier_B,Automotive,Vietnam,Germany,772,536.0,12,10,Rail,2726,1406.91,3,Clear,High,0.732,5176,116.08,5,Medium,1,18
SHP103421,Supplier_D,Electronics,China,USA,1093,3670.0,11,13,Road,3863,1612.95,4,Clear,High,0.76,5483,116.43,3,High,1,16
SHP103422,Supplier_C,Consumer_Goods,India,India,264,3700.0,13,14,Road,7120,2611.07,3,Rain,Medium,0.981,5922,109.26,4,Low,0,10
SHP103423,Supplier_E,Consumer_Goods,Vietnam,UK,1383,4768.0,5,6,Road,2901,2211.42,3,Clear,Medium,0.739,2368,74.93,4,Medium,1,17
SHP103424,Supplier_B,Electronics,China,Germany,1324,1488.0,7,11,Air,12547,3597.65,4,Storm,Medium,0.958,3266,71.24,4,High,1,18
SHP103425,Supplier_C,Automotive,Germany,Canada,537,4364.0,11,26,Air,563,1758.82,5,Clear,Medium,0.904,1651,76.83,0,Low,0,14
SHP103426,Supplier_A,Electronics,India,UK,1455,1534.0,22,19,Road,1097,949.51,1,Rain,Medium,0.721,3110,86.09,3,Low,0,12
SHP103427,Supplier_B,Raw_Materials,Germany,India,1482,740.0,52,26,Sea,5741,3613.04,3,Clear,Medium,0.84,4098,82.07,1,High,0,14
SHP103428,Supplier_E,Consumer_Goods,Germany,UK,1344,1062.0,12,18,Air,6484,2307.98,5,Clear,Medium,0.851,3755,88.49,4,Low,1,20
SHP103429,Supplier_E,Raw_Materials,Vietnam,Canada,1480,4592.0,38,19,Sea,13323,3869.29,2,Rain,Medium,0.97,8548,77.15,1,Medium,0,10
SHP103430,Supplier_A,Consumer_Goods,USA,UK,1765,2397.0,31,17,Sea,11298,3940.59,2,Clear,High,0.822,5048,107.63,1,Medium,0,14
SHP103431,Supplier_A,Consumer_Goods,Vietnam,India,1267,3758.0,27,22,Rail,1778,2002.1,3,Rain,High,0.83,2177,112.26,1,Medium,0,16
SHP103432,Supplier_B,Medical,India,Canada,1514,4520.0,29,28,Road,964,1207.68,1,Clear,Low,0.733,8749,94.4,5,Low,0,14
SHP103433,Supplier_D,Raw_Materials,India,Canada,362,1972.0,46,24,Sea,9482,3280.97,3,Clear,Low,0.885,3556,117.83,1,Medium,0,10
SHP103434,Supplier_A,Raw_Materials,Vietnam,UK,128,687.0,12,9,Rail,7836,1548.73,2,Clear,Low,0.761,7794,76.02,2,Low,0,9
SHP103435,Supplier_D,Medical,USA,Canada,229,3058.0,16,12,Rail,2797,1137.35,6,Rain,Low,0.722,8596,75.29,1,Low,1,17
SHP103436,Supplier_C,Automotive,Vietnam,UK,1053,2283.0,13,6,Sea,10666,3444.51,2,Clear,Low,0.989,3084,80.02,0,Medium,0,4
SHP103437,Supplier_E,Raw_Materials,India,Germany,724,2175.0,35,26,Rail,9156,3443.98,4,Storm,High,0.778,3471,119.1,1,Low,1,20
SHP103438,Supplier_D,Electronics,USA,Canada,1787,3507.0,52,26,Sea,10868,3772.57,6,Clear,High,0.741,5778,90.82,4,Medium,1,25
SHP103439,Supplier_E,Medical,India,UK,63,4339.0,6,16,Air,12207,2260.62,1,Clear,Medium,0.903,3385,116.21,1,Low,0,10
SHP103440,Supplier_D,Raw_Materials,USA,Germany,908,3224.0,7,16,Air,13684,3343.13,4,Clear,Medium,0.938,9157,80.1,4,Medium,1,12
SHP103441,Supplier_C,Automotive,USA,Canada,295,3738.0,16,16,Road,3026,1756.96,6,Clear,Medium,0.719,1918,112.31,1,High,1,17
SHP103442,Supplier_A,Raw_Materials,Vietnam,Germany,1087,1449.0,55,27,Sea,14323,3951.36,5,Clear,High,0.731,5747,85.5,3,Medium,1,22
SHP103443,Supplier_C,Consumer_Goods,Vietnam,Canada,148,2384.0,15,16,Road,7642,416.62,6,Rain,High,0.726,6736,106.72,2,Medium,1,16
SHP103444,Supplier_A,Electronics,Vietnam,India,82,1555.0,24,24,Road,4529,1377.51,5,Clear,Low,0.714,6581,118.72,4,Medium,1,19
SHP103445,Supplier_A,Medical,USA,India,1509,299.0,15,22,Air,7510,2631.99,5,Clear,Low,0.891,2081,116.65,0,High,0,11
SHP103446,Supplier_E,Consumer_Goods,USA,UK,306,585.0,12,20,Air,14031,2534.3,6,Snow,Low,0.871,9567,111.57,1,High,1,15
SHP103447,Supplier_C,Automotive,India,USA,83,3582.0,36,17,Sea,7318,2339.02,6,,Medium,0.892,8866,72.51,4,Medium,1,20
SHP103448,Supplier_D,Consumer_Goods,Germany,India,68,3599.0,12,25,Air,7125,1005.93,0,Clear,Medium,0.847,8623,100.39,5,Low,0,11
SHP103449,Supplier_C,Consumer_Goods,Vietnam,USA,1737,507.0,28,28,Road,2497,1839.21,6,Clear,Medium,0.937,7550,111.77,2,Medium,1,17
SHP103450,Supplier_E,Automotive,India,Germany,1333,2788.0,42,21,Sea,2321,2737.34,5,Clear,High,0.859,3103,89.97,5,Medium,1,21
SHP103451,Supplier_A,Consumer_Goods,India,Germany,1749,3419.0,59,29,Sea,14551,4907.31,3,Clear,Medium,0.966,6635,106.56,1,Low,0,15
SHP103452,Supplier_E,Medical,China,USA,638,4185.0,28,15,Sea,5914,1628.94,4,Clear,High,0.841,6916,76.91,2,Low,1,17
SHP103453,Supplier_B,Raw_Materials,Vietnam,UK,1899,3746.0,12,14,Road,6604,2910.72,5,Clear,Low,0.929,9208,78.84,0,Medium,0,13
SHP103454,Supplier_B,Consumer_Goods,India,Canada,1489,3461.0,18,21,Road,7622,2593.03,1,Rain,Low,0.818,1432,102.19,4,High,0,15
SHP103455,Supplier_D,Medical,China,USA,186,4119.0,29,21,Rail,5885,1374.9,7,Rain,Medium,0.826,5050,91.86,0,High,0,18
SHP103456,Supplier_E,Raw_Materials,Vietnam,USA,408,3437.0,23,22,Road,10074,1597.21,6,Rain,Low,0.946,1236,80.91,2,Medium,1,15
SHP103457,Supplier_D,Raw_Materials,USA,USA,1793,3235.0,7,4,Sea,6319,2707.22,5,Clear,High,0.731,1306,84.14,3,High,1,18
SHP103458,Supplier_D,Consumer_Goods,China,USA,803,3288.0,10,23,Air,4098,1344.04,3,Clear,Low,0.864,6881,100.95,3,Medium,0,13
SHP103459,Supplier_B,Medical,USA,USA,1652,310.0,6,5,Road,2903,3094.06,7,Clear,Medium,0.911,1023,106.27,5,Medium,1,22
SHP103460,Supplier_D,Consumer_Goods,Germany,UK,1189,1297.0,17,12,Rail,13492,3501.08,6,Clear,Low,0.918,6419,80.38,4,High,1,16
SHP103461,Supplier_B,Automotive,Germany,India,453,3383.0,7,7,Air,12459,2557.2,3,Clear,Medium,0.872,1680,117.76,1,Low,0,11
SHP103462,Supplier_A,Raw_Materials,Germany,Canada,1275,3372.0,26,14,Sea,4647,1892.23,7,Clear,High,0.83,2515,70.41,5,Low,1,26
SHP103463,Supplier_E,Consumer_Goods,Germany,India,1449,2623.0,4,9,Air,11250,3484.3,7,Clear,High,0.776,1951,105.0,0,High,1,20
SHP103464,Supplier_D,Raw_Materials,India,USA,299,175.0,11,11,Road,10070,2861.73,3,Rain,Medium,0.964,6407,84.55,3,High,0,12
SHP103465,Supplier_B,Medical,Germany,India,495,1279.0,9,4,Sea,6610,2319.76,3,Clear,High,0.807,1414,93.93,3,High,1,16
SHP103466,Supplier_C,Electronics,India,UK,1003,3261.0,15,27,Air,9117,2403.19,3,Snow,Medium,0.932,5848,98.49,1,Low,0,12
SHP103467,Supplier_D,Consumer_Goods,India,Germany,327,3183.0,15,12,Rail,3761,1634.85,1,Rain,Medium,0.709,5511,98.08,0,Medium,0,12
SHP103468,Supplier_A,Consumer_Goods,Vietnam,India,161,1356.0,16,8,Sea,13723,3355.46,0,Clear,High,0.767,5971,108.81,2,Medium,0,12
SHP103469,Supplier_A,Raw_Materials,India,Canada,1916,2151.0,27,14,Sea,11661,3379.59,2,Clear,Medium,0.8,5985,111.19,5,Low,1,17
SHP103470,Supplier_C,Medical,India,UK,1546,185.0,13,8,Sea,11387,3093.29,0,Rain,Medium,0.895,8969,73.67,3,Medium,0,9
SHP103471,Supplier_B,Automotive,Germany,Germany,795,2427.0,56,29,Sea,10449,2619.41,2,Rain,Medium,0.793,8650,105.15,4,Medium,1,16
SHP103472,Supplier_D,Medical,India,UK,737,1509.0,9,5,Sea,151,1235.59,4,Clear,Medium,0.712,6370,89.95,4,Low,1,21
SHP103473,Supplier_B,Consumer_Goods,USA,USA,441,4281.0,25,12,Sea,6158,2311.31,6,Clear,Low,0.75,7521,110.93,2,High,1,18
SHP103474,Supplier_A,Automotive,Germany,Germany,1018,862.0,18,11,Sea,11653,3856.44,3,Clear,Low,0.775,6457,100.44,1,Medium,0,13
SHP103475,Supplier_B,Medical,China,Canada,192,901.0,23,22,Road,3615,1769.79,4,,High,0.751,1449,70.51,1,Medium,0,14
SHP103476,Supplier_A,Electronics,Germany,Germany,1105,1794.0,8,7,Road,12854,2259.69,4,Snow,Medium,0.759,8328,103.32,5,Medium,1,20
SHP103477,Supplier_B,Raw_Materials,India,Canada,230,1988.0,9,5,Sea,3430,2574.94,6,Clear,Medium,0.923,9283,116.29,3,High,1,15
SHP103478,Supplier_C,Medical,USA,USA,628,920.0,18,7,Sea,7591,3467.13,2,Clear,High,0.819,7628,74.15,5,Medium,1,14
SHP103479,Supplier_E,Medical,Germany,Canada,1589,684.0,11,10,Road,1774,2928.04,1,Clear,Medium,0.818,8586,94.71,3,Medium,0,13
SHP103480,Supplier_C,Electronics,USA,UK,847,718.0,5,10,Air,6128,1629.52,3,Storm,Medium,0.98,3951,101.29,3,Low,1,15
SHP103481,Supplier_C,Consumer_Goods,China,India,318,1343.0,8,16,Air,11157,1815.67,7,Rain,High,0.83,4125,79.79,2,Medium,1,20
SHP103482,Supplier_E,Raw_Materials,China,UK,1309,3138.0,48,26,Sea,1461,1374.28,5,Rain,High,0.969,7744,102.53,2,Medium,1,14
SHP103483,Supplier_E,Medical,Vietnam,UK,1350,318.0,23,24,Road,9078,2809.25,6,Storm,Medium,0.787,2537,72.49,3,Medium,1,24
SHP103484,Supplier_D,Automotive,Vietnam,Germany,602,910.0,8,19,Air,655,1505.57,7,Storm,Medium,0.816,4168,115.28,1,Medium,1,21
SHP103485,Supplier_D,Medical,Germany,USA,682,531.0,14,13,Road,10331,2330.24,6,Rain,Medium,0.815,6687,108.13,0,Medium,1,16
SHP103486,Supplier_C,Raw_Materials,Vietnam,India,324,3340.0,27,28,Road,14694,2338.39,7,Clear,Medium,0.858,2895,117.05,3,Medium,1,20
SHP103487,Supplier_C,Medical,USA,Canada,792,3440.0,24,18,Rail,7892,2464.46,4,Clear,Medium,0.869,8803,90.92,1,Medium,0,12
SHP103488,Supplier_A,Electronics,Vietnam,Germany,1889,1311.0,12,30,Air,10054,2743.57,0,Rain,Medium,0.772,9376,71.71,1,Low,0,12
SHP103489,Supplier_A,Medical,USA,USA,135,2382.0,11,8,Road,2212,1374.13,7,Clear,Low,0.93,2456,87.08,4,Medium,1,19
SHP103490,Supplier_D,Medical,Vietnam,India,1136,152.0,16,30,Air,2310,2536.66,3,Rain,Low,0.844,2494,95.79,5,High,1,13
SHP103491,Supplier_D,Automotive,Vietnam,UK,453,3844.0,26,13,Sea,1801,1916.32,7,,Medium,0.702,6060,116.79,0,Low,1,22
SHP103492,Supplier_A,Electronics,Vietnam,USA,241,4937.0,23,12,Sea,10378,2723.58,1,Rain,High,0.871,2750,114.15,3,Low,0,15
SHP103493,Supplier_A,Electronics,India,USA,1366,4384.0,52,25,Sea,2812,2484.28,3,Clear,Low,0.931,7487,99.7,0,Low,0,12
SHP103494,Supplier_B,Medical,India,USA,1104,2742.0,10,11,Road,6563,,5,Clear,Low,0.773,1173,106.49,3,Low,0,16
SHP103495,Supplier_B,Automotive,Vietnam,UK,1403,3721.0,14,30,Air,10699,2767.98,5,Rain,Medium,0.711,5312,117.69,5,High,1,22
SHP103496,Supplier_A,Medical,USA,Canada,1731,931.0,52,26,Sea,2416,2828.8,4,Clear,Medium,0.934,4277,112.53,0,Medium,0,10
SHP103497,Supplier_B,Medical,Germany,Germany,156,2285.0,17,29,Air,14759,2864.74,7,Rain,Low,0.983,3021,102.94,0,Low,0,14
SHP103498,Supplier_E,Raw_Materials,China,Canada,1944,3084.0,29,30,Road,6569,3209.47,0,Clear,Low,0.722,6698,97.0,1,High,0,11
SHP103499,Supplier_D,Raw_Materials,India,India,671,4939.0,14,26,Air,1710,1294.21,4,Snow,Medium,0.972,2396,93.8,0,Low,0,15
SHP103500,Supplier_D,Automotive,Vietnam,Germany,325,2627.0,15,17,Road,4452,2319.37,1,Storm,High,0.804,1173,107.83,0,Medium,1,13
